Workbook

Sheet Queries
A1: Data | B1: Queries
A2: Refrence Data | B2: https://careem-insights.careem-engineering.com/sqllab?savedQueryId=432380
A3: New Launch Success | B3: https://careem-insights.careem-engineering.com/sqllab?savedQueryId=432384

Sheet Category Saturation
A1: Key | B1: Concentration Index | C1: SKU Efficiency | D1: W/D | E1: Score
A2: =B2&C2&D2 -> LowHighWidth | B2: Low | C2: High | D2: Width | E2: 100
A3: =B3&C3&D3 -> LowHighDepth | B3: Low | C3: High | D3: Depth | E3: 90
A4: =B4&C4&D4 -> LowLowWidth | B4: Low | C4: Low | D4: Width | E4: 40
A5: =B5&C5&D5 -> LowLowDepth | B5: Low | C5: Low | D5: Depth | E5: 15
A6: =B6&C6&D6 -> MediumHighWidth | B6: Medium | C6: High | D6: Width | E6: 10
A7: =B7&C7&D7 -> MediumHighDepth | B7: Medium | C7: High | D7: Depth | E7: 60
A8: =B8&C8&D8 -> MediumLowWidth | B8: Medium | C8: Low | D8: Width | E8: 25
A9: =B9&C9&D9 -> MediumLowDepth | B9: Medium | C9: Low | D9: Depth | E9: 50
A10: =B10&C10&D10 -> HighHighWidth | B10: High | C10: High | D10: Width | E10: 25
A11: =B11&C11&D11 -> HighHighDepth | B11: High | C11: High | D11: Depth | E11: 0
A12: =B12&C12&D12 -> HighLowWidth | B12: High | C12: Low | D12: Width | E12: 15
A13: =B13&C13&D13 -> HighLowDepth | B13: High | C13: Low | D13: Depth | E13: 0
B18: SATURATION MATRIX — How Concentration Index × Width/Depth → Score
B19: The New SKU Submission sheet looks up the score from the VLOOKUP table at the bottom. The visual matrix above explains the logic in plain English.
B21: HOW TO READ THIS TABLE
B22: Concentration Index = % of subcategory-bucket ROS earned by the top 20% of SKUs. If top 20% earn >70% of ROS → HIGH concentration: a few SKUs dominate. Very hard to break in. If top 20% earn 50-70% → MEDIUM: competitive but fragmented enough for a good new SKU. If top 20% earn <50% → LOW: demand genuinely spread. Most new entries find their niche. SKU Efficiency = total bucket ROS ÷ total SKUs in bucket (network units/day per SKU on average). HIGH = each slot earns ≥ 0.5/store/day on average — a productive bucket worth competing in. LOW = average slot underperforming — adding more risks further dilution. Width = SKU introduces something not currently in range at this subcat-bucket (new brand, new dietary profile, new flavour family, new format, new ingredient). Depth = SKU adds within existing coverage (another flavour variant, another size, different brand in same slot).
B25: Concentration (Do pareto SKUs hold all the demand) | C25: SKU efficiency | D25: W / D | E25: Score | F25: What it means — and what to do
B26: LOW (<50%) | C26: HIGH | D26: Width | E26: 100 | F26: Best possible entry. Market is fragmented and productive — no dominant players, every SKU earning above floor. A genuinely new addition has space to find its own demand without competing with entrenched winners.
B27: demand spread | C27: avg sku earns well | D27: Depth | E27: 100 | F27: Also clear. Fragmented + productive means another variant can still carve its own share. There are no entrenched winners to displace and the bucket can absorb it.
B28: across many SKUs | C28: LOW | D28: Width | E28: 50 | F28: Proceed carefully. Market is fragmented — no one dominates — but average SKU is weak. Width may actually improve bucket efficiency by bringing in a demand type that's missing. The right move; but the weak efficiency is a warning sign worth watching.
C29: avg sku underperforming | D29: Depth | E29: 25 | F29: Conditional. Fragmented but underperforming. The range is already diluted — adding another variant of the same thing adds to the supply side without fixing the demand problem. Needs a strong velocity signal to override.
B30: MEDIUM (50-70%) | C30: HIGH | D30: Width | E30: 100 | F30: Clear. Competitive but productive. Width enters a different demand space so it isn't fighting the existing leaders — it's finding adjacent customers the current range doesn't serve. Strong case.
B31: some leaders but | C31: avg slot earns well | D31: Depth | E31: 50 | F31: Conditional. Productive market, but Depth means competing directly with functional existing SKUs that are already earning. You need a specific reason this variant wins over what's already there. Justify differentiation explicitly.
B32: not locked | C32: LOW | D32: Width | E32: 50 | F32: Conditional. Competitive + struggling. Width is the better bet since you're not competing with the leaders for the same demand. But the underlying efficiency problem means even good SKUs struggle here. Something is structurally wrong with this bucket.
C33: avg SKU underperforming | D33: Depth | E33: 25 | F33: Review — high risk. Competitive, underperforming, and adding another variant into the same need space. This SKU is nearly certain to become slow tail. Needs exceptional velocity signal AND explicit plan to delist an offset SKU first.
B34: HIGH | C34: HIGH | D34: Width | E34: 50 | F34: Conditional — must be truly distinct. A few SKUs dominate and earn a lot. Width at least approaches from a different angle — not directly competing with the winners. But customer loyalty is already committed to the dominant SKUs. Only proceed if the Width entry is genuinely differentiated, not just a different brand of the same thing.
B35: top 20% SKUs own | C35: avg SKU earns well | D35: Depth | E35: 0 | F35: Block. Dominant SKUs own the market and every SKU is productive. Adding Depth means competing head-on with entrenched winners. Customers already prefer the dominant SKUs — your variant will not beat them. This is the most common cause of new listing failure.
B36: >70% of ROS | C36: LOW | D36: Width | E36: 25 | F36: Review — structurally broken bucket. A few SKUs dominate but the average SKU is still weak — meaning even the winners aren't winning by much. The whole bucket has a demand problem. Width gives the best shot but the structural failure means even new demand types struggle here. Very risky.
C37: avg SKU underperforming | D37: Depth | E37: 0 | F37: Block. Concentrated + underperforming = worst case. The market is locked by a few weak winners, average SKUs do nothing, and you want to add a variant. There is no commercial logic that supports this. Do not proceed regardless of supplier terms or other signals.

Sheet Depth or Width
B1: WIDTH OR DEPTH? — CM fills Yes/No for each attribute. Result is auto-calculated.
B2: WIDTH = new SKU introduces something not currently available in this subcat-bucket. DEPTH = adds within existing coverage. WIDTH additions are treated more favourably in concentrated markets (see Saturation Matrix).
B4: WHAT EACH ATTRIBUTE MEANS (read before filling the table)
B5: Attribute | C5: What YES means
B6: New Format | C6: Is the physical product format genuinely different? e.g. first protein bar in a biscuit bucket, first wafer in a chocolate bucket. Usually determined by the subcategory itself.
B7: New Brand | C7: Is this a brand not currently listed in this subcategory-bucket? A new global brand counts. A second SKU from a brand already present = No.
B8: New Flavour | C8: Does this SKU introduce a flavour FAMILY not present? e.g. first Spicy/Hot chip when only Salted/Plain and Cheese exist. Adding another BBQ variant when BBQ already exists = No. | P8: Item Description | Q8: Brand | R8: Primary Category | S8: Primary Subcategory | T8: Category | U8: Tag | V8: Addition Type | W8: Reason
B9: New Size | C9: Does this SKU introduce a pack occasion not present? The 4 occasions: Impulse <50g, Snack 50-150g, Sharing 150-400g, Gifting >400g. Another Snack when Snack already exists = No. | P9: Kamasutra Condom Ultrathin Pack of 3 pcs | Q9: Kamasutra | R9: Adult Care | S9: Condoms | T9: Condoms | V9: Depth | W9: Brand already present in subcategory "Condoms"
B10: New Ingredient | C10: Does this SKU use a base ingredient not in the bucket? e.g. first chickpea chip, first oat biscuit, first date-based bar. Standard potato/wheat/corn = No. | P10: Kamasutra Condom Ribbed Pack of 3 pcs | Q10: Kamasutra | R10: Adult Care | S10: Condoms | T10: Condoms | V10: Depth | W10: Brand already present in subcategory "Condoms"
B11: New Price Point | C11: Does this SKU fill a price gap — no existing SKU within ±2 AED in this subcat-bucket? | P11: Kamasutra Condom Intensity Pack of 3 pcs | Q11: Kamasutra | R11: Adult Care | S11: Condoms | T11: Condoms | V11: Depth | W11: Brand already present in subcategory "Condoms"
P12: Kamasutra Condom Xtra Pleasure Pack of 12 pcs | Q12: Kamasutra | R12: Adult Care | S12: Condoms | T12: Condoms | V12: Depth | W12: Brand already present in subcategory "Condoms"
B13: DECISION RULE | P13: Kamasutra Condom Xtra Pleasure Pack of 3 pcs | Q13: Kamasutra | R13: Adult Care | S13: Condoms | T13: Condoms | V13: Depth | W13: Brand already present in subcategory "Condoms"
B14: WIDTH: if any of the following = Yes → New Format, New Brand, New Flavour, New Ingredient DEPTH: if all of the above are No — only New Size or New Price Point might be Yes, or all are No. Key principle: Width = genuinely different customer need or segment. Depth = same need, another option. | P14: Kamasutra Condom Ribbed Pack of 12 pcs | Q14: Kamasutra | R14: Adult Care | S14: Condoms | T14: Condoms | V14: Depth | W14: Brand already present in subcategory "Condoms"
P15: Kamasutra Condom Dotted Pack of 3 pcs | Q15: Kamasutra | R15: Adult Care | S15: Condoms | T15: Condoms | U15: On Hold | V15: Depth | W15: Brand already present in subcategory "Condoms"
B16: SKU ATTRIBUTE TABLE — CM fills Yes/No (result auto-calculates in last column) | P16: Kamasutra Condom Wet N Wild Pack of 12 pcs | Q16: Kamasutra | R16: Adult Care | S16: Condoms | T16: Condoms | V16: Depth | W16: Brand already present in subcategory "Condoms"
B17: Proposed SKU Name | C17: New Format? | D17: New Brand? | E17: New Flavour? | F17: New Size? | G17: New Ingredient? | H17: New Price Point? | I17: WIDTH or DEPTH? (auto from cols C-H) | P17: Kamasutra Condom Wet N Wild Pack of 3 pcs | Q17: Kamasutra | R17: Adult Care | S17: Condoms | T17: Condoms | V17: Depth | W17: Brand already present in subcategory "Condoms"
B18: Enter SKU name | C18: Yes/No | D18: Yes/No | E18: Yes/No | F18: Yes/No | G18: Yes/No | H18: Yes/No | I18: Auto: Width if New Format/Brand/Flavour/Ingredient = Yes. Else Depth. | L18: Or can be done using an AI tool | P18: S-26 Gold Stage 4 ProKids, 3-6 Years 800 g | Q18: S-26 | R18: Baby Essentials | S18: Milk Formula | T18: Milk Formula | V18: Depth | W18: Brand already present in subcategory "Milk Formula"
B19: Pringles Wavy BBQ 137g | C19: No | D19: No | E19: No | F19: Yes | G19: No | H19: No | I19: Depth | P19: S-26 Gold Stage 3, 1-3 Years 1.6 kg | Q19: S-26 | R19: Baby Essentials | S19: Milk Formula | T19: Milk Formula | V19: Depth | W19: Brand already present in subcategory "Milk Formula"
B20: Takis Fuego Rolled Tortilla 92g | C20: No | D20: Yes | E20: No | F20: Yes | G20: No | H20: No | I20: Width | L20: Or simple inputs from CMs | P20: S-26 Gold Stage 1, 0-6 Months 800 g | Q20: S-26 | R20: Baby Essentials | S20: Milk Formula | T20: Milk Formula | V20: Depth | W20: Brand already present in subcategory "Milk Formula"
B21: Hippeas Chickpea Puffs 78g | C21: No | D21: Yes | E21: No | F21: No | G21: Yes | H21: No | I21: Width | P21: Cerelac Grains & Milk Pouch in Wheat & Honey 110 g | Q21: Cerelac | R21: Baby Essentials | S21: Baby Food | T21: Baby Food | V21: Depth | W21: Brand already present in subcategory "Baby Food"
B22: Doritos Dinamita Chilli Lime 127g | C22: No | D22: No | E22: No | F22: Yes | G22: No | H22: No | I22: Depth | P22: Cerelac Grains & Milk Pouch in 5 Cereals 110 g | Q22: Cerelac | R22: Baby Essentials | S22: Baby Food | T22: Baby Food | V22: Depth | W22: Brand already present in subcategory "Baby Food"
B23: Act II Butter Popcorn 100g | C23: No | D23: Yes | E23: No | F23: No | G23: No | H23: No | I23: Width | P23: Cerelac Grains & Milk Pouch in Mango 110 g | Q23: Cerelac | R23: Baby Essentials | S23: Baby Food | T23: Baby Food | V23: Depth | W23: Brand already present in subcategory "Baby Food"
B24: Skinny Pop Original 77g | C24: No | D24: Yes | E24: No | F24: No | G24: Yes | H24: No | I24: Width | P24: S-26 Gold Stage 4 Kid Dual Pack 800 g x 2 | Q24: S-26 | R24: Baby Essentials | S24: Milk Formula | T24: Milk Formula | V24: Depth | W24: Brand already present in subcategory "Milk Formula"
B25: Cheetos Flamin Hot 80g | C25: No | D25: No | E25: No | F25: Yes | G25: No | H25: No | I25: Depth | P25: Cerelac Fruits Puree Pouch in Banana, Apple, Orange & Biscuit Value Pack 90 g x 4 | Q25: Cerelac | R25: Baby Essentials | S25: Baby Food | T25: Baby Food | U25: Phase Out | V25: Depth | W25: Brand already present in subcategory "Baby Food"
B26: Bayara Cashews Roasted 300g | C26: No | D26: No | E26: No | F26: No | G26: No | H26: Yes | I26: Depth | P26: Gerber Organic Puree Pouch in Mango 90 g x 4 | Q26: Gerber | R26: Baby Essentials | S26: Baby Food | T26: Baby Food | U26: Phase Out | V26: Depth | W26: Brand already present in subcategory "Baby Food"
B27: Blue Diamond Almonds Smokehouse 170g | C27: No | D27: Yes | E27: No | F27: Yes | G27: No | H27: No | I27: Width | P27: Cerelac Fruits Puree Pouch in Apple, Carrot & Mango Value Pack 90 g x 4 | Q27: Cerelac | R27: Baby Essentials | S27: Baby Food | T27: Baby Food | U27: Phase Out | V27: Depth | W27: Brand already present in subcategory "Baby Food"
B28: Wonderful Pistachios 113g | C28: No | D28: Yes | E28: No | F28: No | G28: Yes | H28: No | I28: Width | P28: Be Fit Brown Pita Wrapper | Q28: Befit | R28: Bakery | S28: Tortilla & Wraps | T28: Tortilla & Wraps | U28: Phase Out | V28: Depth | W28: Brand already present in subcategory "Tortilla & Wraps"
B29: Halabi Premium Nuts Tin 400g | C29: No | D29: No | E29: No | F29: No | G29: No | H29: No | I29: Depth | P29: Special Ginger House Assembled | Q29: Bakemart | R29: Bakery | S29: Cakes, Croissants & Pastries | T29: Cakes, Croissants & Pastries | U29: Phase Out | V29: Depth | W29: Brand already present in subcategory "Cakes, Croissants & Pastries"
B30: Ritz Crisp Thins Sea Salt 105g | C30: No | D30: Yes | E30: No | F30: No | G30: No | H30: No | I30: Width | P30: Special Ginger House Kit | Q30: Bakemart | R30: Bakery | S30: Cakes, Croissants & Pastries | T30: Cakes, Croissants & Pastries | V30: Depth | W30: Brand already present in subcategory "Cakes, Croissants & Pastries"
B31: Snyder's Pretzels Honey Mustard 125g | C31: No | D31: Yes | E31: No | F31: Yes | G31: No | H31: No | I31: Width | P31: Plum Cake Rich Fruit-Mono Portion | Q31: Bakemart | R31: Bakery | S31: Cakes, Croissants & Pastries | T31: Cakes, Croissants & Pastries | V31: Depth | W31: Brand already present in subcategory "Cakes, Croissants & Pastries"
B32: Doritos Family Pack Nacho 300g | C32: No | D32: No | E32: No | F32: No | G32: No | H32: Yes | I32: Depth | P32: Christmas Pudding | Q32: Bakemart | R32: Bakery | S32: Cakes, Croissants & Pastries | T32: Cakes, Croissants & Pastries | U32: Phase Out | V32: Depth | W32: Brand already present in subcategory "Cakes, Croissants & Pastries"
B33: Hunter's Gourmet Truffle Chips 100g | C33: No | D33: Yes | E33: No | F33: Yes | G33: No | H33: No | I33: Width | P33: Mince Pie | Q33: Bakemart | R33: Bakery | S33: Cakes, Croissants & Pastries | T33: Cakes, Croissants & Pastries | U33: Phase Out | V33: Depth | W33: Brand already present in subcategory "Cakes, Croissants & Pastries"
B34: Kurkure Masala Munch 65g | C34: No | D34: Yes | E34: No | F34: Yes | G34: No | H34: No | I34: Width | P34: Bread Stollen Small | Q34: Bakemart | R34: Bakery | S34: Breads & Loaves | T34: Breads & Loaves | U34: Phase Out | V34: Depth | W34: Brand already present in subcategory "Breads & Loaves"
B35: Tom Tom Chilli Chips 90g | C35: No | D35: Yes | E35: No | F35: No | G35: No | H35: No | I35: Width | P35: Cookies Stollen | Q35: Bakemart | R35: Bakery | S35: Rusk, Cookies & Crackers | T35: Rusk, Cookies & Crackers | U35: Phase Out | V35: Width | W35: Brand exists but enters new subcategory "Rusk, Cookies & Crackers"
B36: Pringles Sour Cream Mini 40g | C36: No | D36: No | E36: No | F36: No | G36: No | H36: Yes | I36: Depth | P36: Cookie Cinnamon Coin | Q36: Bakemart | R36: Bakery | S36: Rusk, Cookies & Crackers | T36: Rusk, Cookies & Crackers | U36: Phase Out | V36: Width | W36: Brand exists but enters new subcategory "Rusk, Cookies & Crackers"
B37: Lay's Family Pack Salt 250g | C37: No | D37: No | E37: No | F37: No | G37: No | H37: Yes | I37: Depth | P37: Xmas Cookie Printed - Ginger Man | Q37: Bakemart | R37: Bakery | S37: Rusk, Cookies & Crackers | T37: Rusk, Cookies & Crackers | U37: Phase Out | V37: Width | W37: Brand exists but enters new subcategory "Rusk, Cookies & Crackers"
B38: Beanitos White Bean Chips 113g | C38: No | D38: Yes | E38: No | F38: No | G38: Yes | H38: No | I38: Width | P38: Xmas Cookie - Santa Head Printed | Q38: Bakemart | R38: Bakery | S38: Rusk, Cookies & Crackers | T38: Rusk, Cookies & Crackers | U38: Phase Out | V38: Width | W38: Brand exists but enters new subcategory "Rusk, Cookies & Crackers"
B39: KitKat Gold Caramel 45g | C39: No | D39: No | E39: No | F39: Yes | G39: No | H39: No | I39: Depth | P39: Snowman Cookies in Bag | Q39: Bakemart | R39: Bakery | S39: Rusk, Cookies & Crackers | T39: Rusk, Cookies & Crackers | U39: Phase Out | V39: Width | W39: Brand exists but enters new subcategory "Rusk, Cookies & Crackers"
B40: Kinder Happy Hippos 103g | C40: No | D40: No | E40: No | F40: Yes | G40: No | H40: No | I40: Depth | P40: Panettone Chocolate - Large | Q40: Bakemart | R40: Bakery | S40: Cakes, Croissants & Pastries | T40: Cakes, Croissants & Pastries | U40: Phase Out | V40: Depth | W40: Brand already present in subcategory "Cakes, Croissants & Pastries"
B41: Milka Daim 100g | C41: No | D41: No | E41: No | F41: Yes | G41: No | H41: No | I41: Depth | P41: Panettone Mix Fruit - Large | Q41: Bakemart | R41: Bakery | S41: Cakes, Croissants & Pastries | T41: Cakes, Croissants & Pastries | U41: Phase Out | V41: Depth | W41: Brand already present in subcategory "Cakes, Croissants & Pastries"
B42: Tony's Chocolonely Milk Caramel 180g | C42: No | D42: Yes | E42: No | F42: No | G42: No | H42: No | I42: Width | P42: Mince Pie - Grab & Go Bag | Q42: Bakemart | R42: Bakery | S42: Cakes, Croissants & Pastries | T42: Cakes, Croissants & Pastries | U42: Phase Out | V42: Depth | W42: Brand already present in subcategory "Cakes, Croissants & Pastries"
B43: Snickers Bites Sharing 220g | C43: No | D43: No | E43: No | F43: No | G43: No | H43: Yes | I43: Depth | P43: Frio Natural Zero Cola 250 mL | Q43: Frio | R43: Beverages | S43: Soft Drinks | T43: Soft Drinks | U43: Phase Out | V43: Width | W43: Brand exists but enters new subcategory "Soft Drinks"
... B46: Haribo Gold Bears 250g | C46: No | D46: No | E46: No | F46: No | G46: No | H46: Yes | I46: Depth | P46: Falcon Punch 250ml | Q46: Project Chaiwala | R46: Beverages | S46: Iced Teas & Coffees | T46: Iced Teas & Coffees | U46: Phase Out | V46: Width | W46: Brand exists but enters new subcategory "Iced Teas & Coffees"
B47: Trolli Sour Brite 99g | C47: No | D47: Yes | E47: No | F47: No | G47: No | H47: No | I47: Width | P47: Molten Karak 250ml | Q47: Project Chaiwala | R47: Beverages | S47: Iced Teas & Coffees | T47: Iced Teas & Coffees | V47: Width | W47: Brand exists but enters new subcategory "Iced Teas & Coffees"
B48: Skittles Tropical 61g | C48: No | D48: No | E48: No | F48: Yes | G48: No | H48: No | I48: Depth | P48: Tiger Burst 250ml | Q48: Project Chaiwala | R48: Beverages | S48: Iced Teas & Coffees | T48: Iced Teas & Coffees | V48: Width | W48: Brand exists but enters new subcategory "Iced Teas & Coffees"
B49: Oreo Double Stuf 176g | C49: No | D49: No | E49: No | F49: Yes | G49: No | H49: No | I49: Depth | P49: Gorilla Ultimate Original Energy Drink 500 mL | Q49: Gorilla | R49: Beverages | S49: Sports & Energy Drinks | T49: Sports & Energy Drinks | V49: Width | W49: New brand in existing subcategory "Sports & Energy Drinks"
B50: Lotus Biscoff 250g | C50: No | D50: Yes | E50: No | F50: No | G50: Yes | H50: No | I50: Width | P50: Gorilla Ultimate Mango Coconut Energy Drink 500 mL | Q50: Gorilla | R50: Beverages | S50: Sports & Energy Drinks | T50: Sports & Energy Drinks | V50: Width | W50: New brand in existing subcategory "Sports & Energy Drinks"
B51: McVitie's Dark Choc Digestive 300g | C51: No | D51: No | E51: Yes | F51: No | G51: No | H51: No | I51: Width | P51: Gorilla Ultimate Energy Drink 500 mL | Q51: Gorilla | R51: Beverages | S51: Sports & Energy Drinks | T51: Sports & Energy Drinks | V51: Width | W51: New brand in existing subcategory "Sports & Energy Drinks"
B52: Nakd Berry Delight Bar 35g | C52: No | D52: Yes | E52: No | F52: No | G52: Yes | H52: No | I52: Width | P52: Gorilla Ultimate Watermelon Melon Energy Drink 500 mL | Q52: Gorilla | R52: Beverages | S52: Sports & Energy Drinks | T52: Sports & Energy Drinks | V52: Width | W52: New brand in existing subcategory "Sports & Energy Drinks"
B53: Barebells Cookies & Cream 55g | C53: No | D53: No | E53: No | F53: Yes | G53: No | H53: No | I53: Depth | P53: Nature Valley Protein Peanut & Chocolate Bar 40 g | Q53: Nature Valley | R53: Breakfast | S53: Cereal Bars | T53: Cereal Bars | U53: Seasonality | V53: Depth | W53: Brand already present in subcategory "Cereal Bars"
B54: Quest Salted Caramel Bar 60g | C54: No | D54: No | E54: No | F54: Yes | G54: No | H54: No | I54: Depth | P54: Kellogg's Corn Flakes Cereal 24 g | Q54: Kellogg's | R54: Breakfast | S54: Cereal & Granola | T54: Cereal & Granola | U54: Phase Out | V54: Depth | W54: Brand already present in subcategory "Cereal & Granola"
B55: Grenade Carb Killa Dark 60g | C55: No | D55: Yes | E55: No | F55: No | G55: No | H55: No | I55: Width | P55: Rio Mare In Sunflower Oil 70 g | Q55: Rio Mare | R55: Canned & Jarred Foods | S55: Canned Fish & Seafood | T55: Canned Fish & Seafood | V55: Depth | W55: Brand already present in subcategory "Canned Fish & Seafood"
B56: Bateel Assorted Dates 250g | C56: No | D56: No | E56: No | F56: No | G56: No | H56: No | I56: Depth | P56: Desi & Fresh Khoya, Desi Kadai Mawa 250 g | Q56: Desi & Fresh | R56: Cheese & Butter | S56: Block Cheese | T56: Block Cheese | U56: Phase Out | V56: Depth | W56: Brand already present in subcategory "Block Cheese"
B57: Freakin Awesome Date Bites 45g | C57: No | D57: Yes | E57: No | F57: No | G57: No | H57: No | I57: Width | P57: Desi & Fresh High Protein Low Fat Fresh Malai Paneer 200 g | Q57: Desi & Fresh | R57: Cheese & Butter | S57: Block Cheese | T57: Block Cheese | V57: Depth | W57: Brand already present in subcategory "Block Cheese"
B58: Celebrations Chocolate 186g | C58: No | D58: No | E58: No | F58: No | G58: No | H58: No | I58: Depth | P58: Puck Cream Can 160 g | Q58: Puck | R58: Cheese & Butter | S58: Cream | T58: Cream | V58: Depth | W58: Brand already present in subcategory "Cream"
B59: Lindt Lindor Milk 200g | C59: No | D59: No | E59: No | F59: No | G59: No | H59: No | I59: Depth | P59: Puck Turkish Labneh Spread 650 g | Q59: Puck | R59: Cheese & Butter | S59: Labneh | T59: Labneh | U59: Phase Out | V59: Depth | W59: Brand already present in subcategory "Labneh"
B60: Cadbury Dairy Milk 200g | C60: No | D60: No | E60: No | F60: No | G60: No | H60: Yes | I60: Depth | P60: Svalya Sour Cream 200 g | Q60: Svalya | R60: Cheese & Butter | S60: Cream | T60: Cream | U60: On Hold | V60: Depth | W60: Brand already present in subcategory "Cream"
B61: Maltesers Sharing 235g | C61: No | D61: No | E61: No | F61: No | G61: No | H61: Yes | I61: Depth | P61: Almarai Marvello Natural Maasdam Cheese Slices 150 g | Q61: Almarai | R61: Cheese & Butter | S61: Slices & Portions | T61: Slices & Portions | U61: On Hold | V61: Depth | W61: Brand already present in subcategory "Slices & Portions"
B62: Chupa Chups Bag 12pcs | C62: No | D62: No | E62: No | F62: No | G62: No | H62: Yes | I62: Depth | P62: Almarai Marvello Natural Edam Cheese Slices 150 g | Q62: Almarai | R62: Cheese & Butter | S62: Slices & Portions | T62: Slices & Portions | U62: On Hold | V62: Depth | W62: Brand already present in subcategory "Slices & Portions"
B63: Reese's Peanut Butter Cups 42g | C63: No | D63: Yes | E63: No | F63: Yes | G63: No | H63: No | I63: Width | P63: Bru Pure Instant Coffee 100 g | Q63: Bru | R63: Coffee & Tea | S63: Instant Coffee & Sachets | T63: Instant Coffee & Sachets | V63: Depth | W63: Brand already present in subcategory "Instant Coffee & Sachets"
B64: Tic Tac Strawberry 100pcs | C64: No | D64: No | E64: No | F64: Yes | G64: No | H64: No | I64: Depth | P64: Kewpie Roasted Sesame Dressing 210 g | Q64: Kewpie | R64: Condiments | S64: Dressings | T64: Dressings | U64: Phase Out | V64: Depth | W64: Brand already present in subcategory "Dressings"
B65: Jolly Rancher Hard Candy 141g | C65: No | D65: Yes | E65: No | F65: No | G65: No | H65: No | I65: Width | P65: Sacla Pesto Sauce 190 g | Q65: Sacla | R65: Condiments | S65: Paste & Sauces | T65: Paste & Sauces | V65: Depth | W65: Brand already present in subcategory "Paste & Sauces"
B66: Pringles BBQ Family 200g | C66: No | D66: No | E66: No | F66: No | G66: No | H66: Yes | I66: Depth | P66: Cholula Green Pepper Hot Sauce150 mL | Q66: Cholula | R66: Condiments | S66: Hot Sauce | T66: Hot Sauce | U66: On Hold | V66: Depth | W66: Brand already present in subcategory "Hot Sauce"
B67: Cadbury Roses Gift Box 290g | C67: No | D67: No | E67: No | F67: No | G67: No | H67: No | I67: Depth | P67: Cholula Hot Sauce 60 mL | Q67: Cholula | R67: Condiments | S67: Hot Sauce | T67: Hot Sauce | U67: On Hold | V67: Depth | W67: Brand already present in subcategory "Hot Sauce"
B68: Halawa Tahini Bar 50g | C68: No | D68: Yes | E68: No | F68: No | G68: Yes | H68: No | I68: Width | P68: Frank's Red Hot Original Cayenne Pepper Sauce 148 mL | Q68: Franks | R68: Condiments | S68: Hot Sauce | T68: Hot Sauce | U68: On Hold | V68: Depth | W68: Brand already present in subcategory "Hot Sauce"
B69: Nature Valley Granola Bar 3pk | C69: No | D69: No | E69: No | F69: Yes | G69: No | H69: No | I69: Depth | P69: Franks Red Hot Buffalo Wings Hot Sauce 354 mL | Q69: Franks | R69: Condiments | S69: Hot Sauce | T69: Hot Sauce | V69: Depth | W69: Brand already present in subcategory "Hot Sauce"
B70: Galaxy Ripple Chocolate 42g | C70: No | D70: No | E70: No | F70: Yes | G70: No | H70: No | I70: Depth | P70: French Classic Yellow Mustard 226 g | Q70: French | R70: Condiments | S70: Mayo & Mustard | T70: Mayo & Mustard | U70: On Hold | V70: Width | W70: New brand in existing subcategory "Mayo & Mustard"
B71: Nongshim Honey Butter Chips 135g | C71: No | D71: Yes | E71: No | F71: Yes | G71: No | H71: No | I71: Width | P71: Kikkoman Tonkatsu Sauce 235 g | Q71: Kikkoman | R71: Condiments | S71: Paste & Sauces | T71: Paste & Sauces | U71: Discontinued | V71: Depth | W71: Brand already present in subcategory "Paste & Sauces"
B72: M&M's Crispy Sharing 350g | C72: No | D72: No | E72: No | F72: No | G72: No | H72: Yes | I72: Depth | P72: Mother's Recipe Mint Chutney 250 g | Q72: Mother's Recipe | R72: Condiments | S72: Paste & Sauces | T72: Paste & Sauces | V72: Depth | W72: Brand already present in subcategory "Paste & Sauces"
B73: Kettle Brand Sea Salt 141g | C73: No | D73: Yes | E73: No | F73: No | G73: No | H73: No | I73: Width | P73: Mothers Recipe Tamarind Date Chutney 285 g | Q73: Mother's Recipe | R73: Condiments | S73: Paste & Sauces | T73: Paste & Sauces | V73: Depth | W73: Brand already present in subcategory "Paste & Sauces"
B74: Pocky Chocolate Biscuit Sticks 47g | C74: No | D74: Yes | E74: No | F74: Yes | G74: No | H74: No | I74: Width | P74: Nutcracker Ballet Cups | Q74: Meri Meri | R74: Disposables | S74: Tableware | T74: Tableware | U74: Phase Out | V74: Width | W74: New brand in existing subcategory "Tableware"
B75: After Eight Mint Thins 300g | C75: No | D75: No | E75: Yes | F75: No | G75: No | H75: No | I75: Width | P75: Nutcracker Ballet Large Napkins | Q75: Meri Meri | R75: Disposables | S75: Tableware | T75: Tableware | U75: Phase Out | V75: Width | W75: New brand in existing subcategory "Tableware"
B76: Poppins Caramel Popcorn 85g | C76: No | D76: Yes | E76: Yes | F76: No | G76: No | H76: No | I76: Width | P76: Nutcracker Ballet Dinner Plates | Q76: Meri Meri | R76: Disposables | S76: Tableware | T76: Tableware | U76: Phase Out | V76: Width | W76: New brand in existing subcategory "Tableware"
B77: Bounty Dark Chocolate 57g | C77: No | D77: No | E77: Yes | F77: No | G77: No | H77: No | I77: Width | P77: Nutcracker Ballet Soldier Napkins | Q77: Meri Meri | R77: Disposables | S77: Tableware | T77: Tableware | U77: Phase Out | V77: Width | W77: New brand in existing subcategory "Tableware"
B78: Almond Breeze Roasted Honey 120g | C78: No | D78: Yes | E78: Yes | F78: No | G78: No | H78: No | I78: Width | P78: Winter Woodland Cupcake Kit | Q78: Meri Meri | R78: Disposables | S78: Tableware | T78: Tableware | U78: Phase Out | V78: Width | W78: New brand in existing subcategory "Tableware"
B79: Corny Big Chocolate Muesli 50g | C79: No | D79: Yes | E79: No | F79: Yes | G79: No | H79: No | I79: Width | P79: Reindeer With Raffia Bow Plates | Q79: Meri Meri | R79: Disposables | S79: Tableware | T79: Tableware | U79: Phase Out | V79: Width | W79: New brand in existing subcategory "Tableware"
B80: Maggi Star Corn Puffs 60g | C80: No | D80: No | E80: No | F80: Yes | G80: No | H80: No | I80: Depth | P80: Merry Mushrooms Small Napkins | Q80: Meri Meri | R80: Disposables | S80: Tableware | T80: Tableware | U80: Phase Out | V80: Width | W80: New brand in existing subcategory "Tableware"
B81: Green & Black's 70% Dark 90g | C81: Yes | D81: Yes | E81: Yes | F81: No | G81: No | H81: No | I81: Width | P81: Merry Mushrooms Side Plates | Q81: Meri Meri | R81: Disposables | S81: Tableware | T81: Tableware | U81: Phase Out | V81: Width | W81: New brand in existing subcategory "Tableware"
B82: Sour Patch Kids Watermelon 130g | C82: No | D82: Yes | E82: Yes | F82: No | G82: No | H82: No | I82: Width | P82: Winter Woodland Dinner Plates | Q82: Meri Meri | R82: Disposables | S82: Tableware | T82: Tableware | U82: Phase Out | V82: Width | W82: New brand in existing subcategory "Tableware"
B83: Kif Kif Premium Dates 350g | C83: No | D83: Yes | E83: No | F83: No | G83: No | H83: No | I83: Width | P83: Winter Woodland Large Napkins | Q83: Meri Meri | R83: Disposables | S83: Tableware | T83: Tableware | U83: Phase Out | V83: Width | W83: New brand in existing subcategory "Tableware"
B84: Twix Bites Sharing 170g | C84: No | D84: No | E84: No | F84: No | G84: No | H84: Yes | I84: Depth | P84: Driving Reindeer Napkins | Q84: Meri Meri | R84: Disposables | S84: Tableware | T84: Tableware | U84: Phase Out | V84: Width | W84: New brand in existing subcategory "Tableware"
B85: Doritos Salsa 100g | C85: No | D85: No | E85: No | F85: Yes | G85: No | H85: No | I85: Depth | P85: Turkey Paper Napkins | Q85: Meri Meri | R85: Disposables | S85: Tableware | T85: Tableware | U85: Phase Out | V85: Width | W85: New brand in existing subcategory "Tableware"
B86: ← Enter SKU name here | I86: Depth | P86: Jolly Christmas Santa Plates | Q86: Meri Meri | R86: Disposables | S86: Tableware | T86: Tableware | U86: Phase Out | V86: Width | W86: New brand in existing subcategory "Tableware"
I87: Depth | P87: Jolly Christmas Santa Napkins | Q87: Meri Meri | R87: Disposables | S87: Tableware | T87: Tableware | U87: Phase Out | V87: Width | W87: New brand in existing subcategory "Tableware"
I88: Depth | P88: Jolly Christmas Cups | Q88: Meri Meri | R88: Disposables | S88: Tableware | T88: Tableware | U88: Phase Out | V88: Width | W88: New brand in existing subcategory "Tableware"
I89: Depth | P89: Stripy Candy Cane Napkins | Q89: Meri Meri | R89: Disposables | S89: Tableware | T89: Tableware | U89: Phase Out | V89: Width | W89: New brand in existing subcategory "Tableware"
I90: Depth | P90: Holly Pattern Napkin Small | Q90: Meri Meri | R90: Disposables | S90: Tableware | T90: Tableware | U90: Phase Out | V90: Width | W90: New brand in existing subcategory "Tableware"
I91: Depth | P91: Turkey Paper Plates | Q91: Meri Meri | R91: Disposables | S91: Tableware | T91: Tableware | U91: Phase Out | V91: Width | W91: New brand in existing subcategory "Tableware"
I92: Depth | P92: Holly Pattern Dinner Plates | Q92: Meri Meri | R92: Disposables | S92: Tableware | T92: Tableware | U92: Phase Out | V92: Width | W92: New brand in existing subcategory "Tableware"
I93: Depth | P93: Silver and Gold Foil Confetti Popper | Q93: Unique | R93: Disposables | S93: Tableware | T93: Tableware | U93: Phase Out | V93: Width | W93: New brand in existing subcategory "Tableware"
P94: Hotpack Wooden Spoon 50 pcs | Q94: Hotpack | R94: Disposables | S94: Tableware | T94: Tableware | U94: On Hold | V94: Depth | W94: Brand already present in subcategory "Tableware"
P95: Green & Co Medium Free Range Eggs 30 pcs | Q95: Green & Co | R95: Eggs | S95: Brown | T95: Brown | V95: Width | W95: Brand exists but enters new subcategory "Brown"
P96: Green & Co Medium Organic Brown Eggs 30 pcs | Q96: Green & Co | R96: Eggs | S96: Organic | T96: Organic | U96: Phase Out | V96: Width | W96: Brand exists but enters new subcategory "Organic"
P97: Green & Co Medium Brown Eggs 6 pcs | Q97: Green & Co | R97: Eggs | S97: Brown | T97: Brown | V97: Width | W97: Brand exists but enters new subcategory "Brown"
P98: Green & Co Medium Brown Eggs 15 pcs | Q98: Green & Co | R98: Eggs | S98: Brown | T98: Brown | U98: Phase Out | V98: Width | W98: Brand exists but enters new subcategory "Brown"
P99: Al Jazira Golden Cage-Free Eggs (10 pcs) | Q99: Al Jazira | R99: Eggs | S99: Brown | T99: Brown | U99: Phase Out | V99: Width | W99: Brand exists but enters new subcategory "Brown"
P100: Farm Fresh Medium White Eggs x 30 pcs | Q100: Farm Fresh | R100: Eggs | S100: White | T100: White | U100: Phase Out | V100: Width | W100: Brand exists but enters new subcategory "White"
P101: Banana Leaf (5 pcs) | Q101: Banana Leaves | R101: Fresh Flowers & Plants | S101: Festive & Religious | T101: Festive & Religious | U101: BFP | V101: Width | W101: New brand "Banana Leaves" entering new subcategory "Festive & Religious"
P102: Bostock Organic Chicken Breast Skinless 300 g | Q102: Bostock | R102: Fresh Meat & Seafood | S102: Chicken | T102: Chicken | V102: Width | W102: New brand in existing subcategory "Chicken"
P103: Bostock Organic Chicken Mince 300 g | Q103: Bostock | R103: Fresh Meat & Seafood | S103: Chicken | T103: Chicken | V103: Width | W103: New brand in existing subcategory "Chicken"
...

Sheet Monetization
A1: Types | B1: Score
A2: Promo Calendar Committed | B2: 75
A3: Trade Funding | B3: 100
A4: Ads Support | B4: 100
A5: No Support | B5: 0

Sheet Refrence Data
A1: Category_ASP Key | B1: Subcat_ASP Key | C1: Parent Category | D1: Sub Category | E1: ASP Bucket | F1: Count of SKUs (Avail >50%) | G1: Count of Non-Moving SKUs | H1: Total Onhand | I1: Non-Moving Onhand | J1: Total ROS (L14D) | K1: Total ROS (L30D) | L1: Total ROS (L60D) | M1: ROS of Top 20% SKUs | N1: Concentration Index | O1: P10 ROS (All) | P1: P20 ROS (All) | Q1: P30 ROS (All) | R1: P50 ROS (All) | S1: P70 ROS (All) | T1: P10 ROS (Moving) | U1: P20 ROS (Moving) | V1: P30 ROS (Moving) | W1: P50 ROS (Moving) | X1: P70 ROS (Moving) | Y1: SKU Efficiency | Z1: Sub Category P50 ROS (All) | AA1: Sub Category P50 ROS (Moving) | AB1: Sub Category SKU Efficiency | AC1: Sub Category Median SKU Efficiency | AD1: Category-ASP P50 ROS (All) | AE1: Category-ASP P50 ROS (Moving) | AF1: Category-ASP SKU Efficiency | AG1: Category-ASP Median SKU Efficiency | AH1: Parent Category P50 ROS (All) | AI1: Parent Category P50 ROS (Moving) | AJ1: Parent Category SKU Efficiency | AK1: Parent Category Median SKU Efficiency | AL1: Run Date
A2: _10-15 | B2: _10-15 | E2: 46310 | F2: 1 | G2: 0 | H2: 0 | I2: 0 | J2: 0.267857 | K2: 0.085145 | L2: 0.051957 | M2: 0.085145 | N2: 1 | O2: 0.085145 | P2: 0.085145 | Q2: 0.085145 | R2: 0.085145 | S2: 0.085145 | T2: 0.085145 | U2: 0.085145 | V2: 0.085145 | W2: 0.085145 | X2: 0.085145 | Y2: 0.085145 | Z2: 0 | AA2: 0.1 | AB2: 0.001517 | AC2: 0.004412 | AD2: 0.085145 | AE2: 0.085145 | AF2: 0.085145 | AG2: 0.085145 | AH2: 0 | AI2: 0.1 | AJ2: 0.001517 | AK2: 0.004412 | AL2: #########
A3: _20-25 | B3: _20-25 | E3: 20-25 | F3: 3 | G3: 0 | H3: 436 | I3: 0 | J3: 0.285714 | K3: 0.332258 | L3: 0.386348 | M3: 0.232258 | N3: 0.699029 | O3: 0 | P3: 0 | Q3: 0 | R3: 0.1 | S3: 0.232258 | T3: 0.1 | U3: 0.1 | V3: 0.1 | W3: 0.232258 | X3: 0.232258 | Y3: 0.110753 | Z3: 0 | AA3: 0.1 | AB3: 0.001517 | AC3: 0.004412 | AD3: 0.1 | AE3: 0.232258 | AF3: 0.110753 | AG3: 0.110753 | AH3: 0 | AI3: 0.1 | AJ3: 0.001517 | AK3: 0.004412 | AL3: #########
A4: _25+ | B4: _25+ | E4: 25+ | F4: 68 | G4: 0 | H4: 529 | I4: 0 | J4: 0.285714 | K4: 0.3 | L4: 0.352276 | M4: 0.3 | N4: 1 | O4: 0 | P4: 0 | Q4: 0 | R4: 0 | S4: 0 | T4: 0.033333 | U4: 0.033333 | V4: 0.033333 | W4: 0.1 | X4: 0.166667 | Y4: 0.004412 | Z4: 0 | AA4: 0.1 | AB4: 0.001517 | AC4: 0.004412 | AD4: 0 | AE4: 0.1 | AF4: 0.004412 | AG4: 0.004412 | AH4: 0 | AI4: 0.1 | AJ4: 0.001517 | AK4: 0.004412 | AL4: #########
A5: _5-10 | B5: _5-10 | E5: 46300 | F5: 1 | G5: 0 | H5: 0 | I5: 0 | J5: 0 | K5: 0 | L5: 0 | M5: 0 | N5: 0 | O5: 0 | P5: 0 | Q5: 0 | R5: 0 | S5: 0 | T5: 0 | U5: 0 | V5: 0 | W5: 0 | X5: 0 | Y5: 0 | Z5: 0 | AA5: 0.1 | AB5: 0.001517 | AC5: 0.004412 | AD5: 0 | AE5: 0 | AF5: 0 | AG5: 0 | AH5: 0 | AI5: 0.1 | AJ5: 0.001517 | AK5: 0.004412 | AL5: #########
A6: _Unknown | B6: _Unknown | E6: Unknown | F6: 400 | G6: 2 | H6: 112 | I6: 112 | J6: 0 | K6: 0 | L6: 0 | M6: 0 | N6: 0 | O6: 0 | P6: 0 | Q6: 0 | R6: 0 | S6: 0 | T6: 0 | U6: 0 | V6: 0 | W6: 0 | X6: 0 | Y6: 0 | Z6: 0 | AA6: 0.1 | AB6: 0.001517 | AC6: 0.004412 | AD6: 0 | AE6: 0 | AF6: 0 | AG6: 0 | AH6: 0 | AI6: 0.1 | AJ6: 0.001517 | AK6: 0.004412 | AL6: #########
A7: Adult Care_20-25 | B7: Accessories_20-25 | C7: Adult Care | D7: Accessories | E7: 20-25 | F7: 1 | G7: 0 | H7: 0 | I7: 0 | J7: 0.076923 | K7: 2.034483 | L7: 0.118502 | M7: 2.034483 | N7: 1 | O7: 2.034483 | P7: 2.034483 | Q7: 2.034483 | R7: 2.034483 | S7: 2.034483 | T7: 2.034483 | U7: 2.034483 | V7: 2.034483 | W7: 2.034483 | X7: 2.034483 | Y7: 2.034483 | Z7: 0 | AA7: 2.034483 | AB7: 0.093992 | AC7: 0 | AD7: 2.034483 | AE7: 2.034483 | AF7: 1.703893 | AG7: 2.034483 | AH7: 1.849147 | AI7: 3.582599 | AJ7: 3.244024 | AK7: 2.034483 | AL7: #########
A8: Adult Care_25+ | B8: Accessories_25+ | C8: Adult Care | D8: Accessories | E8: 25+ | F8: 1 | G8: 0 | H8: 0 | I8: 0 | J8: 0 | K8: 0 | L8: 0.090909 | M8: 0 | N8: 0 | O8: 0 | P8: 0 | Q8: 0 | R8: 0 | S8: 0 | T8: 0 | U8: 0 | V8: 0 | W8: 0 | X8: 0 | Y8: 0 | Z8: 0 | AA8: 2.034483 | AB8: 0.093992 | AC8: 0 | AD8: 3.413527 | AE8: 3.582599 | AF8: 4.587337 | AG8: 3.737092 | AH8: 1.849147 | AI8: 3.582599 | AJ8: 3.244024 | AK8: 2.034483 | AL8: #########
A9: Adult Care_Unknown | B9: Accessories_Unknown | C9: Adult Care | D9: Accessories | E9: Unknown | F9: 1 | G9: 0 | H9: 0 | I9: 0 | J9: 0 | K9: 0 | L9: 0 | M9: 0 | N9: 0 | O9: 0 | P9: 0 | Q9: 0 | R9: 0 | S9: 0 | T9: 0 | U9: 0 | V9: 0 | W9: 0 | X9: 0 | Y9: 0 | Z9: 0 | AA9: 2.034483 | AB9: 0.093992 | AC9: 0 | AD9: 0 | AE9: 0 | AF9: 0 | AG9: 0 | AH9: 1.849147 | AI9: 3.582599 | AJ9: 3.244024 | AK9: 2.034483 | AL9: #########
A10: Adult Care_15-20 | B10: Condoms_15-20 | C10: Adult Care | D10: Condoms | E10: 15-20 | F10: 3 | G10: 0 | H10: 2144 | I10: 0 | J10: 14.95384 | K10: 13.47098 | L10: 14.19314 | M10: 6.131733 | N10: 0.455181 | O10: 2.696133 | P10: 2.696133 | Q10: 2.696133 | R10: 4.643116 | S10: 6.131733 | T10: 2.696133 | U10: 2.696133 | V10: 2.696133 | W10: 4.643116 | X10: 6.131733 | Y10: 4.490327 | Z10: 3.413527 | AA10: 4.407286 | AB10: 4.118029 | AC10: 4.490327 | AD10: 4.643116 | AE10: 4.643116 | AF10: 4.490327 | AG10: 4.490327 | AH10: 1.849147 | AI10: 3.582599 | AJ10: 3.244024 | AK10: 2.034483 | AL10: #########
A11: Adult Care_20-25 | B11: Condoms_20-25 | C11: Adult Care | D11: Condoms | E11: 20-25 | F11: 1 | G11: 0 | H11: 126 | I11: 0 | J11: 1.72381 | K11: 1.373303 | L11: 1.499379 | M11: 1.373303 | N11: 1 | O11: 1.373303 | P11: 1.373303 | Q11: 1.373303 | R11: 1.373303 | S11: 1.373303 | T11: 1.373303 | U11: 1.373303 | V11: 1.373303 | W11: 1.373303 | X11: 1.373303 | Y11: 1.373303 | Z11: 3.413527 | AA11: 4.407286 | AB11: 4.118029 | AC11: 4.490327 | AD11: 2.034483 | AE11: 2.034483 | AF11: 1.703893 | AG11: 2.034483 | AH11: 1.849147 | AI11: 3.582599 | AJ11: 3.244024 | AK11: 2.034483 | AL11: #########
A12: Adult Care_25+ | B12: Condoms_25+ | C12: Adult Care | D12: Condoms | E12: 25+ | F12: 15 | G12: 0 | H12: 7866 | I12: 0 | J12: 81.20115 | K12: 81.0496 | L12: 80.08067 | M12: 36.67825 | N12: 0.452541 | O12: 0.668966 | P12: 1.849147 | Q12: 2.076899 | R12: 3.820168 | S12: 7.620216 | T12: 0.668966 | U12: 1.849147 | V12: 2.076899 | W12: 3.820168 | X12: 7.620216 | Y12: 5.403307 | Z12: 3.413527 | AA12: 4.407286 | AB12: 4.118029 | AC12: 4.490327 | AD12: 3.413527 | AE12: 3.582599 | AF12: 4.587337 | AG12: 3.737092 | AH12: 1.849147 | AI12: 3.582599 | AJ12: 3.244024 | AK12: 2.034483 | AL12: #########
A13: Adult Care_5-10 | B13: Condoms_5-10 | C13: Adult Care | D13: Condoms | E13: 46300 | F13: 2 | G13: 0 | H13: 66 | I13: 0 | J13: 5.472222 | K13: 11.17486 | L13: 9.91429 | M13: 11.17486 | N13: 1 | O13: 0 | P13: 0 | Q13: 0 | R13: 11.17486 | S13: 11.17486 | T13: 11.17486 | U13: 11.17486 | V13: 11.17486 | W13: 11.17486 | X13: 11.17486 | Y13: 5.587432 | Z13: 3.413527 | AA13: 4.407286 | AB13: 4.118029 | AC13: 4.490327 | AD13: 11.17486 | AE13: 11.17486 | AF13: 5.587432 | AG13: 5.587432 | AH13: 1.849147 | AI13: 3.582599 | AJ13: 3.244024 | AK13: 2.034483 | AL13: #########
A14: Adult Care_Unknown | B14: Condoms_Unknown | C14: Adult Care | D14: Condoms | E14: Unknown | F14: 5 | G14: 0 | H14: 0 | I14: 0 | J14: 0 | K14: 0 | L14: 0 | M14: 0 | N14: 0 | O14: 0 | P14: 0 | Q14: 0 | R14: 0 | S14: 0 | T14: 0 | U14: 0 | V14: 0 | W14: 0 | X14: 0 | Y14: 0 | Z14: 3.413527 | AA14: 4.407286 | AB14: 4.118029 | AC14: 4.490327 | AD14: 0 | AE14: 0 | AF14: 0 | AG14: 0 | AH14: 1.849147 | AI14: 3.582599 | AJ14: 3.244024 | AK14: 2.034483 | AL14: #########
A15: Adult Care_25+ | B15: Lubricants_25+ | C15: Adult Care | D15: Lubricants | E15: 25+ | F15: 9 | G15: 0 | H15: 3759 | I15: 0 | J15: 34.54381 | K15: 33.63383 | L15: 34.1862 | M15: 20.07087 | N15: 0.596747 | O15: 0 | P15: 0.932258 | Q15: 1.033333 | R15: 3 | S15: 3.6171 | T15: 0.932258 | U15: 1.033333 | V15: 1.768454 | W15: 3.211812 | X15: 3.6171 | Y15: 3.737092 | Z15: 0.932258 | AA15: 3.211812 | AB15: 2.242255 | AC15: 3.737092 | AD15: 3.413527 | AE15: 3.582599 | AF15: 4.587337 | AG15: 3.737092 | AH15: 1.849147 | AI15: 3.582599 | AJ15: 3.244024 | AK15: 2.034483 | AL15: #########
A16: Adult Care_Unknown | B16: Lubricants_Unknown | C16: Adult Care | D16: Lubricants | E16: Unknown | F16: 6 | G16: 0 | H16: 0 | I16: 0 | J16: 0 | K16: 0 | L16: 0 | M16: 0 | N16: 0 | O16: 0 | P16: 0 | Q16: 0 | R16: 0 | S16: 0 | T16: 0 | U16: 0 | V16: 0 | W16: 0 | X16: 0 | Y16: 0 | Z16: 0.932258 | AA16: 3.211812 | AB16: 2.242255 | AC16: 3.737092 | AD16: 0 | AE16: 0 | AF16: 0 | AG16: 0 | AH16: 1.849147 | AI16: 3.582599 | AJ16: 3.244024 | AK16: 2.034483 | AL16: #########
A17: Baby Essentials_Unknown | B17: Accessories_Unknown | C17: Baby Essentials | D17: Accessories | E17: Unknown | F17: 1 | G17: 0 | H17: 0 | I17: 0 | J17: 0 | K17: 0 | L17: 0 | M17: 0 | N17: 0 | O17: 0 | P17: 0 | Q17: 0 | R17: 0 | S17: 0 | T17: 0 | U17: 0 | V17: 0 | W17: 0 | X17: 0 | Y17: 0 | Z17: 0 | AA17: 2.034483 | AB17: 0.093992 | AC17: 0 | AD17: 0 | AE17: 0 | AF17: 0 | AG17: 0 | AH17: 0 | AI17: 1.944494 | AJ17: 1.674894 | AK17: 0.852062 | AL17: #########
A18: Baby Essentials_0-5 | B18: Baby Bath & Shower_0-5 | C18: Baby Essentials | D18: Baby Bath & Shower | E18: 0-5 | F18: 1 | G18: 0 | H18: 1064 | I18: 0 | J18: 6.665784 | K18: 6.742408 | L18: 7.155114 | M18: 6.742408 | N18: 1 | O18: 6.742408 | P18: 6.742408 | Q18: 6.742408 | R18: 6.742408 | S18: 6.742408 | T18: 6.742408 | U18: 6.742408 | V18: 6.742408 | W18: 6.742408 | X18: 6.742408 | Y18: 6.742408 | Z18: 0.467593 | AA18: 0.907405 | AB18: 0.942045 | AC18: 0.852062 | AD18: 6.742408 | AE18: 13.98243 | AF18: 9.244738 | AG18: 6.742408 | AH18: 0 | AI18: 1.944494 | AJ18: 1.674894 | AK18: 0.852062 | AL18: #########
A19: Baby Essentials_10-15 | B19: Baby Bath & Shower_10-15 | C19: Baby Essentials | D19: Baby Bath & Shower | E19: 46310 | F19: 2 | G19: 0 | H19: 42 | I19: 0 | J19: 0.468254 | K19: 0.773333 | L19: 0.518926 | M19: 0.733333 | N19: 0.948276 | O19: 0.04 | P19: 0.04 | Q19: 0.04 | R19: 0.733333 | S19: 0.733333 | T19: 0.04 | U19: 0.04 | V19: 0.04 | W19: 0.733333 | X19: 0.733333 | Y19: 0.386667 | Z19: 0.467593 | AA19: 0.907405 | AB19: 0.942045 | AC19: 0.852062 | AD19: 4.940896 | AE19: 5.044467 | AF19: 6.358956 | AG19: 5.817529 | AH19: 0 | AI19: 1.944494 | AJ19: 1.674894 | AK19: 0.852062 | AL19: #########
A20: Baby Essentials_15-20 | B20: Baby Bath & Shower_15-20 | C20: Baby Essentials | D20: Baby Bath & Shower | E20: 15-20 | F20: 2 | G20: 0 | H20: 377 | I20: 0 | J20: 1.979853 | K20: 1.704125 | L20: 1.760484 | M20: 1.365236 | N20: 0.801136 | O20: 0.338889 | P20: 0.338889 | Q20: 0.338889 | R20: 1.365236 | S20: 1.365236 | T20: 0.338889 | U20: 0.338889 | V20: 0.338889 | W20: 1.365236 | X20: 1.365236 | Y20: 0.852062 | Z20: 0.467593 | AA20: 0.907405 | AB20: 0.942045 | AC20: 0.852062 | AD20: 0.919298 | AE20: 1.380698 | AF20: 2.165781 | AG20: 2.559953 | AH20: 0 | AI20: 1.944494 | AJ20: 1.674894 | AK20: 0.852062 | AL20: #########
A21: Baby Essentials_20-25 | B21: Baby Bath & Shower_20-25 | C21: Baby Essentials | D21: Baby Bath & Shower | E21: 20-25 | F21: 4 | G21: 0 | H21: 852 | I21: 0 | J21: 7.243529 | K21: 5.854608 | L21: 5.450274 | M21: 3.270005 | N21: 0.558535 | O21: 0.249957 | P21: 0.249957 | Q21: 0.309804 | R21: 2.024842 | S21: 2.024842 | T21: 0.249957 | U21: 0.249957 | V21: 0.309804 | W21: 2.024842 | X21: 2.024842 | Y21: 1.463652 | Z21: 0.467593 | AA21: 0.907405 | AB21: 0.942045 | AC21: 0.852062 | AD21: 0.604598 | AE21: 1.075268 | AF21: 2.905084 | AG21: 1.036618 | AH21: 0 | AI21: 1.944494 | AJ21: 1.674894 | AK21: 0.852062 | AL21: #########
A22: Baby Essentials_25+ | B22: Baby Bath & Shower_25+ | C22: Baby Essentials | D22: Baby Bath & Shower | E22: 25+ | F22: 7 | G22: 0 | H22: 1000 | I22: 0 | J22: 6.339069 | K22: 5.650506 | L22: 5.132868 | M22: 2.024209 | N22: 0.358235 | O22: 0.466889 | P22: 0.467593 | Q22: 0.818519 | R22: 0.907405 | S22: 0.965891 | T22: 0.466889 | U22: 0.467593 | V22: 0.818519 | W22: 0.907405 | X22: 0.965891 | Y22: 0.807215 | Z22: 0.467593 | AA22: 0.907405 | AB22: 0.942045 | AC22: 0.852062 | AD22: 0.819971 | AE22: 1.223488 | AF22: 1.50437 | AG22: 1.524539 | AH22: 0 | AI22: 1.944494 | AJ22: 1.674894 | AK22: 0.852062 | AL22: #########
A23: Baby Essentials_Unknown | B23: Baby Bath & Shower_Unknown | C23: Baby Essentials | D23: Baby Bath & Shower | E23: Unknown | F23: 6 | G23: 1 | H23: 173 | I23: 173 | J23: 0 | K23: 0 | L23: 0 | M23: 0 | N23: 0 | O23: 0 | P23: 0 | Q23: 0 | R23: 0 | S23: 0 | T23: 0 | U23: 0 | V23: 0 | W23: 0 | X23: 0 | Y23: 0 | Z23: 0.467593 | AA23: 0.907405 | AB23: 0.942045 | AC23: 0.852062 | AD23: 0 | AE23: 0 | AF23: 0 | AG23: 0 | AH23: 0 | AI23: 1.944494 | AJ23: 1.674894 | AK23: 0.852062 | AL23: #########
A24: Baby Essentials_10-15 | B24: Baby Care_10-15 | C24: Baby Essentials | D24: Baby Care | E24: 46310 | F24: 2 | G24: 0 | H24: 295 | I24: 0 | J24: 0.836508 | K24: 0.83352 | L24: 0.878924 | M24: 0.628758 | N24: 0.754341 | O24: 0.204762 | P24: 0.204762 | Q24: 0.204762 | R24: 0.628758 | S24: 0.628758 | T24: 0.204762 | U24: 0.204762 | V24: 0.204762 | W24: 0.628758 | X24: 0.628758 | Y24: 0.41676 | Z24: 0.033333 | AA24: 0.5 | AB24: 0.391923 | AC24: 0.41676 | AD24: 4.940896 | AE24: 5.044467 | AF24: 6.358956 | AG24: 5.817529 | AH24: 0 | AI24: 1.944494 | AJ24: 1.674894 | AK24: 0.852062 | AL24: #########
A25: Baby Essentials_15-20 | B25: Baby Care_15-20 | C25: Baby Essentials | D25: Baby Care | E25: 15-20 | F25: 6 | G25: 0 | H25: 408 | I25: 0 | J25: 2.612338 | K25: 4.248377 | L25: 5.011963 | M25: 3.330643 | N25: 0.78398 | O25: 0 | P25: 0 | Q25: 0 | R25: 0.5 | S25: 1.380698 | T25: 0.417734 | U25: 0.417734 | V25: 0.5 | W25: 1.380698 | X25: 1.380698 | Y25: 0.708063 | Z25: 0.033333 | AA25: 0.5 | AB25: 0.391923 | AC25: 0.41676 | AD25: 0.919298 | AE25: 1.380698 | AF25: 2.165781 | AG25: 2.559953 | AH25: 0 | AI25: 1.944494 | AJ25: 1.674894 | AK25: 0.852062 | AL25: #########
A26: Baby Essentials_20-25 | B26: Baby Care_20-25 | C26: Baby Essentials | D26: Baby Care | E26: 20-25 | F26: 3 | G26: 0 | H26: 110 | I26: 0 | J26: 0.896825 | K26: 1.018309 | L26: 2.470283 | M26: 0.572991 | N26: 0.562689 | O26: 0 | P26: 0 | Q26: 0 | R26: 0.445317 | S26: 0.572991 | T26: 0.445317 | U26: 0.445317 | V26: 0.445317 | W26: 0.572991 | X26: 0.572991 | Y26: 0.339436 | Z26: 0.033333 | AA26: 0.5 | AB26: 0.391923 | AC26: 0.41676 | AD26: 0.604598 | AE26: 1.075268 | AF26: 2.905084 | AG26: 1.036618 | AH26: 0 | AI26: 1.944494 | AJ26: 1.674894 | AK26: 0.852062 | AL26: #########
A27: Baby Essentials_25+ | B27: Baby Care_25+ | C27: Baby Essentials | D27: Baby Care | E27: 25+ | F27: 17 | G27: 0 | H27: 2346 | I27: 0 | J27: 11.15745 | K27: 11.92824 | L27: 13.27689 | M27: 7.785888 | N27: 0.652727 | O27: 0 | P27: 0.033333 | Q27: 0.066667 | R27: 0.280952 | S27: 0.907405 | T27: 0.033333 | U27: 0.066667 | V27: 0.142857 | W27: 0.366667 | X27: 1.196848 | Y27: 0.701661 | Z27: 0.033333 | AA27: 0.5 | AB27: 0.391923 | AC27: 0.41676 | AD27: 0.819971 | AE27: 1.223488 | AF27: 1.50437 | AG27: 1.524539 | AH27: 0 | AI27: 1.944494 | AJ27: 1.674894 | AK27: 0.852062 | AL27: #########
A28: Baby Essentials_Unknown | B28: Baby Care_Unknown | C28: Baby Essentials | D28: Baby Care | E28: Unknown | F28: 18 | G28: 1 | H28: 34 | I28: 34 | J28: 0 | K28: 0 | L28: 0 | M28: 0 | N28: 0 | O28: 0 | P28: 0 | Q28: 0 | R28: 0 | S28: 0 | T28: 0 | U28: 0 | V28: 0 | W28: 0 | X28: 0 | Y28: 0 | Z28: 0.033333 | AA28: 0.5 | AB28: 0.391923 | AC28: 0.41676 | AD28: 0 | AE28: 0 | AF28: 0 | AG28: 0 | AH28: 0 | AI28: 1.944494 | AJ28: 1.674894 | AK28: 0.852062 | AL28: #########
A29: Baby Essentials_0-5 | B29: Baby Food_0-5 | C29: Baby Essentials | D29: Baby Food | E29: 0-5 | F29: 2 | G29: 0 | H29: 3162 | I29: 0 | J29: 42.18712 | K29: 39.48128 | L29: 39.13113 | M29: 25.49885 | N29: 0.645847 | O29: 13.98243 | P29: 13.98243 | Q29: 13.98243 | R29: 25.49885 | S29: 25.49885 | T29: 13.98243 | U29: 13.98243 | V29: 13.98243 | W29: 25.49885 | X29: 25.49885 | Y29: 19.74064 | Z29: 0 | AA29: 4.700865 | AB29: 2.072861 | AC29: 2.559953 | AD29: 6.742408 | AE29: 13.98243 | AF29: 9.244738 | AG29: 6.742408 | AH29: 0 | AI29: 1.944494 | AJ29: 1.674894 | AK29: 0.852062 | AL29: #########
A30: Baby Essentials_10-15 | B30: Baby Food_10-15 | C30: Baby Essentials | D30: Baby Food | E30: 46310 | F30: 20 | G30: 0 | H30: 10154 | I30: 0 | J30: 115.4056 | K30: 116.3506 | L30: 117.5589 | M30: 37.94324 | N30: 0.326111 | O30: 2.113793 | P30: 3.277392 | Q30: 3.852793 | R30: 6.018057 | S30: 8.02561 | T30: 2.113793 | U30: 3.277392 | V30: 3.852793 | W30: 6.018057 | X30: 8.02561 | Y30: 5.817529 | Z30: 0 | AA30: 4.700865 | AB30: 2.072861 | AC30: 2.559953 | AD30: 4.940896 | AE30: 5.044467 | AF30: 6.358956 | AG30: 5.817529 | AH30: 0 | AI30: 1.944494 | AJ30: 1.674894 | AK30: 0.852062 | AL30: #########
A31: Baby Essentials_15-20 | B31: Baby Food_15-20 | C31: Baby Essentials | D31: Baby Food | E31: 15-20 | F31: 6 | G31: 0 | H31: 1030 | I31: 0 | J31: 21.28644 | K31: 15.35972 | L31: 13.99204 | M31: 10.19609 | N31: 0.66382 | O31: 0 | P31: 0.25 | Q31: 0.25 | R31: 3.277122 | S31: 3.441991 | T31: 0.25 | U31: 1.636508 | V31: 1.636508 | W31: 3.277122 | X31: 3.441991 | Y31: 2.559953 | Z31: 0 | AA31: 4.700865 | AB31: 2.072861 | AC31: 2.559953 | AD31: 0.919298 | AE31: 1.380698 | AF31: 2.165781 | AG31: 2.559953 | AH31: 0 | AI31: 1.944494 | AJ31: 1.674894 | AK31: 0.852062 | AL31: #########
A32: Baby Essentials_20-25 | B32: Baby Food_20-25 | C32: Baby Essentials | D32: Baby Food | E32: 20-25 | F32: 5 | G32: 0 | H32: 532 | I32: 0 | J32: 3.931319 | K32: 5.183091 | L32: 4.518586 | M32: 1.839733 | N32: 0.354949 | O32: 0 | P32: 0.604598 | Q32: 0.604598 | R32: 1.075268 | S32: 1.663492 | T32: 0.604598 | U32: 0.604598 | V32: 1.075268 | W32: 1.663492 | X32: 1.663492 | Y32: 1.036618 | Z32: 0 | AA32: 4.700865 | AB32: 2.072861 | AC32: 2.559953 | AD32: 0.604598 | AE32: 1.075268 | AF32: 2.905084 | AG32: 1.036618 | AH32: 0 | AI32: 1.944494 | AJ32: 1.674894 | AK32: 0.852062 | AL32: #########
A33: Baby Essentials_25+ | B33: Baby Food_25+ | C33: Baby Essentials | D33: Baby Food | E33: 25+ | F33: 23 | G33: 0 | H33: 5716 | I33: 0 | J33: 25.61588 | K33: 24.61555 | L33: 25.96152 | M33: 11.85411 | N33: 0.48157 | O33: 0 | P33: 0.333333 | Q33: 0.485965 | R33: 0.801372 | S33: 1.475322 | T33: 0.398925 | U33: 0.569342 | V33: 0.629032 | W33: 1.224731 | X33: 1.669429 | Y33: 1.070241 | Z33: 0 | AA33: 4.700865 | AB33: 2.072861 | AC33: 2.559953 | AD33: 0.819971 | AE33: 1.223488 | AF33: 1.50437 | AG33: 1.524539 | AH33: 0 | AI33: 1.944494 | AJ33: 1.674894 | AK33: 0.852062 | AL33: #########
A34: Baby Essentials_5-10 | B34: Baby Food_5-10 | C34: Baby Essentials | D34: Baby Food | E34: 46300 | F34: 38 | G34: 0 | H34: 18259 | I34: 0 | J34: 226.9654 | K34: 232.2377 | L34: 228.7983 | M34: 130.1928 | N34: 0.560602 | O34: 0 | P34: 0 | Q34: 0 | R34: 5.351227 | S34: 7.837183 | T34: 3.219366 | U34: 4.829101 | V34: 5.351227 | W34: 6.859468 | X34: 9.697403 | Y34: 6.111517 | Z34: 0 | AA34: 4.700865 | AB34: 2.072861 | AC34: 2.559953 | AD34: 4.700865 | AE34: 6.467258 | AF34: 7.243518 | AG34: 12.02307 | AH34: 0 | AI34: 1.944494 | AJ34: 1.674894 | AK34: 0.852062 | AL34: #########
A35: Baby Essentials_Unknown | B35: Baby Food_Unknown | C35: Baby Essentials | D35: Baby Food | E35: Unknown | F35: 115 | G35: 7 | H35: 849 | I35: 849 | J35: 0 | K35: 0 | L35: 0 | M35: 0 | N35: 0 | O35: 0 | P35: 0 | Q35: 0 | R35: 0 | S35: 0 | T35: 0 | U35: 0 | V35: 0 | W35: 0 | X35: 0 | Y35: 0 | Z35: 0 | AA35: 4.700865 | AB35: 2.072861 | AC35: 2.559953 | AD35: 0 | AE35: 0 | AF35: 0 | AG35: 0 | AH35: 0 | AI35: 1.944494 | AJ35: 1.674894 | AK35: 0.852062 | AL35: #########
A36: Baby Essentials_10-15 | B36: Diapers_10-15 | C36: Baby Essentials | D36: Diapers | E36: 46310 | F36: 1 | G36: 0 | H36: 0 | I36: 0 | J36: 0 | K36: 0 | L36: 0 | M36: 0 | N36: 0 | O36: 0 | P36: 0 | Q36: 0 | R36: 0 | S36: 0 | T36: 0 | U36: 0 | V36: 0 | W36: 0 | X36: 0 | Y36: 0 | Z36: 0 | AA36: 1.616149 | AB36: 0.818778 | AC36: 0.043478 | AD36: 4.940896 | AE36: 5.044467 | AF36: 6.358956 | AG36: 5.817529 | AH36: 0 | AI36: 1.944494 | AJ36: 1.674894 | AK36: 0.852062 | AL36: #########
A37: Baby Essentials_20-25 | B37: Diapers_20-25 | C37: Baby Essentials | D37: Diapers | E37: 20-25 | F37: 1 | G37: 0 | H37: 0 | I37: 0 | J37: 0.142857 | K37: 0.043478 | L37: 0.393868 | M37: 0.043478 | N37: 1 | O37: 0.043478 | P37: 0.043478 | Q37: 0.043478 | R37: 0.043478 | S37: 0.043478 | T37: 0.043478 | U37: 0.043478 | V37: 0.043478 | W37: 0.043478 | X37: 0.043478 | Y37: 0.043478 | Z37: 0 | AA37: 1.616149 | AB37: 0.818778 | AC37: 0.043478 | AD37: 0.604598 | AE37: 1.075268 | AF37: 2.905084 | AG37: 1.036618 | AH37: 0 | AI37: 1.944494 | AJ37: 1.674894 | AK37: 0.852062 | AL37: #########
A38: Baby Essentials_25+ | B38: Diapers_25+ | C38: Baby Essentials | D38: Diapers | E38: 25+ | F38: 58 | G38: 1 | H38: 14295 | I38: 38 | J38: 95.22271 | K38: 98.20989 | L38: 93.58637 | M38: 62.78343 | N38: 0.639278 | O38: 0 | P38: 0 | Q38: 0.039416 | R38: 0.962324 | S38: 1.970503 | T38: 0.518687 | U38: 0.755759 | V38: 0.990988 | W38: 1.676232 | X38: 2.811014 | Y38: 1.693274 | Z38: 0 | AA38: 1.616149 | AB38: 0.818778 | AC38: 0.043478 | AD38: 0.819971 | AE38: 1.223488 | AF38: 1.50437 | AG38: 1.524539 | AH38: 0 | AI38: 1.944494 | AJ38: 1.674894 | AK38: 0.852062 | AL38: #########
A39: Baby Essentials_Unknown | B39: Diapers_Unknown | C39: Baby Essentials | D39: Diapers | E39: Unknown | F39: 60 | G39: 8 | H39: 190 | I39: 190 | J39: 0 | K39: 0 | L39: 0 | M39: 0 | N39: 0 | O39: 0 | P39: 0 | Q39: 0 | R39: 0 | S39: 0 | T39: 0 | U39: 0 | V39: 0 | W39: 0 | X39: 0 | Y39: 0 | Z39: 0 | AA39: 1.616149 | AB39: 0.818778 | AC39: 0.043478 | AD39: 0 | AE39: 0 | AF39: 0 | AG39: 0 | AH39: 0 | AI39: 1.944494 | AJ39: 1.674894 | AK39: 0.852062 | AL39: #########
A40: Baby Essentials_10-15 | B40: Milk Formula_10-15 | C40: Baby Essentials | D40: Milk Formula | E40: 46310 | F40: 3 | G40: 0 | H40: 4233 | I40: 0 | J40: 50.95109 | K40: 46.51485 | L40: 44.6565 | M40: 24.61995 | N40: 0.529292 | O40: 5.741263 | P40: 5.741263 | Q40: 5.741263 | R40: 16.15364 | S40: 24.61995 | T40: 5.741263 | U40: 5.741263 | V40: 5.741263 | W40: 16.15364 | X40: 24.61995 | Y40: 15.50495 | Z40: 0 | AA40: 1.652932 | AB40: 0.962042 | AC40: 1.524539 | AD40: 4.940896 | AE40: 5.044467 | AF40: 6.358956 | AG40: 5.817529 | AH40: 0 | AI40: 1.944494 | AJ40: 1.674894 | AK40: 0.852062 | AL40: #########
A41: Baby Essentials_25+ | B41: Milk Formula_25+ | C41: Baby Essentials | D41: Milk Formula | E41: 25+ | F41: 49 | G41: 3 | H41: 10365 | I41: 210 | J41: 73.40844 | K41: 74.70241 | L41: 73.97362 | M41: 46.94495 | N41: 0.628426 | O41: 0 | P41: 0 | Q41: 0.142062 | R41: 0.722572 | S41: 2.012851 | T41: 0.158333 | U41: 0.380023 | V41: 0.608453 | W41: 1.550621 | X41: 2.490825 | Y41: 1.524539 | Z41: 0 | AA41: 1.652932 | AB41: 0.962042 | AC41: 1.524539 | AD41: 0.819971 | AE41: 1.223488 | AF41: 1.50437 | AG41: 1.524539 | AH41: 0 | AI41: 1.944494 | AJ41: 1.674894 | AK41: 0.852062 | AL41: #########
A42: Baby Essentials_Unknown | B42: Milk Formula_Unknown | C42: Baby Essentials | D42: Milk Formula | E42: Unknown | F42: 74 | G42: 8 | H42: 518 | I42: 518 | J42: 0 | K42: 0 | L42: 0 | M42: 0 | N42: 0 | O42: 0 | P42: 0 | Q42: 0 | R42: 0 | S42: 0 | T42: 0 | U42: 0 | V42: 0 | W42: 0 | X42: 0 | Y42: 0 | Z42: 0 | AA42: 1.652932 | AB42: 0.962042 | AC42: 1.524539 | AD42: 0 | AE42: 0 | AF42: 0 | AG42: 0 | AH42: 0 | AI42: 1.944494 | AJ42: 1.674894 | AK42: 0.852062 | AL42: #########
A43: Baby Essentials_0-5 | B43: Wipes_0-5 | C43: Baby Essentials | D43: Wipes | E43: 0-5 | F43: 2 | G43: 0 | H43: 0 | I43: 0 | J43: 0 | K43: 0 | L43: 0 | M43: 0 | N43: 0 | O43: 0 | P43: 0 | Q43: 0 | R43: 0 | S43: 0 | T43: 0 | U43: 0 | V43: 0 | W43: 0 | X43: 0 | Y43: 0 | Z43: 0 | AA43: 3.050312 | AB43: 3.624828 | AC43: 0 | AD43: 6.742408 | AE43: 13.98243 | AF43: 9.244738 | AG43: 6.742408 | AH43: 0 | AI43: 1.944494 | AJ43: 1.674894 | AK43: 0.852062 | AL43: #########
A44: Baby Essentials_10-15 | B44: Wipes_10-15 | C44: Baby Essentials | D44: Wipes | E44: 46310 | F44: 8 | G44: 0 | H44: 4844 | I44: 0 | J44: 66.99415 | K44: 64.45013 | L44: 66.4603 | M44: 50.55019 | N44: 0.78433 | O44: 0 | P44: 0.777778 | Q44: 1.102844 | R44: 4.324937 | S44: 4.729509 | T44: 0.777778 | U44: 1.102844 | V44: 2.964866 | W44: 4.324937 | X44: 4.729509 | Y44: 8.056266 | Z44: 0 | AA44: 3.050312 | AB44: 3.624828 | AC44: 0 | AD44: 4.940896 | AE44: 5.044467 | AF44: 6.358956 | AG44: 5.817529 | AH44: 0 | AI44: 1.944494 | AJ44: 1.674894 | AK44: 0.852062 | AL44: #########
A45: Baby Essentials_15-20 | B45: Wipes_15-20 | C45: Baby Essentials | D45: Wipes | E45: 15-20 | F45: 5 | G45: 0 | H45: 2180 | I45: 0 | J45: 20.71845 | K45: 19.83762 | L45: 20.37207 | M45: 18.87287 | N45: 0.951368 | O45: 0 | P45: 0.045455 | Q45: 0.045455 | R45: 0.919298 | S45: 7.330326 | T45: 0.045455 | U45: 0.045455 | V45: 0.919298 | W45: 7.330326 | X45: 7.330326 | Y45: 3.967524 | Z45: 0 | AA45: 3.050312 | AB45: 3.624828 | AC45: 0 | AD45: 0.919298 | AE45: 1.380698 | AF45: 2.165781 | AG45: 2.559953 | AH45: 0 | AI45: 1.944494 | AJ45: 1.674894 | AK45: 0.852062 | AL45: #########
A46: Baby Essentials_20-25 | B46: Wipes_20-25 | C46: Baby Essentials | D46: Wipes | E46: 20-25 | F46: 7 | G46: 0 | H46: 4290 | I46: 0 | J46: 48.08331 | K46: 46.0022 | L46: 47.63755 | M46: 36.57724 | N46: 0.795119 | O46: 0 | P46: 0.142857 | Q46: 0.341043 | R46: 3.050312 | S46: 5.890748 | T46: 0.142857 | U46: 0.341043 | V46: 0.341043 | W46: 5.890748 | X46: 15.38482 | Y46: 6.571742 | Z46: 0 | AA46: 3.050312 | AB46: 3.624828 | AC46: 0 | AD46: 0.604598 | AE46: 1.075268 | AF46: 2.905084 | AG46: 1.036618 | AH46: 0 | AI46: 1.944494 | AJ46: 1.674894 | AK46: 0.852062 | AL46: #########
A47: Baby Essentials_25+ | B47: Wipes_25+ | C47: Baby Essentials | D47: Wipes | E47: 25+ | F47: 11 | G47: 1 | H47: 3831 | I47: 196 | J47: 33.41976 | K47: 33.11446 | L47: 35.57288 | M47: 22.2612 | N47: 0.67225 | O47: 0.066667 | P47: 0.130952 | Q47: 0.336111 | R47: 2.349372 | S47: 3.835817 | T47: 0.130952 | U47: 0.336111 | V47: 0.533333 | W47: 3.60101 | X47: 3.879196 | Y47: 3.010406 | Z47: 0 | AA47: 3.050312 | AB47: 3.624828 | AC47: 0 | AD47: 0.819971 | AE47: 1.223488 | AF47: 1.50437 | AG47: 1.524539 | AH47: 0 | AI47: 1.944494 | AJ47: 1.674894 | AK47: 0.852062 | AL47: #########
A48: Baby Essentials_5-10 | B48: Wipes_5-10 | C48: Baby Essentials | D48: Wipes | E48: 46300 | F48: 9 | G48: 0 | H48: 3989 | I48: 0 | J48: 102.2306 | K48: 108.2077 | L48: 107.931 | M48: 107.8466 | N48: 0.996663 | O48: 0 | P48: 0 | Q48: 0 | R48: 0.111111 | S48: 2.665578 | T48: 0.111111 | U48: 0.25 | V48: 0.25 | W48: 2.665578 | X48: 14.19258 | Y48: 12.02307 | Z48: 0 | AA48: 3.050312 | AB48: 3.624828 | AC48: 0 | AD48: 4.700865 | AE48: 6.467258 | AF48: 7.243518 | AG48: 12.02307 | AH48: 0 | AI48: 1.944494 | AJ48: 1.674894 | AK48: 0.852062 | AL48: #########
A49: Baby Essentials_Unknown | B49: Wipes_Unknown | C49: Baby Essentials | D49: Wipes | E49: Unknown | F49: 9 | G49: 3 | H49: 42 | I49: 42 | J49: 0 | K49: 0 | L49: 0 | M49: 0 | N49: 0 | O49: 0 | P49: 0 | Q49: 0 | R49: 0 | S49: 0 | T49: 0 | U49: 0 | V49: 0 | W49: 0 | X49: 0 | Y49: 0 | Z49: 0 | AA49: 3.050312 | AB49: 3.624828 | AC49: 0 | AD49: 0 | AE49: 0 | AF49: 0 | AG49: 0 | AH49: 0 | AI49: 1.944494 | AJ49: 1.674894 | AK49: 0.852062 | AL49: #########
A50: Baby Essentials | Hygiene & Personal Care_Unknown | B50: Baby Bath & Shower | Bath & Shower_Unknown | C50: Baby Essentials | Hygiene & Personal Care | D50: Baby Bath & Shower | Bath & Shower | E50: Unknown | F50: 1 | G50: 0 | H50: 0 | I50: 0 | J50: 0 | K50: 0 | L50: 0 | M50: 0 | N50: 0 | O50: 0 | P50: 0 | Q50: 0 | R50: 0 | S50: 0 | T50: 0 | U50: 0 | V50: 0 | W50: 0 | X50: 0 | Y50: 0 | Z50: 0 | AA50: 0 | AB50: 0 | AC50: 0 | AD50: 0 | AE50: 0 | AF50: 0 | AG50: 0 | AH50: 0 | AI50: 0 | AJ50: 0 | AK50: 0 | AL50: #########
A51: Baby Essentials | Salty Snacks_Unknown | B51: Baby Food | Healthy Snacks_Unknown | C51: Baby Essentials | Salty Snacks | D51: Baby Food | Healthy Snacks | E51: Unknown | F51: 1 | G51: 0 | H51: 0 | I51: 0 | J51: 0 | K51: 0 | L51: 0 | M51: 0 | N51: 0 | O51: 0 | P51: 0 | Q51: 0 | R51: 0 | S51: 0 | T51: 0 | U51: 0 | V51: 0 | W51: 0 | X51: 0 | Y51: 0 | Z51: 0 | AA51: 0 | AB51: 0 | AC51: 0 | AD51: 0 | AE51: 0 | AF51: 0 | AG51: 0 | AH51: 0 | AI51: 0 | AJ51: 0 | AK51: 0 | AL51: #########
A52: Bakery_0-5 | B52: Arabic & Flat Bread_0-5 | C52: Bakery | D52: Arabic & Flat Bread | E52: 0-5 | F52: 15 | G52: 0 | H52: 2486 | I52: 0 | J52: 634.2962 | K52: 628.8995 | L52: 656.4332 | M52: 344.7442 | N52: 0.548171 | O52: 0 | P52: 0 | Q52: 13.79891 | R52: 28.98451 | S52: 50.09253 | T52: 19.39461 | U52: 27.63678 | V52: 28.98451 | W52: 43.25615 | X52: 58.49821 | Y52: 41.92664 | Z52: 0 | AA52: 27.63678 | AB52: 12.26908 | AC52: 17.62164 | AD52: 20.65125 | AE52: 28.6914 | AF52: 40.32366 | AG52: 26.71699 | AH52: 0 | AI52: 10.00627 | AJ52: 6.786101 | AK52: 3.965438 | AL52: #########
A53: Bakery_10-15 | B53: Arabic & Flat Bread_10-15 | C53: Bakery | D53: Arabic & Flat Bread | E53: 46310 | F53: 2 | G53: 0 | H53: 184 | I53: 0 | J53: 20.93597 | K53: 23.87518 | L53: 24.67801 | M53: 17.92778 | N53: 0.750896 | O53: 5.947398 | P53: 5.947398 | Q53: 5.947398 | R53: 17.92778 | S53: 17.92778 | T53: 5.947398 | U53: 5.947398 | V53: 5.947398 | W53: 17.92778 | X53: 17.92778 | Y53: 11.93759 | Z53: 0 | AA53: 27.63678 | AB53: 12.26908 | AC53: 17.62164 | AD53: 1.250293 | AE53: 6.357465 | AF53: 9.86724 | AG53: 2.585592 | AH53: 0 | AI53: 10.00627 | AJ53: 6.786101 | AK53: 3.965438 | AL53: #########
A54: Bakery_15-20 | B54: Arabic & Flat Bread_15-20 | C54: Bakery | D54: Arabic & Flat Bread | E54: 15-20 | F54: 3 | G54: 0 | H54: 188 | I54: 0 | J54: 34.78915 | K54: 31.07873 | L54: 36.0961 | M54: 13.69016 | N54: 0.440499 | O54: 5.613659 | P54: 5.613659 | Q54: 5.613659 | R54: 11.77491 | S54: 13.69016 | T54: 5.613659 | U54: 5.613659 | V54: 5.613659 | W54: 11.77491 | X54: 13.69016 | Y54: 10.35958 | Z54: 0 | AA54: 27.63678 | AB54: 12.26908 | AC54: 17.62164 | AD54: 3.5 | AE54: 5.186141 | AF54: 11.12763 | AG54: 4.687512 | AH54: 0 | AI54: 10.00627 | AJ54: 6.786101 | AK54: 3.965438 | AL54: #########
A55: Bakery_20-25 | B55: Arabic & Flat Bread_20-25 | C55: Bakery | D55: Arabic & Flat Bread | E55: 20-25 | F55: 1 | G55: 0 | H55: 64 | I55: 0 | J55: 14.76574 | K55: 17.62164 | L55: 17.94999 | M55: 17.62164 | N55: 1 | O55: 17.62164 | P55: 17.62164 | Q55: 17.62164 | R55: 17.62164 | S55: 17.62164 | T55: 17.62164 | U55: 17.62164 | V55: 17.62164 | W55: 17.62164 | X55: 17.62164 | Y55: 17.62164 | Z55: 0 | AA55: 27.63678 | AB55: 12.26908 | AC55: 17.62164 | AD55: 3.424888 | AE55: 3.622439 | AF55: 5.362943 | AG55: 4.135645 | AH55: 0 | AI55: 10.00627 | AJ55: 6.786101 | AK55: 3.965438 | AL55: #########
A56: Bakery_5-10 | B56: Arabic & Flat Bread_5-10 | C56: Bakery | D56: Arabic & Flat Bread | E56: 46300 | F56: 6 | G56: 0 | H56: 496 | I56: 0 | J56: 110.8267 | K56: 108.2841 | L56: 110.9007 | M56: 103.2206 | N56: 0.953238 | O56: 0 | P56: 0 | Q56: 0 | R56: 5.063565 | S56: 13.92996 | T56: 5.063565 | U56: 5.063565 | V56: 5.063565 | W56: 13.92996 | X56: 89.2906 | Y56: 18.04735 | Z56: 0 | AA56: 27.63678 | AB56: 12.26908 | AC56: 17.62164 | AD56: 5.533723 | AE56: 12.51933 | AF56: 16.38261 | AG56: 18.04735 | AH56: 0 | AI56: 10.00627 | AJ56: 6.786101 | AK56: 3.965438 | AL56: #########
A57: Bakery_Unknown | B57: Arabic & Flat Bread_Unknown | C57: Bakery | D57: Arabic & Flat Bread | E57: Unknown | F57: 39 | G57: 0 | H57: 0 | I57: 0 | J57: 0 | K57: 0 | L57: 0 | M57: 0 | N57: 0 | O57: 0 | P57: 0 | Q57: 0 | R57: 0 | S57: 0 | T57: 0 | U57: 0 | V57: 0 | W57: 0 | X57: 0 | Y57: 0 | Z57: 0 | AA57: 27.63678 | AB57: 12.26908 | AC57: 17.62164 | AD57: 0 | AE57: 0 | AF57: 0 | AG57: 0 | AH57: 0 | AI57: 10.00627 | AJ57: 6.786101 | AK57: 3.965438 | AL57: #########
A58: Bakery_10-15 | B58: Arabic Sweets_10-15 | C58: Bakery | D58: Arabic Sweets | E58: 46310 | F58: 2 | G58: 0 | H58: 0 | I58: 0 | J58: 0 | K58: 0 | L58: 0 | M58: 0 | N58: 0 | O58: 0 | P58: 0 | Q58: 0 | R58: 0 | S58: 0 | T58: 0 | U58: 0 | V58: 0 | W58: 0 | X58: 0 | Y58: 0 | Z58: 0 | AA58: 2.257019 | AB58: 0.458512 | AC58: 0 | AD58: 1.250293 | AE58: 6.357465 | AF58: 9.86724 | AG58: 2.585592 | AH58: 0 | AI58: 10.00627 | AJ58: 6.786101 | AK58: 3.965438 | AL58: #########
A59: Bakery_15-20 | B59: Arabic Sweets_15-20 | C59: Bakery | D59: Arabic Sweets | E59: 15-20 | F59: 2 | G59: 0 | H59: 0 | I59: 0 | J59: 0 | K59: 0 | L59: 0 | M59: 0 | N59: 0 | O59: 0 | P59: 0 | Q59: 0 | R59: 0 | S59: 0 | T59: 0 | U59: 0 | V59: 0 | W59: 0 | X59: 0 | Y59: 0 | Z59: 0 | AA59: 2.257019 | AB59: 0.458512 | AC59: 0 | AD59: 3.5 | AE59: 5.186141 | AF59: 11.12763 | AG59: 4.687512 | AH59: 0 | AI59: 10.00627 | AJ59: 6.786101 | AK59: 3.965438 | AL59: #########
A60: Bakery_25+ | B60: Arabic Sweets_25+ | C60: Bakery | D60: Arabic Sweets | E60: 25+ | F60: 10 | G60: 0 | H60: 2288 | I60: 0 | J60: 33.79385 | K60: 33.92991 | L60: 37.87458 | M60: 29.38428 | N60: 0.866029 | O60: 0 | P60: 0 | Q60: 0 | R60: 1.545396 | S60: 2.257019 | T60: 1.388036 | U60: 1.545396 | V60: 1.545396 | W60: 2.257019 | X60: 4.856376 | Y60: 3.392991 | Z60: 0 | AA60: 2.257019 | AB60: 0.458512 | AC60: 0 | AD60: 1.545396 | AE60: 2 | AF60: 3.351121 | AG60: 3.010825 | AH60: 0 | AI60: 10.00627 | AJ60: 6.786101 | AK60: 3.965438 | AL60: #########
A61: Bakery_Unknown | B61: Arabic Sweets_Unknown | C61: Bakery | D61: Arabic Sweets | E61: Unknown | F61: 37 | G61: 0 | H61: 0 | I61: 0 | J61: 0 | K61: 0 | L61: 0 | M61: 0 | N61: 0 | O61: 0 | P61: 0 | Q61: 0 | R61: 0 | S61: 0 | T61: 0 | U61: 0 | V61: 0 | W61: 0 | X61: 0 | Y61: 0 | Z61: 0 | AA61: 2.257019 | AB61: 0.458512 | AC61: 0 | AD61: 0 | AE61: 0 | AF61: 0 | AG61: 0 | AH61: 0 | AI61: 10.00627 | AJ61: 6.786101 | AK61: 3.965438 | AL61: #########
A62: Bakery_0-5 | B62: Buns & Rolls_0-5 | C62: Bakery | D62: Buns & Rolls | E62: 0-5 | F62: 16 | G62: 0 | H62: 2602 | I62: 0 | J62: 415.9207 | K62: 427.4718 | L62: 450.4285 | M62: 297.5673 | N62: 0.69611 | O62: 0 | P62: 1.166667 | Q62: 2.035483 | R62: 16.49978 | S62: 34.50944 | T62: 2.035483 | U62: 2.672798 | V62: 7.947657 | W62: 20.71314 | X62: 41.49443 | Y62: 26.71699 | Z62: 0 | AA62: 11.93117 | AB62: 6.99314 | AC62: 4.687512 | AD62: 20.65125 | AE62: 28.6914 | AF62: 40.32366 | AG62: 26.71699 | AH62: 0 | AI62: 10.00627 | AJ62: 6.786101 | AK62: 3.965438 | AL62: #########
A63: Bakery_10-15 | B63: Buns & Rolls_10-15 | C63: Bakery | D63: Buns & Rolls | E63: 46310 | F63: 2 | G63: 0 | H63: 0 | I63: 0 | J63: 0 | K63: 1.916667 | L63: 1.194444 | M63: 1.916667 | N63: 1 | O63: 0 | P63: 0 | Q63: 0 | R63: 1.916667 | S63: 1.916667 | T63: 1.916667 | U63: 1.916667 | V63: 1.916667 | W63: 1.916667 | X63: 1.916667 | Y63: 0.958333 | Z63: 0 | AA63: 11.93117 | AB63: 6.99314 | AC63: 4.687512 | AD63: 1.250293 | AE63: 6.357465 | AF63: 9.86724 | AG63: 2.585592 | AH63: 0 | AI63: 10.00627 | AJ63: 6.786101 | AK63: 3.965438 | AL63: #########
A64: Bakery_15-20 | B64: Buns & Rolls_15-20 | C64: Bakery | D64: Buns & Rolls | E64: 15-20 | F64: 11 | G64: 0 | H64: 1491 | I64: 0 | J64: 35.51815 | K64: 51.56263 | L64: 49.99064 | M64: 32.0667 | N64: 0.621898 | O64: 0 | P64: 0.785714 | Q64: 2.498413 | R64: 3.5 | S64: 5.158348 | T64: 0.785714 | U64: 2.498413 | V64: 2.709111 | W64: 4.844343 | X64: 6.446825 | Y64: 4.687512 | Z64: 0 | AA64: 11.93117 | AB64: 6.99314 | AC64: 4.687512 | AD64: 3.5 | AE64: 5.186141 | AF64: 11.12763 | AG64: 4.687512 | AH64: 0 | AI64: 10.00627 | AJ64: 6.786101 | AK64: 3.965438 | AL64: #########
A65: Bakery_20-25 | B65: Buns & Rolls_20-25 | C65: Bakery | D65: Buns & Rolls | E65: 20-25 | F65: 3 | G65: 0 | H65: 519 | I65: 0 | J65: 12.71128 | K65: 12.40693 | L65: 11.26669 | M65: 6.29363 | N65: 0.507267 | O65: 0 | P65: 0 | Q65: 0 | R65: 6.113304 | S65: 6.29363 | T65: 6.113304 | U65: 6.113304 | V65: 6.113304 | W65: 6.29363 | X65: 6.29363 | Y65: 4.135645 | Z65: 0 | AA65: 11.93117 | AB65: 6.99314 | AC65: 4.687512 | AD65: 3.424888 | AE65: 3.622439 | AF65: 5.362943 | AG65: 4.135645 | AH65: 0 | AI65: 10.00627 | AJ65: 6.786101 | AK65: 3.965438 | AL65: #########
A66: Bakery_5-10 | B66: Buns & Rolls_5-10 | C66: Bakery | D66: Buns & Rolls | E66: 46300 | F66: 5 | G66: 0 | H66: 650 | I66: 0 | J66: 97.85589 | K66: 101.0589 | L66: 103.593 | M66: 26.84986 | N66: 0.265685 | O66: 11.93117 | P66: 14.24853 | Q66: 14.24853 | R66: 22.9942 | S66: 25.03517 | T66: 11.93117 | U66: 14.24853 | V66: 14.24853 | W66: 22.9942 | X66: 25.03517 | Y66: 20.21179 | Z66: 0 | AA66: 11.93117 | AB66: 6.99314 | AC66: 4.687512 | AD66: 5.533723 | AE66: 12.51933 | AF66: 16.38261 | AG66: 18.04735 | AH66: 0 | AI66: 10.00627 | AJ66: 6.786101 | AK66: 3.965438 | AL66: #########
A67: Bakery_Unknown | B67: Buns & Rolls_Unknown | C67: Bakery | D67: Buns & Rolls | E67: Unknown | F67: 48 | G67: 0 | H67: 0 | I67: 0 | J67: 0 | K67: 0 | L67: 0 | M67: 0 | N67: 0 | O67: 0 | P67: 0 | Q67: 0 | R67: 0 | S67: 0 | T67: 0 | U67: 0 | V67: 0 | W67: 0 | X67: 0 | Y67: 0 | Z67: 0 | AA67: 11.93117 | AB67: 6.99314 | AC67: 4.687512 | AD67: 0 | AE67: 0 | AF67: 0 | AG67: 0 | AH67: 0 | AI67: 10.00627 | AJ67: 6.786101 | AK67: 3.965438 | AL67: #########
A68: Bakery_10-15 | B68: Christmas_10-15 | C68: Bakery | D68: Christmas | E68: 46310 | F68: 7 | G68: 0 | H68: 813 | I68: 0 | J68: 12.5 | K68: 12.5 | L68: 12.5 | M68: 6.5 | N68: 0.52 | O68: 0 | P68: 0.5 | Q68: 1 | R68: 2 | S68: 2.5 | T68: 0.5 | U68: 1 | V68: 1 | W68: 2.5 | X68: 3 | Y68: 1.785714 | Z68: 1.5 | AA68: 2 | AB68: 2.818182 | AC68: 1.5 | AD68: 1.250293 | AE68: 6.357465 | AF68: 9.86724 | AG68: 2.585592 | AH68: 0 | AI68: 10.00627 | AJ68: 6.786101 | AK68: 3.965438 | AL68: #########
A69: Bakery_20-25 | B69: Christmas_20-25 | C69: Bakery | D69: Christmas | E69: 20-25 | F69: 1 | G69: 0 | H69: 199 | I69: 0 | J69: 1.5 | K69: 1.5 | L69: 1.5 | M69: 1.5 | N69: 1 | O69: 1.5 | P69: 1.5 | Q69: 1.5 | R69: 1.5 | S69: 1.5 | T69: 1.5 | U69: 1.5 | V69: 1.5 | W69: 1.5 | X69: 1.5 | Y69: 1.5 | Z69: 1.5 | AA69: 2 | AB69: 2.818182 | AC69: 1.5 | AD69: 3.424888 | AE69: 3.622439 | AF69: 5.362943 | AG69: 4.135645 | AH69: 0 | AI69: 10.00627 | AJ69: 6.786101 | AK69: 3.965438 | AL69: #########
A70: Bakery_25+ | B70: Christmas_25+ | C70: Bakery | D70: Christmas | E70: 25+ | F70: 7 | G70: 0 | H70: 1172 | I70: 0 | J70: 6 | K70: 6 | L70: 6 | M70: 3.5 | N70: 0.583333 | O70: 0 | P70: 0.5 | Q70: 0.5 | R70: 0.5 | S70: 1 | T70: 0.5 | U70: 0.5 | V70: 0.5 | W70: 1 | X70: 1.5 | Y70: 0.857143 | Z70: 1.5 | AA70: 2 | AB70: 2.818182 | AC70: 1.5 | AD70: 1.545396 | AE70: 2 | AF70: 3.351121 | AG70: 3.010825 | AH70: 0 | AI70: 10.00627 | AJ70: 6.786101 | AK70: 3.965438 | AL70: #########
A71: Bakery_5-10 | B71: Christmas_5-10 | C71: Bakery | D71: Christmas | E71: 46300 | F71: 5 | G71: 0 | H71: 843 | I71: 0 | J71: 42 | K71: 42 | L71: 42 | M71: 15 | N71: 0.357143 | O71: 4 | P71: 5.5 | Q71: 5.5 | R71: 6.5 | S71: 11 | T71: 4 | U71: 5.5 | V71: 5.5 | W71: 6.5 | X71: 11 | Y71: 8.4 | Z71: 1.5 | AA71: 2 | AB71: 2.818182 | AC71: 1.5 | AD71: 5.533723 | AE71: 12.51933 | AF71: 16.38261 | AG71: 18.04735 | AH71: 0 | AI71: 10.00627 | AJ71: 6.786101 | AK71: 3.965438 | AL71: #########
A72: Bakery_Unknown | B72: Christmas_Unknown | C72: Bakery | D72: Christmas | E72: Unknown | F72: 2 | G72: 1 | H72: 166 | I72: 166 | J72: 0 | K72: 0 | L72: 0 | M72: 0 | N72: 0 | O72: 0 | P72: 0 | Q72: 0 | R72: 0 | S72: 0 | T72: 0 | U72: 0 | V72: 0 | W72: 0 | X72: 0 | Y72: 0 | Z72: 1.5 | AA72: 2 | AB72: 2.818182 | AC72: 1.5 | AD72: 0 | AE72: 0 | AF72: 0 | AG72: 0 | AH72: 0 | AI72: 10.00627 | AJ72: 6.786101 | AK72: 3.965438 | AL72: #########
A73: Bakery_0-5 | B73: Croissants & Cakes_0-5 | C73: Bakery | D73: Croissants & Cakes | E73: 0-5 | F73: 33 | G73: 0 | H73: 31546 | I73: 0 | J73: 707.587 | K73: 692.3224 | L73: 706.2398 | M73: 341.767 | N73: 0.493653 | O73: 2.965049 | P73: 4.832121 | Q73: 10.50709 | R73: 17.84662 | S73: 26.55589 | T73: 4.033333 | U73: 8.171028 | V73: 11.66908 | W73: 19.27282 | X73: 26.55589 | Y73: 20.97947 | Z73: 0 | AA73: 7.322463 | AB73: 4.18442 | AC73: 3.965438 | AD73: 20.65125 | AE73: 28.6914 | AF73: 40.32366 | AG73: 26.71699 | AH73: 0 | AI73: 10.00627 | AJ73: 6.786101 | AK73: 3.965438 | AL73: #########
A74: Bakery_10-15 | B74: Croissants & Cakes_10-15 | C74: Bakery | D74: Croissants & Cakes | E74: 46310 | F74: 24 | G74: 0 | H74: 3843 | I74: 0 | J74: 65.48949 | K74: 62.05422 | L74: 78.37251 | M74: 44.38456 | N74: 0.715254 | O74: 0 | P74: 0 | Q74: 0 | R74: 0 | S74: 3.792934 | T74: 1.354543 | U74: 2.792715 | V74: 3.792934 | W74: 4.45306 | X74: 6.357465 | Y74: 2.585592 | Z74: 0 | AA74: 7.322463 | AB74: 4.18442 | AC74: 3.965438 | AD74: 1.250293 | AE74: 6.357465 | AF74: 9.86724 | AG74: 2.585592 | AH74: 0 | AI74: 10.00627 | AJ74: 6.786101 | AK74: 3.965438 | AL74: #########
A75: Bakery_15-20 | B75: Croissants & Cakes_15-20 | C75: Bakery | D75: Croissants & Cakes | E75: 15-20 | F75: 13 | G75: 0 | H75: 4284 | I75: 0 | J75: 51.07232 | K75: 51.5507 | L75: 58.62733 | M75: 26.29469 | N75: 0.510074 | O75: 0 | P75: 1.240256 | Q75: 1.436968 | R75: 3.676402 | S75: 5.186141 | T75: 1.436968 | U75: 1.962397 | V75: 3.632842 | W75: 3.774153 | X75: 5.186141 | Y75: 3.965438 | Z75: 0 | AA75: 7.322463 | AB75: 4.18442 | AC75: 3.965438 | AD75: 3.5 | AE75: 5.186141 | AF75: 11.12763 | AG75: 4.687512 | AH75: 0 | AI75: 10.00627 | AJ75: 6.786101 | AK75: 3.965438 | AL75: #########
A76: Bakery_20-25 | B76: Croissants & Cakes_20-25 | C76: Bakery | D76: Croissants & Cakes | E76: 20-25 | F76: 3 | G76: 0 | H76: 408 | I76: 0 | J76: 16.88936 | K76: 16.17715 | L76: 16.19738 | M76: 14.23698 | N76: 0.880067 | O76: 0.861387 | P76: 0.861387 | Q76: 0.861387 | R76: 1.078788 | S76: 14.23698 | T76: 0.861387 | U76: 0.861387 | V76: 0.861387 | W76: 1.078788 | X76: 14.23698 | Y76: 5.392384 | Z76: 0 | AA76: 7.322463 | AB76: 4.18442 | AC76: 3.965438 | AD76: 3.424888 | AE76: 3.622439 | AF76: 5.362943 | AG76: 4.135645 | AH76: 0 | AI76: 10.00627 | AJ76: 6.786101 | AK76: 3.965438 | AL76: #########
A77: Bakery_25+ | B77: Croissants & Cakes_25+ | C77: Bakery | D77: Croissants & Cakes | E77: 25+ | F77: 6 | G77: 0 | H77: 952 | I77: 0 | J77: 16.22919 | K77: 18.06495 | L77: 16.93422 | M77: 10.45436 | N77: 0.57871 | O77: 0 | P77: 0 | Q77: 0 | R77: 3.988681 | S77: 4.564326 | T77: 3.621902 | U77: 3.621902 | V77: 3.988681 | W77: 4.564326 | X77: 4.564326 | Y77: 3.010825 | Z77: 0 | AA77: 7.322463 | AB77: 4.18442 | AC77: 3.965438 | AD77: 1.545396 | AE77: 2 | AF77: 3.351121 | AG77: 3.010825 | AH77: 0 | AI77: 10.00627 | AJ77: 6.786101 | AK77: 3.965438 | AL77: #########
A78: Bakery_5-10 | B78: Croissants & Cakes_5-10 | C78: Bakery | D78: Croissants & Cakes | E78: 46300 | F78: 15 | G78: 0 | H78: 9203 | I78: 0 | J78: 143.9538 | K78: 134.8004 | L78: 146.5095 | M78: 117.445 | N78: 0.871251 | O78: 0 | P78: 0 | Q78: 0 | R78: 0 | S78: 5.487309 | T78: 0.757576 | U78: 4.943384 | V78: 5.487309 | W78: 6.167138 | X78: 7.786098 | Y78: 8.986695 | Z78: 0 | AA78: 7.322463 | AB78: 4.18442 | AC78: 3.965438 | AD78: 5.533723 | AE78: 12.51933 | AF78: 16.38261 | AG78: 18.04735 | AH78: 0 | AI78: 10.00627 | AJ78: 6.786101 | AK78: 3.965438 | AL78: #########
A79: Bakery_Unknown | B79: Croissants & Cakes_Unknown | C79: Bakery | D79: Croissants & Cakes | E79: Unknown | F79: 139 | G79: 1 | H79: 18 | I79: 18 | J79: 0 | K79: 0 | L79: 0 | M79: 0 | N79: 0 | O79: 0 | P79: 0 | Q79: 0 | R79: 0 | S79: 0 | T79: 0 | U79: 0 | V79: 0 | W79: 0 | X79: 0 | Y79: 0 | Z79: 0 | AA79: 7.322463 | AB79: 4.18442 | AC79: 3.965438 | AD79: 0 | AE79: 0 | AF79: 0 | AG79: 0 | AH79: 0 | AI79: 10.00627 | AJ79: 6.786101 | AK79: 3.965438 | AL79: #########
A80: Bakery_0-5 | B80: Fresh Bakery_0-5 | C80: Bakery | D80: Fresh Bakery | E80: 0-5 | F80: 13 | G80: 0 | H80: 3020 | I80: 0 | J80: 894.5408 | K80: 906.5658 | L80: 852.683 | M80: 650.6405 | N80: 0.717698 | O80: 0 | P80: 0 | Q80: 0 | R80: 37.61793 | S80: 81.3921 | T80: 9.052474 | U80: 14.2625 | V80: 37.61793 | W80: 75.25357 | X80: 123.475 | Y80: 69.73583 | Z80: 0 | AA80: 24.57778 | AB80: 6.60078 | AC80: 16.03854 | AD80: 20.65125 | AE80: 28.6914 | AF80: 40.32366 | AG80: 26.71699 | AH80: 0 | AI80: 10.00627 | AJ80: 6.786101 | AK80: 3.965438 | AL80: #########
A81: Bakery_10-15 | B81: Fresh Bakery_10-15 | C81: Bakery | D81: Fresh Bakery | E81: 46310 | F81: 53 | G81: 0 | H81: 2799 | I81: 0 | J81: 823.2874 | K81: 850.0426 | L81: 838.0169 | M81: 720.2122 | N81: 0.847266 | O81: 0 | P81: 0 | Q81: 0 | R81: 0 | S81: 12.83582 | T81: 5.799434 | U81: 12.93836 | V81: 20.33924 | W81: 30.13907 | X81: 48.10779 | Y81: 16.03854 | Z81: 0 | AA81: 24.57778 | AB81: 6.60078 | AC81: 16.03854 | AD81: 1.250293 | AE81: 6.357465 | AF81: 9.86724 | AG81: 2.585592 | AH81: 0 | AI81: 10.00627 | AJ81: 6.786101 | AK81: 3.965438 | AL81: #########
A82: Bakery_15-20 | B82: Fresh Bakery_15-20 | C82: Bakery | D82: Fresh Bakery | E82: 15-20 | F82: 20 | G82: 0 | H82: 1426 | I82: 0 | J82: 457.3658 | K82: 448.9307 | L82: 434.5436 | M82: 395.0567 | N82: 0.879995 | O82: 0 | P82: 0 | Q82: 0 | R82: 0 | S82: 11.28777 | T82: 5.539511 | U82: 8.660737 | V82: 9.894905 | W82: 18.49113 | X82: 24.39905 | Y82: 22.44653 | Z82: 0 | AA82: 24.57778 | AB82: 6.60078 | AC82: 16.03854 | AD82: 3.5 | AE82: 5.186141 | AF82: 11.12763 | AG82: 4.687512 | AH82: 0 | AI82: 10.00627 | AJ82: 6.786101 | AK82: 3.965438 | AL82: #########
A83: Bakery_20-25 | B83: Fresh Bakery_20-25 | C83: Bakery | D83: Fresh Bakery | E83: 20-25 | F83: 9 | G83: 0 | H83: 495 | I83: 0 | J83: 62.83355 | K83: 68.05879 | L83: 68.05396 | M83: 41.72726 | N83: 0.613106 | O83: 0 | P83: 0 | Q83: 2.245605 | R83: 6.063637 | S83: 8.235812 | T83: 2.245605 | U83: 2.833333 | V83: 6.063637 | W83: 6.953147 | X83: 8.235812 | Y83: 7.562088 | Z83: 0 | AA83: 24.57778 | AB83: 6.60078 | AC83: 16.03854 | AD83: 3.424888 | AE83: 3.622439 | AF83: 5.362943 | AG83: 4.135645 | AH83: 0 | AI83: 10.00627 | AJ83: 6.786101 | AK83: 3.965438 | AL83: #########
A84: Bakery_25+ | B84: Fresh Bakery_25+ | C84: Bakery | D84: Fresh Bakery | E84: 25+ | F84: 5 | G84: 0 | H84: 371 | I84: 0 | J84: 44.33042 | K84: 46.24495 | L84: 48.44059 | M84: 16.65027 | N84: 0.360045 | O84: 0 | P84: 7.246023 | Q84: 7.246023 | R84: 9.794821 | S84: 12.55383 | T84: 7.246023 | U84: 7.246023 | V84: 9.794821 | W84: 12.55383 | X84: 12.55383 | Y84: 9.24899 | Z84: 0 | AA84: 24.57778 | AB84: 6.60078 | AC84: 16.03854 | AD84: 1.545396 | AE84: 2 | AF84: 3.351121 | AG84: 3.010825 | AH84: 0 | AI84: 10.00627 | AJ84: 6.786101 | AK84: 3.965438 | AL84: #########
A85: Bakery_5-10 | B85: Fresh Bakery_5-10 | C85: Bakery | D85: Fresh Bakery | E85: 46300 | F85: 48 | G85: 0 | H85: 2563 | I85: 0 | J85: 914.1438 | K85: 927.7411 | L85: 975.8089 | M85: 721.2855 | N85: 0.777464 | O85: 0 | P85: 0 | Q85: 0 | R85: 0 | S85: 23.82957 | T85: 17.7057 | U85: 22.72444 | V85: 24.2201 | W85: 28.62059 | X85: 42.16407 | Y85: 19.32794 | Z85: 0 | AA85: 24.57778 | AB85: 6.60078 | AC85: 16.03854 | AD85: 5.533723 | AE85: 12.51933 | AF85: 16.38261 | AG85: 18.04735 | AH85: 0 | AI85: 10.00627 | AJ85: 6.786101 | AK85: 3.965438 | AL85: #########
A86: Bakery_Unknown | B86: Fresh Bakery_Unknown | C86: Bakery | D86: Fresh Bakery | E86: Unknown | F86: 344 | G86: 0 | H86: 0 | I86: 0 | J86: 0 | K86: 0 | L86: 0 | M86: 0 | N86: 0 | O86: 0 | P86: 0 | Q86: 0 | R86: 0 | S86: 0 | T86: 0 | U86: 0 | V86: 0 | W86: 0 | X86: 0 | Y86: 0 | Z86: 0 | AA86: 24.57778 | AB86: 6.60078 | AC86: 16.03854 | AD86: 0 | AE86: 0 | AF86: 0 | AG86: 0 | AH86: 0 | AI86: 10.00627 | AJ86: 6.786101 | AK86: 3.965438 | AL86: #########
A87: Bakery_5-10 | B87: Parathas & Dosas_5-10 | C87: Bakery | D87: Parathas & Dosas | E87: 46300 | F87: 10 | G87: 0 | H87: 5193 | I87: 0 | J87: 237.9153 | K87: 243.4959 | L87: 248.498 | M87: 140.3481 | N87: 0.576388 | O87: 2.211421 | P87: 7.126867 | Q87: 7.549424 | R87: 11.67673 | S87: 46.51905 | T87: 2.211421 | U87: 7.126867 | V87: 7.549424 | W87: 11.67673 | X87: 46.51905 | Y87: 24.34959 | Z87: 0 | AA87: 11.67673 | AB87: 10.58678 | AC87: 24.34959 | AD87: 5.533723 | AE87: 12.51933 | AF87: 16.38261 | AG87: 18.04735 | AH87: 0 | AI87: 10.00627 | AJ87: 6.786101 | AK87: 3.965438 | AL87: #########
A88: Bakery_Unknown | B88: Parathas & Dosas_Unknown | C88: Bakery | D88: Parathas & Dosas | E88: Unknown | F88: 13 | G88: 0 | H88: 0 | I88: 0 | J88: 0 | K88: 0 | L88: 0 | M88: 0 | N88: 0 | O88: 0 | P88: 0 | Q88: 0 | R88: 0 | S88: 0 | T88: 0 | U88: 0 | V88: 0 | W88: 0 | X88: 0 | Y88: 0 | Z88: 0 | AA88: 11.67673 | AB88: 10.58678 | AC88: 24.34959 | AD88: 0 | AE88: 0 | AF88: 0 | AG88: 0 | AH88: 0 | AI88: 10.00627 | AJ88: 6.786101 | AK88: 3.965438 | AL88: #########
A89: Bakery_Unknown | B89: Puff Pastry, Dough & Pizza Bases_Unknown | C89: Bakery | D89: Puff Pastry, Dough & Pizza Bases | E89: Unknown | F89: 4 | G89: 0 | H89: 0 | I89: 0 | J89: 0 | K89: 0 | L89: 0 | M89: 0 | N89: 0 | O89: 0 | P89: 0 | Q89: 0 | R89: 0 | S89: 0 | T89: 0 | U89: 0 | V89: 0 | W89: 0 | X89: 0 | Y89: 0 | Z89: 0 | AA89: 0 | AB89: 0 | AC89: 0 | AD89: 0 | AE89: 0 | AF89: 0 | AG89: 0 | AH89: 0 | AI89: 10.00627 | AJ89: 6.786101 | AK89: 3.965438 | AL89: #########
A90: Bakery_0-5 | B90: Rusks, Crispbread & Crackers_0-5 | C90: Bakery | D90: Rusks, Crispbread & Crackers | E90: 0-5 | F90: 13 | G90: 0 | H90: 17786 | I90: 0 | J90: 235.5438 | K90: 235.105 | L90: 225.9591 | M90: 151.4447 | N90: 0.644158 | O90: 0 | P90: 0 | Q90: 0 | R90: 8.851844 | S90: 32.5584 | T90: 4.912059 | U90: 8.851844 | V90: 13.0198 | W90: 32.5584 | X90: 49.0253 | Y90: 18.085 | Z90: 0 | AA90: 2.559341 | AB90: 3.405885 | AC90: 2.585125 | AD90: 20.65125 | AE90: 28.6914 | AF90: 40.32366 | AG90: 26.71699 | AH90: 0 | AI90: 10.00627 | AJ90: 6.786101 | AK90: 3.965438 | AL90: #########
A91: Bakery_10-15 | B91: Rusks, Crispbread & Crackers_10-15 | C91: Bakery | D91: Rusks, Crispbread & Crackers | E91: 46310 | F91: 10 | G91: 0 | H91: 3260 | I91: 0 | J91: 27.12171 | K91: 25.85125 | L91: 25.71144 | M91: 12.03953 | N91: 0.465723 | O91: 0 | P91: 1.106457 | Q91: 1.99428 | R91: 2.350962 | S91: 3.717223 | T91: 1.106457 | U91: 1.99428 | V91: 2.083455 | W91: 2.559341 | X91: 3.717223 | Y91: 2.585125 | Z91: 0 | AA91: 2.559341 | AB91: 3.405885 | AC91: 2.585125 | AD91: 1.250293 | AE91: 6.357465 | AF91: 9.86724 | AG91: 2.585592 | AH91: 0 | AI91: 10.00627 | AJ91: 6.786101 | AK91: 3.965438 | AL91: #########
A92: Bakery_15-20 | B92: Rusks, Crispbread & Crackers_15-20 | C92: Bakery | D92: Rusks, Crispbread & Crackers | E92: 15-20 | F92: 4 | G92: 0 | H92: 1026 | I92: 0 | J92: 2.55 | K92: 1.744343 | L92: 2.103933 | M92: 0.952561 | N92: 0.546086 | O92: 0.1 | P92: 0.1 | Q92: 0.32619 | R92: 0.365591 | S92: 0.365591 | T92: 0.1 | U92: 0.1 | V92: 0.32619 | W92: 0.365591 | X92: 0.365591 | Y92: 0.436086 | Z92: 0 | AA92: 2.559341 | AB92: 3.405885 | AC92: 2.585125 | AD92: 3.5 | AE92: 5.186141 | AF92: 11.12763 | AG92: 4.687512 | AH92: 0 | AI92: 10.00627 | AJ92: 6.786101 | AK92: 3.965438 | AL92: #########
A93: Bakery_20-25 | B93: Rusks, Crispbread & Crackers_20-25 | C93: Bakery | D93: Rusks, Crispbread & Crackers | E93: 20-25 | F93: 3 | G93: 0 | H93: 302 | I93: 0 | J93: 9.630267 | K93: 8.174436 | L93: 6.737585 | M93: 3.622439 | N93: 0.443142 | O93: 1.84781 | P93: 1.84781 | Q93: 1.84781 | R93: 2.704187 | S93: 3.622439 | T93: 1.84781 | U93: 1.84781 | V93: 1.84781 | W93: 2.704187 | X93: 3.622439 | Y93: 2.724812 | Z93: 0 | AA93: 2.559341 | AB93: 3.405885 | AC93: 2.585125 | AD93: 3.424888 | AE93: 3.622439 | AF93: 5.362943 | AG93: 4.135645 | AH93: 0 | AI93: 10.00627 | AJ93: 6.786101 | AK93: 3.965438 | AL93: #########
A94: Bakery_25+ | B94: Rusks, Crispbread & Crackers_25+ | C94: Bakery | D94: Rusks, Crispbread & Crackers | E94: 25+ | F94: 4 | G94: 0 | H94: 1004 | I94: 0 | J94: 5.531885 | K94: 5.112851 | L94: 5.243002 | M94: 1.699772 | N94: 0.332451 | O94: 0.753623 | P94: 0.753623 | Q94: 1.23908 | R94: 1.420376 | S94: 1.420376 | T94: 0.753623 | U94: 0.753623 | V94: 1.23908 | W94: 1.420376 | X94: 1.420376 | Y94: 1.278213 | Z94: 0 | AA94: 2.559341 | AB94: 3.405885 | AC94: 2.585125 | AD94: 1.545396 | AE94: 2 | AF94: 3.351121 | AG94: 3.010825 | AH94: 0 | AI94: 10.00627 | AJ94: 6.786101 | AK94: 3.965438 | AL94: #########
A95: Bakery_5-10 | B95: Rusks, Crispbread & Crackers_5-10 | C95: Bakery | D95: Rusks, Crispbread & Crackers | E95: 46300 | F95: 13 | G95: 0 | H95: 3043 | I95: 0 | J95: 17.67787 | K95: 33.94771 | L95: 42.57791 | M95: 23.08772 | N95: 0.680097 | O95: 0 | P95: 0 | Q95: 0 | R95: 2.032258 | S95: 3.523222 | T95: 0.111111 | U95: 0.5 | V95: 2.032258 | W95: 2.534575 | X95: 3.729749 | Y95: 2.611362 | Z95: 0 | AA95: 2.559341 | AB95: 3.405885 | AC95: 2.585125 | AD95: 5.533723 | AE95: 12.51933 | AF95: 16.38261 | AG95: 18.04735 | AH95: 0 | AI95: 10.00627 | AJ95: 6.786101 | AK95: 3.965438 | AL95: #########
A96: Bakery_Unknown | B96: Rusks, Crispbread & Crackers_Unknown | C96: Bakery | D96: Rusks, Crispbread & Crackers | E96: Unknown | F96: 44 | G96: 0 | H96: 0 | I96: 0 | J96: 0 | K96: 0 | L96: 0 | M96: 0 | N96: 0 | O96: 0 | P96: 0 | Q96: 0 | R96: 0 | S96: 0 | T96: 0 | U96: 0 | V96: 0 | W96: 0 | X96: 0 | Y96: 0 | Z96: 0 | AA96: 2.559341 | AB96: 3.405885 | AC96: 2.585125 | AD96: 0 | AE96: 0 | AF96: 0 | AG96: 0 | AH96: 0 | AI96: 10.00627 | AJ96: 6.786101 | AK96: 3.965438 | AL96: #########
A97: Bakery_0-5 | B97: Sliced Bread_0-5 | C97: Bakery | D97: Sliced Bread | E97: 0-5 | F97: 10 | G97: 0 | H97: 6347 | I97: 0 | J97: 1154.713 | K97: 1182.325 | L97: 1226.123 | M97: 669.1316 | N97: 0.565946 | O97: 22.19238 | P97: 28.91813 | Q97: 30.81917 | R97: 99.24216 | S97: 173.2528 | T97: 22.19238 | U97: 28.91813 | V97: 30.81917 | W97: 99.24216 | X97: 173.2528 | Y97: 118.2325 | Z97: 0 | AA97: 10.67241 | AB97: 16.92199 | AC97: 9.439156 | AD97: 20.65125 | AE97: 28.6914 | AF97: 40.32366 | AG97: 26.71699 | AH97: 0 | AI97: 10.00627 | AJ97: 6.786101 | AK97: 3.965438 | AL97: #########
A98: Bakery_10-15 | B98: Sliced Bread_10-15 | C98: Bakery | D98: Sliced Bread | E98: 46310 | F98: 4 | G98: 0 | H98: 289 | I98: 0 | J98: 39.06553 | K98: 37.75662 | L98: 36.27687 | M98: 20.4165 | N98: 0.540739 | O98: 1 | P98: 1 | Q98: 5.260247 | R98: 11.07988 | S98: 11.07988 | T98: 1 | U98: 1 | V98: 5.260247 | W98: 11.07988 | X98: 11.07988 | Y98: 9.439156 | Z98: 0 | AA98: 10.67241 | AB98: 16.92199 | AC98: 9.439156 | AD98: 1.250293 | AE98: 6.357465 | AF98: 9.86724 | AG98: 2.585592 | AH98: 0 | AI98: 10.00627 | AJ98: 6.786101 | AK98: 3.965438 | AL98: #########
A99: Bakery_15-20 | B99: Sliced Bread_15-20 | C99: Bakery | D99: Sliced Bread | E99: 15-20 | F99: 9 | G99: 0 | H99: 4635 | I99: 0 | J99: 145.4397 | K99: 133.1148 | L99: 145.6862 | M99: 103.4478 | N99: 0.777132 | O99: 0 | P99: 0 | Q99: 1.967553 | R99: 4.936735 | S99: 12.51975 | T99: 1.967553 | U99: 3.077631 | V99: 4.936735 | W99: 7.165295 | X99: 12.51975 | Y99: 14.79053 | Z99: 0 | AA99: 10.67241 | AB99: 16.92199 | AC99: 9.439156 | AD99: 3.5 | AE99: 5.186141 | AF99: 11.12763 | AG99: 4.687512 | AH99: 0 | AI99: 10.00627 | AJ99: 6.786101 | AK99: 3.965438 | AL99: #########
A100: Bakery_20-25 | B100: Sliced Bread_20-25 | C100: Bakery | D100: Sliced Bread | E100: 20-25 | F100: 5 | G100: 0 | H100: 908 | I100: 0 | J100: 18.39682 | K100: 17.34154 | L100: 17.97977 | M100: 5.519759 | N100: 0.318297 | O100: 1.47619 | P100: 3.023332 | Q100: 3.023332 | R100: 3.424888 | S100: 3.897374 | T100: 1.47619 | U100: 3.023332 | V100: 3.023332 | W100: 3.424888 | X100: 3.897374 | Y100: 3.468309 | Z100: 0 | AA100: 10.67241 | AB100: 16.92199 | AC100: 9.439156 | AD100: 3.424888 | AE100: 3.622439 | AF100: 5.362943 | AG100: 4.135645 | AH100: 0 | AI100: 10.00627 | AJ100: 6.786101 | AK100: 3.965438 | AL100: #########
...

Sheet Copy of Refrence Data
A1: Category_ASP Key | B1: Subcat_ASP Key | C1: Parent Category | D1: Sub Category | E1: ASP Bucket | F1: Count of SKUs (Onhand >0) | G1: Count of Non-Moving SKUs | H1: Total Onhand | I1: Non-Moving Onhand | J1: Total ROS (L14D) | K1: Total ROS (L30D) | L1: Total ROS (L60D) | M1: ROS of Top 20% SKUs | N1: Concentration Index | O1: P10 ROS (All) | P1: P20 ROS (All) | Q1: P30 ROS (All) | R1: P50 ROS (All) | S1: P70 ROS (All) | T1: P10 ROS (Moving) | U1: P20 ROS (Moving) | V1: P30 ROS (Moving) | W1: P50 ROS (Moving) | X1: P70 ROS (Moving) | Y1: SKU Efficiency | Z1: Run Date
A2: _10-15 | B2: _10-15 | E2: 46310 | F2: 4 | G2: 0 | H2: 2036 | I2: 0 | J2: 0.267857 | K2: 0.085145 | L2: 0.051957 | M2: 0.085145 | N2: 1 | O2: 0.085145 | P2: 0.085145 | Q2: 0.085145 | R2: 0.085145 | S2: 0.085145 | T2: 0.085145 | U2: 0.085145 | V2: 0.085145 | W2: 0.085145 | X2: 0.085145 | Y2: 0.085145 | Z2: #########
A3: _15-20 | B3: _15-20 | E3: 15-20 | F3: 2 | G3: 0 | H3: 2726 | I3: 0 | J3: 0 | K3: 0 | L3: 0 | M3: 0 | Z3: #########
A4: _20-25 | B4: _20-25 | E4: 20-25 | F4: 3 | G4: 0 | H4: 655 | I4: 0 | J4: 0.285714 | K4: 0.332258 | L4: 0.386348 | M4: 0.232258 | N4: 0.699029 | O4: 0.1 | P4: 0.1 | Q4: 0.1 | R4: 0.232258 | S4: 0.232258 | T4: 0.1 | U4: 0.1 | V4: 0.1 | W4: 0.232258 | X4: 0.232258 | Y4: 0.166129 | Z4: #########
A5: _25+ | B5: _25+ | E5: 25+ | F5: 42 | G5: 35 | H5: 54538 | I5: 53154 | J5: 0.285714 | K5: 0.3 | L5: 0.352276 | M5: 0.266667 | N5: 0.888889 | O5: 0 | P5: 0 | Q5: 0 | R5: 0.033333 | S5: 0.1 | T5: 0.033333 | U5: 0.033333 | V5: 0.033333 | W5: 0.1 | X5: 0.166667 | Y5: 0.05 | Z5: #########
A6: _5-10 | B6: _5-10 | E6: 46300 | F6: 2 | G6: 0 | H6: 1803 | I6: 0 | J6: 0 | K6: 0 | L6: 0 | M6: 0 | O6: 0 | P6: 0 | Q6: 0 | R6: 0 | S6: 0 | Y6: 0 | Z6: #########
A7: _Unknown | B7: _Unknown | E7: Unknown | F7: 22 | G7: 22 | H7: 160 | I7: 160 | J7: 0 | K7: 0 | L7: 0 | M7: 0 | O7: 0 | P7: 0 | Q7: 0 | R7: 0 | S7: 0 | Y7: 0 | Z7: #########
A8: Adult Care_20-25 | B8: Accessories_20-25 | C8: Adult Care | D8: Accessories | E8: 20-25 | F8: 0 | G8: 0 | H8: 0 | I8: 0 | J8: 0.076923 | K8: 2.034483 | L8: 0.118502 | M8: 2.034483 | N8: 1 | O8: 2.034483 | P8: 2.034483 | Q8: 2.034483 | R8: 2.034483 | S8: 2.034483 | T8: 2.034483 | U8: 2.034483 | V8: 2.034483 | W8: 2.034483 | X8: 2.034483 | Y8: 2.034483 | Z8: #########
A9: Adult Care_25+ | B9: Accessories_25+ | C9: Adult Care | D9: Accessories | E9: 25+ | F9: 6 | G9: 5 | H9: 194 | I9: 184 | J9: 0 | K9: 0 | L9: 0.090909 | M9: 0 | O9: 0 | P9: 0 | Q9: 0 | R9: 0 | S9: 0 | Y9: 0 | Z9: #########
A10: Adult Care_Unknown | B10: Accessories_Unknown | C10: Adult Care | D10: Accessories | E10: Unknown | F10: 3 | G10: 3 | H10: 41 | I10: 41 | J10: 0 | K10: 0 | L10: 0 | M10: 0 | Z10: #########
A11: Adult Care_15-20 | B11: Condoms_15-20 | C11: Adult Care | D11: Condoms | E11: 15-20 | F11: 4 | G11: 0 | H11: 2292 | I11: 0 | J11: 14.95384 | K11: 13.47098 | L11: 14.19314 | M11: 6.131733 | N11: 0.455181 | O11: 2.696133 | P11: 2.696133 | Q11: 2.696133 | R11: 4.643116 | S11: 6.131733 | T11: 2.696133 | U11: 2.696133 | V11: 2.696133 | W11: 4.643116 | X11: 6.131733 | Y11: 4.490327 | Z11: #########
A12: Adult Care_25+ | B12: Condoms_25+ | C12: Adult Care | D12: Condoms | E12: 25+ | F12: 21 | G12: 0 | H12: 8222 | I12: 0 | J12: 80.80433 | K12: 80.62199 | L12: 79.61703 | M12: 36.67825 | N12: 0.454941 | O12: 1.331257 | P12: 1.849147 | Q12: 3.413527 | R12: 4.407286 | S12: 7.620216 | T12: 1.331257 | U12: 1.849147 | V12: 3.413527 | W12: 4.407286 | X12: 7.620216 | Y12: 5.758713 | Z12: #########
A13: Adult Care_5-10 | B13: Condoms_5-10 | C13: Adult Care | D13: Condoms | E13: 46300 | F13: 4 | G13: 0 | H13: 736 | I13: 0 | J13: 5.472222 | K13: 11.17486 | L13: 9.91429 | M13: 11.17486 | N13: 1 | O13: 0 | P13: 0 | Q13: 0 | R13: 11.17486 | S13: 11.17486 | T13: 11.17486 | U13: 11.17486 | V13: 11.17486 | W13: 11.17486 | X13: 11.17486 | Y13: 5.587432 | Z13: #########
A14: Adult Care_Unknown | B14: Condoms_Unknown | C14: Adult Care | D14: Condoms | E14: Unknown | F14: 7 | G14: 7 | H14: 1059 | I14: 1059 | J14: 0 | K14: 0 | L14: 0 | M14: 0 | O14: 0 | P14: 0 | Q14: 0 | R14: 0 | S14: 0 | Y14: 0 | Z14: #########
A15: Adult Care_25+ | B15: Lubricants_25+ | C15: Adult Care | D15: Lubricants | E15: 25+ | F15: 8 | G15: 0 | H15: 3759 | I15: 0 | J15: 34.54381 | K15: 33.63383 | L15: 34.1862 | M15: 20.07087 | N15: 0.596747 | O15: 0 | P15: 0.932258 | Q15: 1.033333 | R15: 3 | S15: 3.6171 | T15: 0.932258 | U15: 1.033333 | V15: 1.768454 | W15: 3.211812 | X15: 3.6171 | Y15: 3.737092 | Z15: #########
A16: Adult Care_Unknown | B16: Lubricants_Unknown | C16: Adult Care | D16: Lubricants | E16: Unknown | F16: 0 | G16: 0 | H16: 0 | I16: 0 | J16: 0 | K16: 0 | L16: 0 | M16: 0 | O16: 0 | P16: 0 | Q16: 0 | R16: 0 | S16: 0 | Y16: 0 | Z16: #########
A17: Baby Essentials_0-5 | B17: Baby Bath & Shower_0-5 | C17: Baby Essentials | D17: Baby Bath & Shower | E17: 0-5 | F17: 1 | G17: 0 | H17: 1064 | I17: 0 | J17: 6.665784 | K17: 6.742408 | L17: 7.155114 | M17: 6.742408 | N17: 1 | O17: 6.742408 | P17: 6.742408 | Q17: 6.742408 | R17: 6.742408 | S17: 6.742408 | T17: 6.742408 | U17: 6.742408 | V17: 6.742408 | W17: 6.742408 | X17: 6.742408 | Y17: 6.742408 | Z17: #########
A18: Baby Essentials_10-15 | B18: Baby Bath & Shower_10-15 | C18: Baby Essentials | D18: Baby Bath & Shower | E18: 46310 | F18: 3 | G18: 0 | H18: 49 | I18: 0 | J18: 0.111111 | K18: 0.04 | L18: 0.0367 | M18: 0.04 | N18: 1 | O18: 0.04 | P18: 0.04 | Q18: 0.04 | R18: 0.04 | S18: 0.04 | T18: 0.04 | U18: 0.04 | V18: 0.04 | W18: 0.04 | X18: 0.04 | Y18: 0.04 | Z18: #########
A19: Baby Essentials_15-20 | B19: Baby Bath & Shower_15-20 | C19: Baby Essentials | D19: Baby Bath & Shower | E19: 15-20 | F19: 8 | G19: 1 | H19: 468 | I19: 20 | J19: 1.598901 | K19: 1.365236 | L19: 1.443151 | M19: 1.365236 | N19: 1 | O19: 1.365236 | P19: 1.365236 | Q19: 1.365236 | R19: 1.365236 | S19: 1.365236 | T19: 1.365236 | U19: 1.365236 | V19: 1.365236 | W19: 1.365236 | X19: 1.365236 | Y19: 1.365236 | Z19: #########
A20: Baby Essentials_20-25 | B20: Baby Bath & Shower_20-25 | C20: Baby Essentials | D20: Baby Bath & Shower | E20: 20-25 | F20: 3 | G20: 1 | H20: 727 | I20: 29 | J20: 3.182418 | K20: 3.270005 | L20: 3.611142 | M20: 3.270005 | N20: 1 | O20: 3.270005 | P20: 3.270005 | Q20: 3.270005 | R20: 3.270005 | S20: 3.270005 | T20: 3.270005 | U20: 3.270005 | V20: 3.270005 | W20: 3.270005 | X20: 3.270005 | Y20: 3.270005 | Z20: #########
A21: Baby Essentials_25+ | B21: Baby Bath & Shower_25+ | C21: Baby Essentials | D21: Baby Bath & Shower | E21: 25+ | F21: 16 | G21: 1 | H21: 949 | I21: 2 | J21: 3.248918 | K21: 2.891034 | L21: 2.930254 | M21: 1.049147 | N21: 0.362897 | O21: 0.466889 | P21: 0.466889 | Q21: 0.467593 | R21: 0.907405 | S21: 0.907405 | T21: 0.466889 | U21: 0.466889 | V21: 0.467593 | W21: 0.907405 | X21: 0.907405 | Y21: 0.722758 | Z21: #########
A22: Baby Essentials_5-10 | B22: Baby Bath & Shower_5-10 | C22: Baby Essentials | D22: Baby Bath & Shower | E22: 46300 | F22: 2 | G22: 0 | H22: 73 | I22: 0 | J22: 0 | K22: 0 | L22: 0 | M22: 0 | Z22: #########
A23: Baby Essentials_Unknown | B23: Baby Bath & Shower_Unknown | C23: Baby Essentials | D23: Baby Bath & Shower | E23: Unknown | F23: 4 | G23: 4 | H23: 200 | I23: 200 | J23: 0 | K23: 0 | L23: 0 | M23: 0 | O23: 0 | P23: 0 | Q23: 0 | R23: 0 | S23: 0 | Y23: 0 | Z23: #########
A24: Baby Essentials_10-15 | B24: Baby Care_10-15 | C24: Baby Essentials | D24: Baby Care | E24: 46310 | F24: 7 | G24: 3 | H24: 335 | I24: 26 | J24: 0.636508 | K24: 0.628758 | L24: 0.525627 | M24: 0.628758 | N24: 1 | O24: 0.628758 | P24: 0.628758 | Q24: 0.628758 | R24: 0.628758 | S24: 0.628758 | T24: 0.628758 | U24: 0.628758 | V24: 0.628758 | W24: 0.628758 | X24: 0.628758 | Y24: 0.628758 | Z24: #########
A25: Baby Essentials_15-20 | B25: Baby Care_15-20 | C25: Baby Essentials | D25: Baby Care | E25: 15-20 | F25: 5 | G25: 0 | H25: 267 | I25: 0 | J25: 0.5 | K25: 0.5 | L25: 0.5 | M25: 0.5 | N25: 1 | O25: 0.5 | P25: 0.5 | Q25: 0.5 | R25: 0.5 | S25: 0.5 | T25: 0.5 | U25: 0.5 | V25: 0.5 | W25: 0.5 | X25: 0.5 | Y25: 0.5 | Z25: #########
A26: Baby Essentials_20-25 | B26: Baby Care_20-25 | C26: Baby Essentials | D26: Baby Care | E26: 20-25 | F26: 1 | G26: 0 | H26: 10 | I26: 0 | J26: 0 | K26: 0 | L26: 0 | M26: 0 | Z26: #########
A27: Baby Essentials_25+ | B27: Baby Care_25+ | C27: Baby Essentials | D27: Baby Care | E27: 25+ | F27: 20 | G27: 2 | H27: 2250 | I27: 15 | J27: 6.876224 | K27: 6.578166 | L27: 7.040684 | M27: 4.007246 | N27: 0.609174 | O27: 0.033333 | P27: 0.066667 | Q27: 0.366667 | R27: 0.907405 | S27: 1.196848 | T27: 0.033333 | U27: 0.066667 | V27: 0.366667 | W27: 0.907405 | X27: 1.196848 | Y27: 0.939738 | Z27: #########
A28: Baby Essentials_5-10 | B28: Baby Care_5-10 | C28: Baby Essentials | D28: Baby Care | E28: 46300 | F28: 1 | G28: 0 | H28: 14 | I28: 0 | J28: 0 | K28: 0 | L28: 0 | M28: 0 | Z28: #########
A29: Baby Essentials_Unknown | B29: Baby Care_Unknown | C29: Baby Essentials | D29: Baby Care | E29: Unknown | F29: 2 | G29: 2 | H29: 46 | I29: 46 | J29: 0 | K29: 0 | L29: 0 | M29: 0 | O29: 0 | P29: 0 | Q29: 0 | R29: 0 | S29: 0 | Y29: 0 | Z29: #########
A30: Baby Essentials_0-5 | B30: Baby Food_0-5 | C30: Baby Essentials | D30: Baby Food | E30: 0-5 | F30: 2 | G30: 0 | H30: 3162 | I30: 0 | J30: 42.18712 | K30: 39.48128 | L30: 39.13113 | M30: 25.49885 | N30: 0.645847 | O30: 13.98243 | P30: 13.98243 | Q30: 13.98243 | R30: 25.49885 | S30: 25.49885 | T30: 13.98243 | U30: 13.98243 | V30: 13.98243 | W30: 25.49885 | X30: 25.49885 | Y30: 19.74064 | Z30: #########
A31: Baby Essentials_10-15 | B31: Baby Food_10-15 | C31: Baby Essentials | D31: Baby Food | E31: 46310 | F31: 21 | G31: 1 | H31: 10138 | I31: 3 | J31: 114.1044 | K31: 113.0732 | L31: 112.7296 | M31: 37.94324 | N31: 0.335563 | O31: 2.113793 | P31: 3.610651 | Q31: 4.940896 | R31: 6.639863 | S31: 8.02561 | T31: 2.113793 | U31: 3.610651 | V31: 4.940896 | W31: 6.639863 | X31: 8.02561 | Y31: 6.281844 | Z31: #########
A32: Baby Essentials_15-20 | B32: Baby Food_15-20 | C32: Baby Essentials | D32: Baby Food | E32: 15-20 | F32: 4 | G32: 0 | H32: 1030 | I32: 0 | J32: 21.28644 | K32: 15.10972 | L32: 13.6056 | M32: 6.754099 | N32: 0.447004 | O32: 1.636508 | P32: 1.636508 | Q32: 3.277122 | R32: 3.441991 | S32: 3.441991 | T32: 1.636508 | U32: 1.636508 | V32: 3.277122 | W32: 3.441991 | X32: 3.441991 | Y32: 3.77743 | Z32: #########
A33: Baby Essentials_20-25 | B33: Baby Food_20-25 | C33: Baby Essentials | D33: Baby Food | E33: 20-25 | F33: 5 | G33: 2 | H33: 289 | I33: 6 | J33: 2.252747 | K33: 1.839733 | L33: 1.715587 | M33: 1.839733 | N33: 1 | O33: 1.839733 | P33: 1.839733 | Q33: 1.839733 | R33: 1.839733 | S33: 1.839733 | T33: 1.839733 | U33: 1.839733 | V33: 1.839733 | W33: 1.839733 | X33: 1.839733 | Y33: 1.839733 | Z33: #########
A34: Baby Essentials_25+ | B34: Baby Food_25+ | C34: Baby Essentials | D34: Baby Food | E34: 25+ | F34: 21 | G34: 0 | H34: 5648 | I34: 0 | J34: 22.55563 | K34: 21.15437 | L34: 21.71342 | M34: 9.819323 | N34: 0.464175 | O34: 0.333333 | P34: 0.595699 | Q34: 0.629032 | R34: 1.393845 | S34: 2.034792 | T34: 0.333333 | U34: 0.595699 | V34: 0.629032 | W34: 1.393845 | X34: 2.034792 | Y34: 1.322148 | Z34: #########
A35: Baby Essentials_5-10 | B35: Baby Food_5-10 | C35: Baby Essentials | D35: Baby Food | E35: 46300 | F35: 25 | G35: 0 | H35: 18050 | I35: 0 | J35: 217.2806 | K35: 206.8136 | L35: 203.2072 | M35: 98.51943 | N35: 0.476368 | O35: 3.219366 | P35: 4.700865 | Q35: 5.250105 | R35: 6.008327 | S35: 10.1361 | T35: 4.665716 | U35: 4.829101 | V35: 5.351227 | W35: 6.467258 | X35: 10.1361 | Y35: 8.991894 | Z35: #########
A36: Baby Essentials_Unknown | B36: Baby Food_Unknown | C36: Baby Essentials | D36: Baby Food | E36: Unknown | F36: 9 | G36: 9 | H36: 629 | I36: 629 | J36: 0 | K36: 0 | L36: 0 | M36: 0 | O36: 0 | P36: 0 | Q36: 0 | R36: 0 | S36: 0 | Y36: 0 | Z36: #########
A37: Baby Essentials_25+ | B37: Diapers_25+ | C37: Baby Essentials | D37: Diapers | E37: 25+ | F37: 71 | G37: 9 | H37: 15186 | I37: 346 | J37: 91.29439 | K37: 88.90458 | L37: 88.45829 | M37: 49.13234 | N37: 0.552641 | O37: 0 | P37: 0.433333 | Q37: 0.868054 | R37: 1.508152 | S37: 2.690655 | T37: 0.60767 | U37: 0.868054 | V37: 1.151269 | W37: 1.775751 | X37: 2.811014 | Y37: 2.222615 | Z37: #########
A38: Baby Essentials_Unknown | B38: Diapers_Unknown | C38: Baby Essentials | D38: Diapers | E38: Unknown | F38: 20 | G38: 20 | H38: 445 | I38: 445 | J38: 0 | K38: 0 | L38: 0 | M38: 0 | O38: 0 | P38: 0 | Q38: 0 | R38: 0 | S38: 0 | Y38: 0 | Z38: #########
A39: Baby Essentials_10-15 | B39: Milk Formula_10-15 | C39: Baby Essentials | D39: Milk Formula | E39: 46310 | F39: 3 | G39: 0 | H39: 4233 | I39: 0 | J39: 50.95109 | K39: 46.51485 | L39: 44.6565 | M39: 24.61995 | N39: 0.529292 | O39: 5.741263 | P39: 5.741263 | Q39: 5.741263 | R39: 16.15364 | S39: 24.61995 | T39: 5.741263 | U39: 5.741263 | V39: 5.741263 | W39: 16.15364 | X39: 24.61995 | Y39: 15.50495 | Z39: #########
A40: Baby Essentials_25+ | B40: Milk Formula_25+ | C40: Baby Essentials | D40: Milk Formula | E40: 25+ | F40: 67 | G40: 9 | H40: 10508 | I40: 147 | J40: 69.02153 | K40: 69.58987 | L40: 68.57639 | M40: 38.14018 | N40: 0.548071 | O40: 0.133333 | P40: 0.380023 | Q40: 0.608453 | R40: 1.779412 | S40: 2.696333 | T40: 0.3 | U40: 0.527957 | V40: 0.803241 | W40: 1.998299 | X40: 3.046311 | Y40: 2.174683 | Z40: #########
A41: Baby Essentials_Unknown | B41: Milk Formula_Unknown | C41: Baby Essentials | D41: Milk Formula | E41: Unknown | F41: 13 | G41: 13 | H41: 470 | I41: 470 | J41: 0 | K41: 0 | L41: 0 | M41: 0 | O41: 0 | P41: 0 | Q41: 0 | R41: 0 | S41: 0 | Y41: 0 | Z41: #########
A42: Baby Essentials_0-5 | B42: Wipes_0-5 | C42: Baby Essentials | D42: Wipes | E42: 0-5 | F42: 0 | G42: 0 | H42: 0 | I42: 0 | J42: 0 | K42: 0 | L42: 0 | M42: 0 | O42: 0 | P42: 0 | Q42: 0 | R42: 0 | S42: 0 | Y42: 0 | Z42: #########
A43: Baby Essentials_10-15 | B43: Wipes_10-15 | C43: Baby Essentials | D43: Wipes | E43: 46310 | F43: 9 | G43: 0 | H43: 4813 | I43: 0 | J43: 63.80368 | K43: 63.34728 | L43: 65.10792 | M43: 50.55019 | N43: 0.797985 | O43: 0.777778 | P43: 2.964866 | Q43: 2.964866 | R43: 4.729509 | S43: 12.27135 | T43: 0.777778 | U43: 2.964866 | V43: 2.964866 | W43: 4.729509 | X43: 12.27135 | Y43: 10.55788 | Z43: #########
A44: Baby Essentials_15-20 | B44: Wipes_15-20 | C44: Baby Essentials | D44: Wipes | E44: 15-20 | F44: 9 | G44: 0 | H44: 2141 | I44: 0 | J44: 20.1113 | K44: 18.91832 | L44: 18.49692 | M44: 11.54254 | N44: 0.610125 | O44: 0.045455 | P44: 0.045455 | Q44: 0.045455 | R44: 7.330326 | S44: 11.54254 | T44: 0.045455 | U44: 0.045455 | V44: 0.045455 | W44: 7.330326 | X44: 11.54254 | Y44: 6.306108 | Z44: #########
A45: Baby Essentials_20-25 | B45: Wipes_20-25 | C45: Baby Essentials | D45: Wipes | E45: 20-25 | F45: 7 | G45: 1 | H45: 4297 | I45: 2 | J45: 47.44137 | K45: 45.66115 | L45: 47.03728 | M45: 21.19241 | N45: 0.464123 | O45: 0.142857 | P45: 3.050312 | Q45: 3.050312 | R45: 5.890748 | S45: 15.38482 | T45: 0.142857 | U45: 3.050312 | V45: 3.050312 | W45: 5.890748 | X45: 15.38482 | Y45: 9.132231 | Z45: #########
A46: Baby Essentials_25+ | B46: Wipes_25+ | C46: Baby Essentials | D46: Wipes | E46: 25+ | F46: 21 | G46: 2 | H46: 3912 | I46: 234 | J46: 33.2769 | K46: 33.0478 | L46: 35.13212 | M46: 18.38201 | N46: 0.556225 | O46: 0.130952 | P46: 0.336111 | Q46: 0.533333 | R46: 3.60101 | S46: 3.879196 | T46: 0.130952 | U46: 0.336111 | V46: 0.533333 | W46: 3.60101 | X46: 3.879196 | Y46: 3.30478 | Z46: #########
A47: Baby Essentials_5-10 | B47: Wipes_5-10 | C47: Baby Essentials | D47: Wipes | E47: 46300 | F47: 4 | G47: 0 | H47: 3997 | I47: 0 | J47: 102.2306 | K47: 107.9577 | L47: 107.0096 | M47: 105.181 | N47: 0.97428 | O47: 0 | P47: 0 | Q47: 0 | R47: 2.665578 | S47: 14.19258 | T47: 0.111111 | U47: 0.111111 | V47: 2.665578 | W47: 14.19258 | X47: 14.19258 | Y47: 17.99294 | Z47: #########
A48: Baby Essentials_Unknown | B48: Wipes_Unknown | C48: Baby Essentials | D48: Wipes | E48: Unknown | F48: 8 | G48: 8 | H48: 72 | I48: 72 | J48: 0 | K48: 0 | L48: 0 | M48: 0 | O48: 0 | P48: 0 | Q48: 0 | R48: 0 | S48: 0 | Y48: 0 | Z48: #########
A49: Bakery_0-5 | B49: Arabic & Flat Bread_0-5 | C49: Bakery | D49: Arabic & Flat Bread | E49: 0-5 | F49: 12 | G49: 0 | H49: 2533 | I49: 0 | J49: 634.2962 | K49: 628.8995 | L49: 655.9432 | M49: 344.7442 | N49: 0.548171 | O49: 0 | P49: 0 | Q49: 19.39461 | R49: 42.49357 | S49: 50.09253 | T49: 19.39461 | U49: 27.63678 | V49: 28.98451 | W49: 43.25615 | X49: 58.49821 | Y49: 44.9214 | Z49: #########
A50: Bakery_10-15 | B50: Arabic & Flat Bread_10-15 | C50: Bakery | D50: Arabic & Flat Bread | E50: 46310 | F50: 3 | G50: 0 | H50: 205 | I50: 0 | J50: 20.93597 | K50: 23.87518 | L50: 24.67801 | M50: 17.92778 | N50: 0.750896 | O50: 5.947398 | P50: 5.947398 | Q50: 5.947398 | R50: 17.92778 | S50: 17.92778 | T50: 5.947398 | U50: 5.947398 | V50: 5.947398 | W50: 17.92778 | X50: 17.92778 | Y50: 11.93759 | Z50: #########
A51: Bakery_15-20 | B51: Arabic & Flat Bread_15-20 | C51: Bakery | D51: Arabic & Flat Bread | E51: 15-20 | F51: 2 | G51: 0 | H51: 188 | I51: 0 | J51: 34.78915 | K51: 31.07873 | L51: 36.0961 | M51: 13.69016 | N51: 0.440499 | O51: 5.613659 | P51: 5.613659 | Q51: 5.613659 | R51: 11.77491 | S51: 13.69016 | T51: 5.613659 | U51: 5.613659 | V51: 5.613659 | W51: 11.77491 | X51: 13.69016 | Y51: 10.35958 | Z51: #########
A52: Bakery_20-25 | B52: Arabic & Flat Bread_20-25 | C52: Bakery | D52: Arabic & Flat Bread | E52: 20-25 | F52: 1 | G52: 0 | H52: 64 | I52: 0 | J52: 14.76574 | K52: 17.62164 | L52: 17.94999 | M52: 17.62164 | N52: 1 | O52: 17.62164 | P52: 17.62164 | Q52: 17.62164 | R52: 17.62164 | S52: 17.62164 | T52: 17.62164 | U52: 17.62164 | V52: 17.62164 | W52: 17.62164 | X52: 17.62164 | Y52: 17.62164 | Z52: #########
A53: Bakery_25+ | B53: Arabic & Flat Bread_25+ | C53: Bakery | D53: Arabic & Flat Bread | E53: 25+ | F53: 1 | G53: 0 | H53: 48 | I53: 0 | J53: 0 | K53: 0 | L53: 0 | M53: 0 | Z53: #########
A54: Bakery_5-10 | B54: Arabic & Flat Bread_5-10 | C54: Bakery | D54: Arabic & Flat Bread | E54: 46300 | F54: 3 | G54: 0 | H54: 496 | I54: 0 | J54: 105.5592 | K54: 103.2206 | L54: 106.1874 | M54: 89.2906 | N54: 0.865047 | O54: 0 | P54: 0 | Q54: 0 | R54: 0 | S54: 13.92996 | T54: 13.92996 | U54: 13.92996 | V54: 13.92996 | W54: 89.2906 | X54: 89.2906 | Y54: 20.64411 | Z54: #########
A55: Bakery_Unknown | B55: Arabic & Flat Bread_Unknown | C55: Bakery | D55: Arabic & Flat Bread | E55: Unknown | F55: 0 | G55: 0 | H55: 0 | I55: 0 | J55: 0 | K55: 0 | L55: 0 | M55: 0 | O55: 0 | P55: 0 | Q55: 0 | R55: 0 | S55: 0 | Y55: 0 | Z55: #########
A56: Bakery_10-15 | B56: Arabic Sweets_10-15 | C56: Bakery | D56: Arabic Sweets | E56: 46310 | F56: 0 | G56: 0 | H56: 0 | I56: 0 | J56: 0 | K56: 0 | L56: 0 | M56: 0 | O56: 0 | P56: 0 | Q56: 0 | R56: 0 | S56: 0 | Y56: 0 | Z56: #########
A57: Bakery_15-20 | B57: Arabic Sweets_15-20 | C57: Bakery | D57: Arabic Sweets | E57: 15-20 | F57: 1 | G57: 1 | H57: 1 | I57: 1 | J57: 0 | K57: 0 | L57: 0 | M57: 0 | O57: 0 | P57: 0 | Q57: 0 | R57: 0 | S57: 0 | Y57: 0 | Z57: #########
A58: Bakery_25+ | B58: Arabic Sweets_25+ | C58: Bakery | D58: Arabic Sweets | E58: 25+ | F58: 8 | G58: 1 | H58: 2292 | I58: 1 | J58: 30.35368 | K58: 31.56178 | L58: 35.90033 | M58: 27.12726 | N58: 0.859497 | O58: 0 | P58: 0 | Q58: 0 | R58: 1.545396 | S58: 1.55665 | T58: 1.332481 | U58: 1.545396 | V58: 1.545396 | W58: 1.55665 | X58: 4.856376 | Y58: 3.945223 | Z58: #########
A59: Bakery_Unknown | B59: Arabic Sweets_Unknown | C59: Bakery | D59: Arabic Sweets | E59: Unknown | F59: 0 | G59: 0 | H59: 0 | I59: 0 | J59: 0 | K59: 0 | L59: 0 | M59: 0 | O59: 0 | P59: 0 | Q59: 0 | R59: 0 | S59: 0 | Y59: 0 | Z59: #########
A60: Bakery_0-5 | B60: Buns & Rolls_0-5 | C60: Bakery | D60: Buns & Rolls | E60: 0-5 | F60: 17 | G60: 0 | H60: 2658 | I60: 0 | J60: 353.2591 | K60: 366.3246 | L60: 385.7386 | M60: 204.2921 | N60: 0.557681 | O60: 0 | P60: 1.166667 | Q60: 2.035483 | R60: 34.50944 | S60: 51.78078 | T60: 1.166667 | U60: 2.035483 | V60: 31.04568 | W60: 41.49443 | X60: 51.78078 | Y60: 36.63246 | Z60: #########
A61: Bakery_10-15 | B61: Buns & Rolls_10-15 | C61: Bakery | D61: Buns & Rolls | E61: 46310 | F61: 0 | G61: 0 | H61: 0 | I61: 0 | J61: 0 | K61: 1.916667 | L61: 1.194444 | M61: 1.916667 | N61: 1 | O61: 1.916667 | P61: 1.916667 | Q61: 1.916667 | R61: 1.916667 | S61: 1.916667 | T61: 1.916667 | U61: 1.916667 | V61: 1.916667 | W61: 1.916667 | X61: 1.916667 | Y61: 1.916667 | Z61: #########
A62: Bakery_15-20 | B62: Buns & Rolls_15-20 | C62: Bakery | D62: Buns & Rolls | E62: 15-20 | F62: 4 | G62: 0 | H62: 1491 | I62: 0 | J62: 31.73918 | K62: 45.56939 | L62: 42.18806 | M62: 25.61987 | N62: 0.562217 | O62: 3.5 | P62: 4.844343 | Q62: 4.844343 | R62: 6.446825 | S62: 9.266685 | T62: 3.5 | U62: 4.844343 | V62: 4.844343 | W62: 6.446825 | X62: 9.266685 | Y62: 7.594898 | Z62: #########
A63: Bakery_20-25 | B63: Buns & Rolls_20-25 | C63: Bakery | D63: Buns & Rolls | E63: 20-25 | F63: 2 | G63: 0 | H63: 132 | I63: 0 | J63: 5.969977 | K63: 6.29363 | L63: 6.260326 | M63: 6.29363 | N63: 1 | O63: 0 | P63: 0 | Q63: 0 | R63: 6.29363 | S63: 6.29363 | T63: 6.29363 | U63: 6.29363 | V63: 6.29363 | W63: 6.29363 | X63: 6.29363 | Y63: 3.146815 | Z63: #########
A64: Bakery_5-10 | B64: Buns & Rolls_5-10 | C64: Bakery | D64: Buns & Rolls | E64: 46300 | F64: 6 | G64: 0 | H64: 653 | I64: 0 | J64: 97.85589 | K64: 101.0589 | L64: 103.593 | M64: 26.84986 | N64: 0.265685 | O64: 11.93117 | P64: 14.24853 | Q64: 14.24853 | R64: 22.9942 | S64: 25.03517 | T64: 11.93117 | U64: 14.24853 | V64: 14.24853 | W64: 22.9942 | X64: 25.03517 | Y64: 20.21179 | Z64: #########
A65: Bakery_Unknown | B65: Buns & Rolls_Unknown | C65: Bakery | D65: Buns & Rolls | E65: Unknown | F65: 0 | G65: 0 | H65: 0 | I65: 0 | J65: 0 | K65: 0 | L65: 0 | M65: 0 | O65: 0 | P65: 0 | Q65: 0 | R65: 0 | S65: 0 | Y65: 0 | Z65: #########
A66: Bakery_0-5 | B66: Croissants & Cakes_0-5 | C66: Bakery | D66: Croissants & Cakes | E66: 0-5 | F66: 39 | G66: 5 | H66: 31985 | I66: 303 | J66: 666.7217 | K66: 646.3314 | L66: 659.6371 | M66: 307.8223 | N66: 0.476261 | O66: 3.70601 | P66: 11.15993 | Q66: 13.3581 | R66: 20.65125 | S66: 28.18646 | T66: 4.033333 | U66: 11.66908 | V66: 13.3581 | W66: 20.73342 | X66: 31.4414 | Y66: 23.9382 | Z66: #########
A67: Bakery_10-15 | B67: Croissants & Cakes_10-15 | C67: Bakery | D67: Croissants & Cakes | E67: 46310 | F67: 10 | G67: 0 | H67: 3845 | I67: 0 | J67: 60.82683 | K67: 57.60116 | L67: 60.94404 | M67: 39.42317 | N67: 0.684416 | O67: 0 | P67: 0 | Q67: 0 | R67: 2.792715 | S67: 4.96139 | T67: 1.354543 | U67: 2.792715 | V67: 3.792934 | W67: 4.96139 | X67: 6.97619 | Y67: 3.600072 | Z67: #########
A68: Bakery_15-20 | B68: Croissants & Cakes_15-20 | C68: Bakery | D68: Croissants & Cakes | E68: 15-20 | F68: 14 | G68: 0 | H68: 4375 | I68: 0 | J68: 49.70174 | K68: 48.87347 | L68: 53.97286 | M68: 18.97222 | N68: 0.388191 | O68: 1.962397 | P68: 3.632842 | Q68: 3.676402 | R68: 4.346851 | S68: 7.322463 | T68: 1.962397 | U68: 3.632842 | V68: 3.676402 | W68: 4.346851 | X68: 7.322463 | Y68: 4.887347 | Z68: #########
A69: Bakery_20-25 | B69: Croissants & Cakes_20-25 | C69: Bakery | D69: Croissants & Cakes | E69: 20-25 | F69: 3 | G69: 0 | H69: 408 | I69: 0 | J69: 15.34174 | K69: 15.09836 | L69: 15.18263 | M69: 14.23698 | N69: 0.942948 | O69: 0.861387 | P69: 0.861387 | Q69: 0.861387 | R69: 14.23698 | S69: 14.23698 | T69: 0.861387 | U69: 0.861387 | V69: 0.861387 | W69: 14.23698 | X69: 14.23698 | Y69: 7.549182 | Z69: #########
A70: Bakery_25+ | B70: Croissants & Cakes_25+ | C70: Bakery | D70: Croissants & Cakes | E70: 25+ | F70: 4 | G70: 0 | H70: 952 | I70: 0 | J70: 16.22919 | K70: 18.06495 | L70: 16.93422 | M70: 10.45436 | N70: 0.57871 | O70: 0 | P70: 0 | Q70: 0 | R70: 3.988681 | S70: 4.564326 | T70: 3.621902 | U70: 3.621902 | V70: 3.988681 | W70: 4.564326 | X70: 4.564326 | Y70: 3.010825 | Z70: #########
A71: Bakery_5-10 | B71: Croissants & Cakes_5-10 | C71: Bakery | D71: Croissants & Cakes | E71: 46300 | F71: 7 | G71: 0 | H71: 9203 | I71: 0 | J71: 140.2943 | K71: 129.0995 | L71: 138.7947 | M71: 109.6589 | N71: 0.849414 | O71: 0 | P71: 0 | Q71: 0 | R71: 5.487309 | S71: 7.786098 | T71: 5.487309 | U71: 6.167138 | V71: 6.167138 | W71: 7.786098 | X71: 9.979802 | Y71: 14.34439 | Z71: #########
A72: Bakery_Unknown | B72: Croissants & Cakes_Unknown | C72: Bakery | D72: Croissants & Cakes | E72: Unknown | F72: 5 | G72: 5 | H72: 134 | I72: 134 | J72: 0 | K72: 0 | L72: 0 | M72: 0 | O72: 0 | P72: 0 | Q72: 0 | R72: 0 | S72: 0 | Y72: 0 | Z72: #########
A73: Bakery_0-5 | B73: Fresh Bakery_0-5 | C73: Bakery | D73: Fresh Bakery | E73: 0-5 | F73: 9 | G73: 0 | H73: 3020 | I73: 0 | J73: 894.5408 | K73: 906.5658 | L73: 852.683 | M73: 650.6405 | N73: 0.717698 | O73: 0 | P73: 0 | Q73: 9.052474 | R73: 38.34674 | S73: 81.3921 | T73: 9.052474 | U73: 14.2625 | V73: 37.61793 | W73: 75.25357 | X73: 123.475 | Y73: 75.54715 | Z73: #########
A74: Bakery_10-15 | B74: Fresh Bakery_10-15 | C74: Bakery | D74: Fresh Bakery | E74: 46310 | F74: 18 | G74: 0 | H74: 2799 | I74: 0 | J74: 758.8691 | K74: 786.2286 | L74: 766.6095 | M74: 662.1976 | N74: 0.842246 | O74: 0 | P74: 0 | Q74: 0 | R74: 0 | S74: 20.04985 | T74: 5.183333 | U74: 12.93836 | V74: 20.33924 | W74: 30.13907 | X74: 45.60398 | Y74: 17.09193 | Z74: #########
A75: Bakery_15-20 | B75: Fresh Bakery_15-20 | C75: Bakery | D75: Fresh Bakery | E75: 15-20 | F75: 10 | G75: 0 | H75: 1433 | I75: 0 | J75: 457.3658 | K75: 448.9307 | L75: 434.5436 | M75: 395.0567 | N75: 0.879995 | O75: 0 | P75: 0 | Q75: 0 | R75: 0 | S75: 11.28777 | T75: 5.539511 | U75: 8.660737 | V75: 9.894905 | W75: 18.49113 | X75: 24.39905 | Y75: 22.44653 | Z75: #########
A76: Bakery_20-25 | B76: Fresh Bakery_20-25 | C76: Bakery | D76: Fresh Bakery | E76: 20-25 | F76: 7 | G76: 0 | H76: 300 | I76: 0 | J76: 44.19614 | K76: 50.62423 | L76: 51.93018 | M76: 21.35456 | N76: 0.421825 | O76: 0 | P76: 2.833333 | Q76: 2.833333 | R76: 6.063637 | S76: 20.3727 | T76: 2.833333 | U76: 2.833333 | V76: 6.063637 | W76: 20.3727 | X76: 20.3727 | Y76: 10.12485 | Z76: #########
A77: Bakery_25+ | B77: Fresh Bakery_25+ | C77: Bakery | D77: Fresh Bakery | E77: 25+ | F77: 4 | G77: 0 | H77: 371 | I77: 0 | J77: 44.33042 | K77: 46.24495 | L77: 48.44059 | M77: 16.65027 | N77: 0.360045 | O77: 0 | P77: 7.246023 | Q77: 7.246023 | R77: 9.794821 | S77: 12.55383 | T77: 7.246023 | U77: 7.246023 | V77: 9.794821 | W77: 12.55383 | X77: 12.55383 | Y77: 9.24899 | Z77: #########
A78: Bakery_5-10 | B78: Fresh Bakery_5-10 | C78: Bakery | D78: Fresh Bakery | E78: 46300 | F78: 22 | G78: 0 | H78: 2613 | I78: 0 | J78: 879.5968 | K78: 892.8908 | L78: 933.494 | M78: 692.6649 | N78: 0.775755 | O78: 0 | P78: 0 | Q78: 0 | R78: 0 | S78: 24.2201 | T78: 17.7057 | U78: 22.72444 | V78: 24.66804 | W78: 36.38484 | X78: 42.16407 | Y78: 20.29297 | Z78: #########
A79: Bakery_Unknown | B79: Fresh Bakery_Unknown | C79: Bakery | D79: Fresh Bakery | E79: Unknown | F79: 1 | G79: 1 | H79: 43 | I79: 43 | J79: 0 | K79: 0 | L79: 0 | M79: 0 | O79: 0 | P79: 0 | Q79: 0 | R79: 0 | S79: 0 | Y79: 0 | Z79: #########
A80: Bakery_0-5 | B80: Parathas & Dosas_0-5 | C80: Bakery | D80: Parathas & Dosas | E80: 0-5 | F80: 1 | G80: 0 | H80: 283 | I80: 0 | J80: 0 | K80: 0 | L80: 0 | M80: 0 | Z80: #########
A81: Bakery_5-10 | B81: Parathas & Dosas_5-10 | C81: Bakery | D81: Parathas & Dosas | E81: 46300 | F81: 11 | G81: 0 | H81: 5239 | I81: 0 | J81: 237.9153 | K81: 243.4959 | L81: 248.498 | M81: 140.3481 | N81: 0.576388 | O81: 2.211421 | P81: 7.126867 | Q81: 7.549424 | R81: 11.67673 | S81: 46.51905 | T81: 2.211421 | U81: 7.126867 | V81: 7.549424 | W81: 11.67673 | X81: 46.51905 | Y81: 24.34959 | Z81: #########
A82: Bakery_Unknown | B82: Parathas & Dosas_Unknown | C82: Bakery | D82: Parathas & Dosas | E82: Unknown | F82: 0 | G82: 0 | H82: 0 | I82: 0 | J82: 0 | K82: 0 | L82: 0 | M82: 0 | O82: 0 | P82: 0 | Q82: 0 | R82: 0 | S82: 0 | Y82: 0 | Z82: #########
A83: Bakery_Unknown | B83: Puff Pastry, Dough & Pizza Bases_Unknown | C83: Bakery | D83: Puff Pastry, Dough & Pizza Bases | E83: Unknown | F83: 0 | G83: 0 | H83: 0 | I83: 0 | J83: 0 | K83: 0 | L83: 0 | M83: 0 | O83: 0 | P83: 0 | Q83: 0 | R83: 0 | S83: 0 | Y83: 0 | Z83: #########
A84: Bakery_0-5 | B84: Rusks, Crispbread & Crackers_0-5 | C84: Bakery | D84: Rusks, Crispbread & Crackers | E84: 0-5 | F84: 6 | G84: 0 | H84: 17365 | I84: 0 | J84: 231.0482 | K84: 221.3411 | L84: 210.0037 | M84: 102.4194 | N84: 0.462722 | O84: 0 | P84: 0 | Q84: 0 | R84: 24.31819 | S84: 49.0253 | T84: 13.0198 | U84: 24.31819 | V84: 24.31819 | W84: 49.0253 | X84: 50.72878 | Y84: 22.13411 | Z84: #########
A85: Bakery_10-15 | B85: Rusks, Crispbread & Crackers_10-15 | C85: Bakery | D85: Rusks, Crispbread & Crackers | E85: 46310 | F85: 12 | G85: 0 | H85: 3287 | I85: 0 | J85: 24.4637 | K85: 23.76779 | L85: 23.67195 | M85: 12.03953 | N85: 0.506548 | O85: 1.106457 | P85: 1.99428 | Q85: 2.350962 | R85: 2.559341 | S85: 3.717223 | T85: 1.106457 | U85: 1.99428 | V85: 2.350962 | W85: 2.559341 | X85: 3.717223 | Y85: 3.395399 | Z85: #########
A86: Bakery_15-20 | B86: Rusks, Crispbread & Crackers_15-20 | C86: Bakery | D86: Rusks, Crispbread & Crackers | E86: 15-20 | F86: 4 | G86: 0 | H86: 1026 | I86: 0 | J86: 2.55 | K86: 1.744343 | L86: 2.103933 | M86: 0.952561 | N86: 0.546086 | O86: 0.1 | P86: 0.1 | Q86: 0.32619 | R86: 0.365591 | S86: 0.365591 | T86: 0.1 | U86: 0.1 | V86: 0.32619 | W86: 0.365591 | X86: 0.365591 | Y86: 0.436086 | Z86: #########
A87: Bakery_20-25 | B87: Rusks, Crispbread & Crackers_20-25 | C87: Bakery | D87: Rusks, Crispbread & Crackers | E87: 20-25 | F87: 3 | G87: 0 | H87: 302 | I87: 0 | J87: 8.100505 | K87: 6.326626 | L87: 5.153551 | M87: 3.622439 | N87: 0.57257 | O87: 2.704187 | P87: 2.704187 | Q87: 2.704187 | R87: 3.622439 | S87: 3.622439 | T87: 2.704187 | U87: 2.704187 | V87: 2.704187 | W87: 3.622439 | X87: 3.622439 | Y87: 3.163313 | Z87: #########
A88: Bakery_25+ | B88: Rusks, Crispbread & Crackers_25+ | C88: Bakery | D88: Rusks, Crispbread & Crackers | E88: 25+ | F88: 4 | G88: 0 | H88: 1004 | I88: 0 | J88: 4.817599 | K88: 4.303672 | L88: 4.313523 | M88: 1.699772 | N88: 0.394958 | O88: 1.23908 | P88: 1.23908 | Q88: 1.23908 | R88: 1.36482 | S88: 1.699772 | T88: 1.23908 | U88: 1.23908 | V88: 1.23908 | W88: 1.36482 | X88: 1.699772 | Y88: 1.434557 | Z88: #########
A89: Bakery_5-10 | B89: Rusks, Crispbread & Crackers_5-10 | C89: Bakery | D89: Rusks, Crispbread & Crackers | E89: 46300 | F89: 10 | G89: 0 | H89: 3086 | I89: 0 | J89: 12.81319 | K89: 15.51138 | L89: 23.36619 | M89: 10.8203 | N89: 0.697572 | O89: 0 | P89: 0 | Q89: 0.5 | R89: 2.032258 | S89: 2.158824 | T89: 0.5 | U89: 2.032258 | V89: 2.032258 | W89: 2.158824 | X89: 3.523222 | Y89: 2.215912 | Z89: #########
A90: Bakery_Unknown | B90: Rusks, Crispbread & Crackers_Unknown | C90: Bakery | D90: Rusks, Crispbread & Crackers | E90: Unknown | F90: 2 | G90: 2 | H90: 2 | I90: 2 | J90: 0 | K90: 0 | L90: 0 | M90: 0 | O90: 0 | P90: 0 | Q90: 0 | R90: 0 | S90: 0 | Y90: 0 | Z90: #########
A91: Bakery_0-5 | B91: Sliced Bread_0-5 | C91: Bakery | D91: Sliced Bread | E91: 0-5 | F91: 12 | G91: 0 | H91: 6414 | I91: 0 | J91: 1154.713 | K91: 1182.325 | L91: 1226.123 | M91: 669.1316 | N91: 0.565946 | O91: 22.19238 | P91: 28.91813 | Q91: 30.81917 | R91: 99.24216 | S91: 173.2528 | T91: 22.19238 | U91: 28.91813 | V91: 30.81917 | W91: 99.24216 | X91: 173.2528 | Y91: 131.3694 | Z91: #########
A92: Bakery_10-15 | B92: Sliced Bread_10-15 | C92: Bakery | D92: Sliced Bread | E92: 46310 | F92: 3 | G92: 0 | H92: 289 | I92: 0 | J92: 39.06553 | K92: 37.75662 | L92: 36.27687 | M92: 20.4165 | N92: 0.540739 | O92: 1 | P92: 1 | Q92: 5.260247 | R92: 11.07988 | S92: 11.07988 | T92: 1 | U92: 1 | V92: 5.260247 | W92: 11.07988 | X92: 11.07988 | Y92: 9.439156 | Z92: #########
A93: Bakery_15-20 | B93: Sliced Bread_15-20 | C93: Bakery | D93: Sliced Bread | E93: 15-20 | F93: 6 | G93: 0 | H93: 3779 | I93: 0 | J93: 127.4587 | K93: 115.9675 | L93: 127.6813 | M93: 75.36136 | N93: 0.649849 | O93: 0 | P93: 0 | Q93: 12.51975 | R93: 28.08644 | S93: 28.08644 | T93: 12.51975 | U93: 12.51975 | V93: 12.51975 | W93: 28.08644 | X93: 75.36136 | Y93: 28.99189 | Z93: #########
A94: Bakery_20-25 | B94: Sliced Bread_20-25 | C94: Bakery | D94: Sliced Bread | E94: 20-25 | F94: 4 | G94: 0 | H94: 910 | I94: 0 | J94: 18.39682 | K94: 17.34154 | L94: 17.97977 | M94: 5.519759 | N94: 0.318297 | O94: 1.47619 | P94: 3.023332 | Q94: 3.023332 | R94: 3.424888 | S94: 3.897374 | T94: 1.47619 | U94: 3.023332 | V94: 3.023332 | W94: 3.424888 | X94: 3.897374 | Y94: 3.468309 | Z94: #########
A95: Bakery_25+ | B95: Sliced Bread_25+ | C95: Bakery | D95: Sliced Bread | E95: 25+ | F95: 5 | G95: 0 | H95: 669 | I95: 0 | J95: 5.779002 | K95: 4.767811 | L95: 5.251758 | M95: 2.870052 | N95: 0.601964 | O95: 1.897759 | P95: 1.897759 | Q95: 1.897759 | R95: 2.870052 | S95: 2.870052 | T95: 1.897759 | U95: 1.897759 | V95: 1.897759 | W95: 2.870052 | X95: 2.870052 | Y95: 2.383905 | Z95: #########
A96: Bakery_5-10 | B96: Sliced Bread_5-10 | C96: Bakery | D96: Sliced Bread | E96: 46300 | F96: 15 | G96: 0 | H96: 4541 | I96: 0 | J96: 339.5551 | K96: 368.7986 | L96: 386.4318 | M96: 234.8054 | N96: 0.636677 | O96: 0 | P96: 6.067788 | Q96: 9.728793 | R96: 15.77701 | S96: 22.80128 | T96: 7.128779 | U96: 9.728793 | V96: 9.913104 | W96: 22.55789 | X96: 29.34607 | Y96: 26.34276 | Z96: #########
A97: Bakery_Unknown | B97: Sliced Bread_Unknown | C97: Bakery | D97: Sliced Bread | E97: Unknown | F97: 2 | G97: 2 | H97: 3 | I97: 3 | J97: 0 | K97: 0 | L97: 0 | M97: 0 | O97: 0 | P97: 0 | Q97: 0 | R97: 0 | S97: 0 | Y97: 0 | Z97: #########
A98: Bakery_10-15 | B98: Tortillas & Wraps_10-15 | C98: Bakery | D98: Tortillas & Wraps | E98: 46310 | F98: 10 | G98: 0 | H98: 6956 | I98: 0 | J98: 116.6036 | K98: 120.7361 | L98: 119.3823 | M98: 69.99426 | N98: 0.579729 | O98: 1.665591 | P98: 3.158122 | Q98: 4.366858 | R98: 9.595428 | S98: 10.68225 | T98: 1.665591 | U98: 3.158122 | V98: 4.366858 | W98: 9.595428 | X98: 10.68225 | Y98: 10.97601 | Z98: #########
A99: Bakery_15-20 | B99: Tortillas & Wraps_15-20 | C99: Bakery | D99: Tortillas & Wraps | E99: 15-20 | F99: 4 | G99: 0 | H99: 1734 | I99: 0 | J99: 17.20991 | K99: 16.44181 | L99: 14.84213 | M99: 6.669246 | N99: 0.405627 | O99: 2.082624 | P99: 2.082624 | Q99: 2.935308 | R99: 4.754632 | S99: 4.754632 | T99: 2.082624 | U99: 2.082624 | V99: 2.935308 | W99: 4.754632 | X99: 4.754632 | Y99: 4.110452 | Z99: #########
A100: Bakery_20-25 | B100: Tortillas & Wraps_20-25 | C100: Bakery | D100: Tortillas & Wraps | E100: 20-25 | F100: 3 | G100: 0 | H100: 1059 | I100: 0 | J100: 7.648302 | K100: 8.881902 | L100: 8.835594 | M100: 4.691806 | N100: 0.528243 | O100: 0.819481 | P100: 0.819481 | Q100: 0.819481 | R100: 3.370616 | S100: 4.691806 | T100: 0.819481 | U100: 0.819481 | V100: 0.819481 | W100: 3.370616 | X100: 4.691806 | Y100: 2.960634 | Z100: #########
...

Sheet New Launch Success Rate
A1: Subcat_ASP Bucket | B1: Total New Launches (Last 180d) | C1: Successful Launches | D1: Aggregation Level Used | E1: Launch Success Rate | F1: Revised
A2: Accessories_10-15 | B2: 0 | C2: 0 | D2: No Launches in Entire Category | E2: Not Applicable | F2: =if(D2="Fallback: ParentCategory_ASP",E2*0.75, IF(D2="Fallback: ParentCategory",E2*0.5,E2)) -> Not Applicable
A3: Accessories_15-20 | B3: 0 | C3: 0 | D3: No Launches in Entire Category | E3: Not Applicable | F3: =if(D3="Fallback: ParentCategory_ASP",E3*0.75, IF(D3="Fallback: ParentCategory",E3*0.5,E3)) -> Not Applicable
A4: Accessories_20-25 | B4: 3 | C4: 2 | D4: Fallback: ParentCategory | E4: 0.667 | F4: =if(D4="Fallback: ParentCategory_ASP",E4*0.75, IF(D4="Fallback: ParentCategory",E4*0.5,E4)) -> 0.3335
A5: Accessories_25+ | B5: 0 | C5: 0 | D5: No Launches in Entire Category | E5: Not Applicable | F5: =if(D5="Fallback: ParentCategory_ASP",E5*0.75, IF(D5="Fallback: ParentCategory",E5*0.5,E5)) -> Not Applicable
A6: Accessories_25+ | B6: 3 | C6: 2 | D6: Fallback: ParentCategory_ASP | E6: 0.667 | F6: =if(D6="Fallback: ParentCategory_ASP",E6*0.75, IF(D6="Fallback: ParentCategory",E6*0.5,E6)) -> 0.50025
A7: Accessories_Unknown | B7: 0 | C7: 0 | D7: No Launches in Entire Category | E7: Not Applicable | F7: =if(D7="Fallback: ParentCategory_ASP",E7*0.75, IF(D7="Fallback: ParentCategory",E7*0.5,E7)) -> Not Applicable
A8: Accessories_Unknown | B8: 3 | C8: 2 | D8: Fallback: ParentCategory | E8: 0.667 | F8: =if(D8="Fallback: ParentCategory_ASP",E8*0.75, IF(D8="Fallback: ParentCategory",E8*0.5,E8)) -> 0.3335
A9: Activity Books_0-5 | B9: 105 | C9: 61 | D9: Fallback: ParentCategory | E9: 0.581 | F9: =if(D9="Fallback: ParentCategory_ASP",E9*0.75, IF(D9="Fallback: ParentCategory",E9*0.5,E9)) -> 0.2905
A10: Activity Books_10-15 | B10: 4 | C10: 4 | D10: Fallback: ParentCategory_ASP | E10: 1 | F10: =if(D10="Fallback: ParentCategory_ASP",E10*0.75, IF(D10="Fallback: ParentCategory",E10*0.5,E10)) -> 0.75
A11: Activity Books_20-25 | B11: 105 | C11: 61 | D11: Fallback: ParentCategory | E11: 0.581 | F11: =if(D11="Fallback: ParentCategory_ASP",E11*0.75, IF(D11="Fallback: ParentCategory",E11*0.5,E11)) -> 0.2905
A12: Activity Books_25+ | B12: 3 | C12: 0 | D12: Exact Subcat_ASP Match | E12: 0 | F12: =if(D12="Fallback: ParentCategory_ASP",E12*0.75, IF(D12="Fallback: ParentCategory",E12*0.5,E12)) -> 0
A13: Activity Books_5-10 | B13: 3 | C13: 3 | D13: Fallback: ParentCategory_ASP | E13: 1 | F13: =if(D13="Fallback: ParentCategory_ASP",E13*0.75, IF(D13="Fallback: ParentCategory",E13*0.5,E13)) -> 0.75
A14: Adapters_25+ | B14: 12 | C14: 0 | D14: Fallback: ParentCategory_ASP | E14: 0 | F14: =if(D14="Fallback: ParentCategory_ASP",E14*0.75, IF(D14="Fallback: ParentCategory",E14*0.5,E14)) -> 0
A15: Adult Diapers_15-20 | B15: 3 | C15: 3 | D15: Fallback: ParentCategory_ASP | E15: 1 | F15: =if(D15="Fallback: ParentCategory_ASP",E15*0.75, IF(D15="Fallback: ParentCategory",E15*0.5,E15)) -> 0.75
A16: Adult Diapers_20-25 | B16: 6 | C16: 5 | D16: Fallback: ParentCategory_ASP | E16: 0.833 | F16: =if(D16="Fallback: ParentCategory_ASP",E16*0.75, IF(D16="Fallback: ParentCategory",E16*0.5,E16)) -> 0.62475
A17: Adult Diapers_25+ | B17: 49 | C17: 42 | D17: Fallback: ParentCategory_ASP | E17: 0.857 | F17: =if(D17="Fallback: ParentCategory_ASP",E17*0.75, IF(D17="Fallback: ParentCategory",E17*0.5,E17)) -> 0.64275
A18: Adult Diapers_Unknown | B18: 62 | C18: 53 | D18: Fallback: ParentCategory | E18: 0.855 | F18: =if(D18="Fallback: ParentCategory_ASP",E18*0.75, IF(D18="Fallback: ParentCategory",E18*0.5,E18)) -> 0.4275
A19: Air Fryer_25+ | B19: 10 | C19: 7 | D19: Fallback: ParentCategory_ASP | E19: 0.7 | F19: =if(D19="Fallback: ParentCategory_ASP",E19*0.75, IF(D19="Fallback: ParentCategory",E19*0.5,E19)) -> 0.525
... A28: Airpods_25+ | B28: 5 | C28: 0 | D28: Fallback: ParentCategory_ASP | E28: 0 | F28: =if(D28="Fallback: ParentCategory_ASP",E28*0.75, IF(D28="Fallback: ParentCategory",E28*0.5,E28)) -> 0
A29: Android Smartphone_25+ | B29: 0 | C29: 0 | D29: No Launches in Entire Category | E29: Not Applicable | F29: =if(D29="Fallback: ParentCategory_ASP",E29*0.75, IF(D29="Fallback: ParentCategory",E29*0.5,E29)) -> Not Applicable
A30: Android Smartphone_Unknown | B30: 0 | C30: 0 | D30: No Launches in Entire Category | E30: Not Applicable | F30: =if(D30="Fallback: ParentCategory_ASP",E30*0.75, IF(D30="Fallback: ParentCategory",E30*0.5,E30)) -> Not Applicable
A31: Apple Watch_Unknown | B31: 0 | C31: 0 | D31: No Launches in Entire Category | E31: Not Applicable | F31: =if(D31="Fallback: ParentCategory_ASP",E31*0.75, IF(D31="Fallback: ParentCategory",E31*0.5,E31)) -> Not Applicable
A32: Apple iPads_Unknown | B32: 0 | C32: 0 | D32: No Launches in Entire Category | E32: Not Applicable | F32: =if(D32="Fallback: ParentCategory_ASP",E32*0.75, IF(D32="Fallback: ParentCategory",E32*0.5,E32)) -> Not Applicable
A33: Apple_25+ | B33: 0 | C33: 0 | D33: No Launches in Entire Category | E33: Not Applicable | F33: =if(D33="Fallback: ParentCategory_ASP",E33*0.75, IF(D33="Fallback: ParentCategory",E33*0.5,E33)) -> Not Applicable
A34: Apple_Unknown | B34: 0 | C34: 0 | D34: No Launches in Entire Category | E34: Not Applicable | F34: =if(D34="Fallback: ParentCategory_ASP",E34*0.75, IF(D34="Fallback: ParentCategory",E34*0.5,E34)) -> Not Applicable
A35: Appliances_10-15 | B35: 1 | C35: 1 | D35: Fallback: ParentCategory | E35: Not Applicable | F35: =if(D35="Fallback: ParentCategory_ASP",E35*0.75, IF(D35="Fallback: ParentCategory",E35*0.5,E35)) -> #VALUE!
A36: Appliances_20-25 | B36: 1 | C36: 1 | D36: Fallback: ParentCategory | E36: Not Applicable | F36: =if(D36="Fallback: ParentCategory_ASP",E36*0.75, IF(D36="Fallback: ParentCategory",E36*0.5,E36)) -> #VALUE!
A37: Appliances_25+ | B37: 1 | C37: 1 | D37: Fallback: ParentCategory | E37: Not Applicable | F37: =if(D37="Fallback: ParentCategory_ASP",E37*0.75, IF(D37="Fallback: ParentCategory",E37*0.5,E37)) -> #VALUE!
A38: Appliances_Unknown | B38: 1 | C38: 1 | D38: Fallback: ParentCategory | E38: Not Applicable | F38: =if(D38="Fallback: ParentCategory_ASP",E38*0.75, IF(D38="Fallback: ParentCategory",E38*0.5,E38)) -> #VALUE!
A39: Arabic & Flat Bread_0-5 | B39: 9 | C39: 7 | D39: Fallback: ParentCategory_ASP | E39: 0.778 | F39: =if(D39="Fallback: ParentCategory_ASP",E39*0.75, IF(D39="Fallback: ParentCategory",E39*0.5,E39)) -> 0.5835
A40: Arabic & Flat Bread_10-15 | B40: 12 | C40: 12 | D40: Fallback: ParentCategory_ASP | E40: 1 | F40: =if(D40="Fallback: ParentCategory_ASP",E40*0.75, IF(D40="Fallback: ParentCategory",E40*0.5,E40)) -> 0.75
A41: Arabic & Flat Bread_15-20 | B41: 12 | C41: 11 | D41: Fallback: ParentCategory_ASP | E41: 0.917 | F41: =if(D41="Fallback: ParentCategory_ASP",E41*0.75, IF(D41="Fallback: ParentCategory",E41*0.5,E41)) -> 0.68775
A42: Arabic & Flat Bread_20-25 | B42: 4 | C42: 4 | D42: Fallback: ParentCategory_ASP | E42: 1 | F42: =if(D42="Fallback: ParentCategory_ASP",E42*0.75, IF(D42="Fallback: ParentCategory",E42*0.5,E42)) -> 0.75
A43: Arabic & Flat Bread_25+ | B43: 4 | C43: 4 | D43: Fallback: ParentCategory_ASP | E43: 1 | F43: =if(D43="Fallback: ParentCategory_ASP",E43*0.75, IF(D43="Fallback: ParentCategory",E43*0.5,E43)) -> 0.75
A44: Arabic & Flat Bread_5-10 | B44: 22 | C44: 17 | D44: Fallback: ParentCategory_ASP | E44: 0.773 | F44: =if(D44="Fallback: ParentCategory_ASP",E44*0.75, IF(D44="Fallback: ParentCategory",E44*0.5,E44)) -> 0.57975
A45: Arabic & Flat Bread_Unknown | B45: 63 | C45: 55 | D45: Fallback: ParentCategory | E45: 0.873 | F45: =if(D45="Fallback: ParentCategory_ASP",E45*0.75, IF(D45="Fallback: ParentCategory",E45*0.5,E45)) -> 0.4365
A46: Arabic Sweets_10-15 | B46: 12 | C46: 12 | D46: Fallback: ParentCategory_ASP | E46: 1 | F46: =if(D46="Fallback: ParentCategory_ASP",E46*0.75, IF(D46="Fallback: ParentCategory",E46*0.5,E46)) -> 0.75
A47: Arabic Sweets_15-20 | B47: 12 | C47: 11 | D47: Fallback: ParentCategory_ASP | E47: 0.917 | F47: =if(D47="Fallback: ParentCategory_ASP",E47*0.75, IF(D47="Fallback: ParentCategory",E47*0.5,E47)) -> 0.68775
A48: Arabic Sweets_25+ | B48: 4 | C48: 4 | D48: Fallback: ParentCategory_ASP | E48: 1 | F48: =if(D48="Fallback: ParentCategory_ASP",E48*0.75, IF(D48="Fallback: ParentCategory",E48*0.5,E48)) -> 0.75
A49: Arabic Sweets_25+ | B49: 25 | C49: 17 | D49: Fallback: ParentCategory_ASP | E49: 0.68 | F49: =if(D49="Fallback: ParentCategory_ASP",E49*0.75, IF(D49="Fallback: ParentCategory",E49*0.5,E49)) -> 0.51
A50: Arabic Sweets_Unknown | B50: 63 | C50: 55 | D50: Fallback: ParentCategory | E50: 0.873 | F50: =if(D50="Fallback: ParentCategory_ASP",E50*0.75, IF(D50="Fallback: ParentCategory",E50*0.5,E50)) -> 0.4365
... A138: Blenders, Mixers & Food Processors_25+ | B138: 10 | C138: 7 | D138: Fallback: ParentCategory_ASP | E138: 0.7 | F138: =if(D138="Fallback: ParentCategory_ASP",E138*0.75, IF(D138="Fallback: ParentCategory",E138*0.5,E138)) -> 0.525
A139: Block Cheese | Bouquets & Gifts_Unknown | B139: 0 | C139: 0 | D139: No Launches in Entire Category | E139: Not Applicable | F139: =if(D139="Fallback: ParentCategory_ASP",E139*0.75, IF(D139="Fallback: ParentCategory",E139*0.5,E139)) -> Not Applicable
A140: Block Cheese_0-5 | B140: 11 | C140: 7 | D140: Fallback: ParentCategory | E140: 0.636 | F140: =if(D140="Fallback: ParentCategory_ASP",E140*0.75, IF(D140="Fallback: ParentCategory",E140*0.5,E140)) -> 0.318
A141: Block Cheese_10-15 | B141: 3 | C141: 2 | D141: Exact Subcat_ASP Match | E141: 0.667 | F141: =if(D141="Fallback: ParentCategory_ASP",E141*0.75, IF(D141="Fallback: ParentCategory",E141*0.5,E141)) -> 0.667
A142: Block Cheese_15-20 | B142: 11 | C142: 7 | D142: Fallback: ParentCategory | E142: 0.636 | F142: =if(D142="Fallback: ParentCategory_ASP",E142*0.75, IF(D142="Fallback: ParentCategory",E142*0.5,E142)) -> 0.318
A143: Block Cheese_20-25 | B143: 11 | C143: 7 | D143: Fallback: ParentCategory | E143: 0.636 | F143: =if(D143="Fallback: ParentCategory_ASP",E143*0.75, IF(D143="Fallback: ParentCategory",E143*0.5,E143)) -> 0.318
A144: Block Cheese_25+ | B144: 11 | C144: 7 | D144: Fallback: ParentCategory | E144: 0.636 | F144: =if(D144="Fallback: ParentCategory_ASP",E144*0.75, IF(D144="Fallback: ParentCategory",E144*0.5,E144)) -> 0.318
A145: Block Cheese_5-10 | B145: 11 | C145: 7 | D145: Fallback: ParentCategory | E145: 0.636 | F145: =if(D145="Fallback: ParentCategory_ASP",E145*0.75, IF(D145="Fallback: ParentCategory",E145*0.5,E145)) -> 0.318
A146: Block Cheese_Unknown | B146: 11 | C146: 7 | D146: Fallback: ParentCategory | E146: 0.636 | F146: =if(D146="Fallback: ParentCategory_ASP",E146*0.75, IF(D146="Fallback: ParentCategory",E146*0.5,E146)) -> 0.318
A147: Board Games_15-20 | B147: 105 | C147: 61 | D147: Fallback: ParentCategory | E147: 0.581 | F147: =if(D147="Fallback: ParentCategory_ASP",E147*0.75, IF(D147="Fallback: ParentCategory",E147*0.5,E147)) -> 0.2905
A148: Board Games_25+ | B148: 79 | C148: 49 | D148: Fallback: ParentCategory_ASP | E148: 0.62 | F148: =if(D148="Fallback: ParentCategory_ASP",E148*0.75, IF(D148="Fallback: ParentCategory",E148*0.5,E148)) -> 0.465
A149: Board Games_Unknown | B149: 14 | C149: 0 | D149: Fallback: ParentCategory_ASP | E149: 0 | F149: =if(D149="Fallback: ParentCategory_ASP",E149*0.75, IF(D149="Fallback: ParentCategory",E149*0.5,E149)) -> 0
A150: Body & Skin Care | Hair Studio | Skin & Treatments_15-20 | B150: 0 | C150: 0 | D150: No Launches in Entire Category | E150: Not Applicable | F150: =if(D150="Fallback: ParentCategory_ASP",E150*0.75, IF(D150="Fallback: ParentCategory",E150*0.5,E150)) -> Not Applicable
A151: Body & Skin Care | Skin & Treatments_25+ | B151: 0 | C151: 0 | D151: No Launches in Entire Category | E151: Not Applicable | F151: =if(D151="Fallback: ParentCategory_ASP",E151*0.75, IF(D151="Fallback: ParentCategory",E151*0.5,E151)) -> Not Applicable
A152: Body & Skin Care_0-5 | B152: 117 | C152: 64 | D152: Fallback: ParentCategory | E152: 0.547 | F152: =if(D152="Fallback: ParentCategory_ASP",E152*0.75, IF(D152="Fallback: ParentCategory",E152*0.5,E152)) -> 0.2735
A153: Body & Skin Care_10-15 | B153: 5 | C153: 4 | D153: Exact Subcat_ASP Match | E153: 0.8 | F153: =if(D153="Fallback: ParentCategory_ASP",E153*0.75, IF(D153="Fallback: ParentCategory",E153*0.5,E153)) -> 0.8
A154: Body & Skin Care_15-20 | B154: 7 | C154: 5 | D154: Exact Subcat_ASP Match | E154: 0.714 | F154: =if(D154="Fallback: ParentCategory_ASP",E154*0.75, IF(D154="Fallback: ParentCategory",E154*0.5,E154)) -> 0.714
A155: Body & Skin Care_20-25 | B155: 13 | C155: 7 | D155: Fallback: ParentCategory_ASP | E155: 0.538 | F155: =if(D155="Fallback: ParentCategory_ASP",E155*0.75, IF(D155="Fallback: ParentCategory",E155*0.5,E155)) -> 0.4035
A156: Body & Skin Care_25+ | B156: 18 | C156: 13 | D156: Exact Subcat_ASP Match | E156: 0.722 | F156: =if(D156="Fallback: ParentCategory_ASP",E156*0.75, IF(D156="Fallback: ParentCategory",E156*0.5,E156)) -> 0.722
A157: Body & Skin Care_5-10 | B157: 4 | C157: 3 | D157: Fallback: ParentCategory_ASP | E157: 0.75 | F157: =if(D157="Fallback: ParentCategory_ASP",E157*0.75, IF(D157="Fallback: ParentCategory",E157*0.5,E157)) -> 0.5625
A158: Body & Skin Care_Unknown | B158: 25 | C158: 0 | D158: Fallback: ParentCategory_ASP | E158: 0 | F158: =if(D158="Fallback: ParentCategory_ASP",E158*0.75, IF(D158="Fallback: ParentCategory",E158*0.5,E158)) -> 0
A159: Bouquets & Gifts_20-25 | B159: 0 | C159: 0 | D159: No Launches in Entire Category | E159: Not Applicable | F159: =if(D159="Fallback: ParentCategory_ASP",E159*0.75, IF(D159="Fallback: ParentCategory",E159*0.5,E159)) -> Not Applicable
A160: Bouquets & Gifts_25+ | B160: 0 | C160: 0 | D160: No Launches in Entire Category | E160: Not Applicable | F160: =if(D160="Fallback: ParentCategory_ASP",E160*0.75, IF(D160="Fallback: ParentCategory",E160*0.5,E160)) -> Not Applicable
A161: Bouquets & Gifts_Unknown | B161: 0 | C161: 0 | D161: No Launches in Entire Category | E161: Not Applicable | F161: =if(D161="Fallback: ParentCategory_ASP",E161*0.75, IF(D161="Fallback: ParentCategory",E161*0.5,E161)) -> Not Applicable
A162: Breaded_10-15 | B162: 3 | C162: 3 | D162: Fallback: ParentCategory_ASP | E162: 1 | F162: =if(D162="Fallback: ParentCategory_ASP",E162*0.75, IF(D162="Fallback: ParentCategory",E162*0.5,E162)) -> 0.75
A163: Breaded_15-20 | B163: 3 | C163: 3 | D163: Fallback: ParentCategory_ASP | E163: 1 | F163: =if(D163="Fallback: ParentCategory_ASP",E163*0.75, IF(D163="Fallback: ParentCategory",E163*0.5,E163)) -> 0.75
A164: Breaded_20-25 | B164: 4 | C164: 4 | D164: Fallback: ParentCategory_ASP | E164: 1 | F164: =if(D164="Fallback: ParentCategory_ASP",E164*0.75, IF(D164="Fallback: ParentCategory",E164*0.5,E164)) -> 0.75
A165: Breaded_25+ | B165: 3 | C165: 2 | D165: Exact Subcat_ASP Match | E165: 0.667 | F165: =if(D165="Fallback: ParentCategory_ASP",E165*0.75, IF(D165="Fallback: ParentCategory",E165*0.5,E165)) -> 0.667
A166: Breaded_Unknown | B166: 34 | C166: 29 | D166: Fallback: ParentCategory | E166: 0.853 | F166: =if(D166="Fallback: ParentCategory_ASP",E166*0.75, IF(D166="Fallback: ParentCategory",E166*0.5,E166)) -> 0.4265
A167: Breads & Bakes | Puff Pastry, Dough & Pizza Bases_Unknown | B167: 0 | C167: 0 | D167: No Launches in Entire Category | E167: Not Applicable | F167: =if(D167="Fallback: ParentCategory_ASP",E167*0.75, IF(D167="Fallback: ParentCategory",E167*0.5,E167)) -> Not Applicable
A168: Breads & Bakes_10-15 | B168: 3 | C168: 3 | D168: Exact Subcat_ASP Match | E168: 1 | F168: =if(D168="Fallback: ParentCategory_ASP",E168*0.75, IF(D168="Fallback: ParentCategory",E168*0.5,E168)) -> 1
A169: Breads & Bakes_15-20 | B169: 3 | C169: 3 | D169: Fallback: ParentCategory_ASP | E169: 1 | F169: =if(D169="Fallback: ParentCategory_ASP",E169*0.75, IF(D169="Fallback: ParentCategory",E169*0.5,E169)) -> 0.75
A170: Breads & Bakes_20-25 | B170: 4 | C170: 4 | D170: Fallback: ParentCategory_ASP | E170: 1 | F170: =if(D170="Fallback: ParentCategory_ASP",E170*0.75, IF(D170="Fallback: ParentCategory",E170*0.5,E170)) -> 0.75
A171: Breads & Bakes_25+ | B171: 22 | C171: 18 | D171: Fallback: ParentCategory_ASP | E171: 0.818 | F171: =if(D171="Fallback: ParentCategory_ASP",E171*0.75, IF(D171="Fallback: ParentCategory",E171*0.5,E171)) -> 0.6135
A172: Breads & Bakes_5-10 | B172: 34 | C172: 29 | D172: Fallback: ParentCategory | E172: 0.853 | F172: =if(D172="Fallback: ParentCategory_ASP",E172*0.75, IF(D172="Fallback: ParentCategory",E172*0.5,E172)) -> 0.4265
A173: Breads & Bakes_Unknown | B173: 34 | C173: 29 | D173: Fallback: ParentCategory | E173: 0.853 | F173: =if(D173="Fallback: ParentCategory_ASP",E173*0.75, IF(D173="Fallback: ParentCategory",E173*0.5,E173)) -> 0.4265
A174: Brown_10-15 | B174: 1 | C174: 1 | D174: Fallback: ParentCategory | E174: Not Applicable | F174: =if(D174="Fallback: ParentCategory_ASP",E174*0.75, IF(D174="Fallback: ParentCategory",E174*0.5,E174)) -> #VALUE!
A175: Brown_15-20 | B175: 1 | C175: 1 | D175: Fallback: ParentCategory | E175: Not Applicable | F175: =if(D175="Fallback: ParentCategory_ASP",E175*0.75, IF(D175="Fallback: ParentCategory",E175*0.5,E175)) -> #VALUE!
A176: Brown_20-25 | B176: 1 | C176: 1 | D176: Fallback: ParentCategory | E176: Not Applicable | F176: =if(D176="Fallback: ParentCategory_ASP",E176*0.75, IF(D176="Fallback: ParentCategory",E176*0.5,E176)) -> #VALUE!
A177: Brown_25+ | B177: 1 | C177: 1 | D177: Fallback: ParentCategory | E177: Not Applicable | F177: =if(D177="Fallback: ParentCategory_ASP",E177*0.75, IF(D177="Fallback: ParentCategory",E177*0.5,E177)) -> #VALUE!
A178: Brown_5-10 | B178: 1 | C178: 1 | D178: Fallback: ParentCategory | E178: Not Applicable | F178: =if(D178="Fallback: ParentCategory_ASP",E178*0.75, IF(D178="Fallback: ParentCategory",E178*0.5,E178)) -> #VALUE!
A179: Brown_Unknown | B179: 1 | C179: 1 | D179: Fallback: ParentCategory | E179: Not Applicable | F179: =if(D179="Fallback: ParentCategory_ASP",E179*0.75, IF(D179="Fallback: ParentCategory",E179*0.5,E179)) -> #VALUE!
A180: Buns & Rolls_0-5 | B180: 9 | C180: 7 | D180: Fallback: ParentCategory_ASP | E180: 0.778 | F180: =if(D180="Fallback: ParentCategory_ASP",E180*0.75, IF(D180="Fallback: ParentCategory",E180*0.5,E180)) -> 0.5835
A181: Buns & Rolls_10-15 | B181: 12 | C181: 12 | D181: Fallback: ParentCategory_ASP | E181: 1 | F181: =if(D181="Fallback: ParentCategory_ASP",E181*0.75, IF(D181="Fallback: ParentCategory",E181*0.5,E181)) -> 0.75
A182: Buns & Rolls_15-20 | B182: 12 | C182: 11 | D182: Fallback: ParentCategory_ASP | E182: 0.917 | F182: =if(D182="Fallback: ParentCategory_ASP",E182*0.75, IF(D182="Fallback: ParentCategory",E182*0.5,E182)) -> 0.68775
A183: Buns & Rolls_20-25 | B183: 4 | C183: 4 | D183: Fallback: ParentCategory_ASP | E183: 1 | F183: =if(D183="Fallback: ParentCategory_ASP",E183*0.75, IF(D183="Fallback: ParentCategory",E183*0.5,E183)) -> 0.75
A184: Buns & Rolls_5-10 | B184: 22 | C184: 17 | D184: Fallback: ParentCategory_ASP | E184: 0.773 | F184: =if(D184="Fallback: ParentCategory_ASP",E184*0.75, IF(D184="Fallback: ParentCategory",E184*0.5,E184)) -> 0.57975
A185: Buns & Rolls_Unknown | B185: 63 | C185: 55 | D185: Fallback: ParentCategory | E185: 0.873 | F185: =if(D185="Fallback: ParentCategory_ASP",E185*0.75, IF(D185="Fallback: ParentCategory",E185*0.5,E185)) -> 0.4365
A186: Burgers & Sausage_0-5 | B186: 34 | C186: 29 | D186: Fallback: ParentCategory | E186: 0.853 | F186: =if(D186="Fallback: ParentCategory_ASP",E186*0.75, IF(D186="Fallback: ParentCategory",E186*0.5,E186)) -> 0.4265
A187: Burgers & Sausage_10-15 | B187: 3 | C187: 3 | D187: Fallback: ParentCategory_ASP | E187: 1 | F187: =if(D187="Fallback: ParentCategory_ASP",E187*0.75, IF(D187="Fallback: ParentCategory",E187*0.5,E187)) -> 0.75
A188: Burgers & Sausage_15-20 | B188: 3 | C188: 3 | D188: Fallback: ParentCategory_ASP | E188: 1 | F188: =if(D188="Fallback: ParentCategory_ASP",E188*0.75, IF(D188="Fallback: ParentCategory",E188*0.5,E188)) -> 0.75
A189: Burgers & Sausage_20-25 | B189: 4 | C189: 4 | D189: Fallback: ParentCategory_ASP | E189: 1 | F189: =if(D189="Fallback: ParentCategory_ASP",E189*0.75, IF(D189="Fallback: ParentCategory",E189*0.5,E189)) -> 0.75
A190: Burgers & Sausage_25+ | B190: 22 | C190: 18 | D190: Fallback: ParentCategory_ASP | E190: 0.818 | F190: =if(D190="Fallback: ParentCategory_ASP",E190*0.75, IF(D190="Fallback: ParentCategory",E190*0.5,E190)) -> 0.6135
A191: Burgers & Sausage_5-10 | B191: 34 | C191: 29 | D191: Fallback: ParentCategory | E191: 0.853 | F191: =if(D191="Fallback: ParentCategory_ASP",E191*0.75, IF(D191="Fallback: ParentCategory",E191*0.5,E191)) -> 0.4265
... A233: Card Games_Unknown | B233: 14 | C233: 0 | D233: Fallback: ParentCategory_ASP | E233: 0 | F233: =if(D233="Fallback: ParentCategory_ASP",E233*0.75, IF(D233="Fallback: ParentCategory",E233*0.5,E233)) -> 0
A234: Cases & Sleeves_25+ | B234: 0 | C234: 0 | D234: No Launches in Entire Category | E234: Not Applicable | F234: =if(D234="Fallback: ParentCategory_ASP",E234*0.75, IF(D234="Fallback: ParentCategory",E234*0.5,E234)) -> Not Applicable
A235: Cases & Sleeves_Unknown | B235: 0 | C235: 0 | D235: No Launches in Entire Category | E235: Not Applicable | F235: =if(D235="Fallback: ParentCategory_ASP",E235*0.75, IF(D235="Fallback: ParentCategory",E235*0.5,E235)) -> Not Applicable
A236: Cases and Covers_25+ | B236: 0 | C236: 0 | D236: No Launches in Entire Category | E236: Not Applicable | F236: =if(D236="Fallback: ParentCategory_ASP",E236*0.75, IF(D236="Fallback: ParentCategory",E236*0.5,E236)) -> Not Applicable
...

Sheet Main Working
U1: SCORE 1: COMMERCIAL QUALITY (CQ) Does the price bucket have demand? Is there room structurally? Are recent launches in this subcat succeeding? | AM1: SCORE 2: CATEGORY HEALTH (CH) Is NMI under control? Is the range cluttered with zero-ROS SKUs? | AT1: SCORE 3: SUPPLIER PARTNERSHIP (SP) Who carries the risk? Can we return unsold stock? Has the supplier committed commercial support?
U2: Why 60 days? | V2: As per our Sales growth analysis, SKUs mature in 8 weeks at an avg | Y2: Top 20% SKUs % of bucket ROS | Z2: <50=LOW 50-70=MED >70=HIGH | AA2: (Cat ASP Bkt ROS÷SKUs) | AB2: (Subcat ASP Bkt ROS÷SKUs) | AC2: <50=LOW >50=HIGH | BE2: normalize the base for campaigns | BF2: Normalise OPD backwards | BO2: Threshold | BP2: 50
U3: Check if 60 Days is correct DOC cut? | V3: Check if P50ROS is correct benchmark | Z3: Check if 50%, 70% threshold is ideal | AC3: Check if 50% threshold is ideal | AF3: Check what's the best Caliberation for Saturation Matrix | AI3: What should be launch Success thresholds | AR3: What should be the weightage | AW3: What should be the weightage | AY3: What should be the weightage | BE3: Check if 3rd month is the correct month to check ROS | BF3: Check if P10 MV ROS is the correct threshold to measure success | BG3: How to Define Success
C4: 📥 CM INPUTS + AUTO | U4: SCORE 1: CQ | Vel 40% + Sat 40% + Launch 20% | AM4: Score 2: Category Health | AT4: SCORE 3: SP
U5: 1A. VELOCITY | Y5: 1B. SATURATION | AH5: 1C. LAUNCH | AK5: CQ | AM5: 2A. NMI | AR5: CH | AT5: SP | AW5: SP | BZ5: CQ Score
A6: Barcode | B6: Ship to | C6: SKU Name | D6: Category | E6: Subcategory | F6: Supplier | G6: MOQ | H6: ASP | I6: RTV Terms | J6: Monetisation Terms | K6: Shelf Life | L6: New Format? | M6: New Brand? | N6: New Flavour? | O6: New Size? | P6: New Ingredient? | Q6: New Price Point? | R6: Subcat ASP Key | S6: ASP Bucket | T6: Width or Depth | U6: Vel Floor | V6: Benchmark | W6: Vel Score | Y6: Conc Index | Z6: Conc Level | AA6: Cat- ASP Median SKU EFF | AB6: SKU Eff | AC6: SKU Eff | AD6: Width or Depth | AE6: Key | AF6: Sat Score | AH6: Launch Success % | AI6: Launch Score | AK6: CQ SCORE | AM6: NMI Unit% | AN6: 2A | AO6: NMI SKU% | AP6: 2B | AR6: CH SCORE | AT6: Return Score | AU6: Mon Score | AW6: SP SCORE | AY6: Final Score | AZ6: Range | BA6: Range2 | BB6: Availability | BC6: Total SKU | BD6: Feb ROS | BE6: Mar ROS | BF6: Bucket P10 MV ROS | BG6: Success | BH6: TP CQ | BI6: SCore Range | BJ6: Total SKUs | BK6: Success | BL6: Fail | BM6: Correct Prediction | BN6: Accuracy | BP6: True Positives | BR6: Result | BS6: Dec'25 | BT6: Nov'25 | BU6: Oct'25 | BV6: Sep'25 | BW6: Aug'25 | BX6: Jul'25 | BY6: Result | BZ6: Nov'25 | CA6: Oct'25 | CB6: Sep'25 | CC6: Aug'25 | CD6: Jul'25
A7: 9062300139744 | B7: Careem DC | C7: HIPP Organic Baby Cereal 100% Multi Grain | D7: Baby Essentials | E7: Baby Food | F7: AL HADIYA FOODSTUFF TRADING L.L.C | G7: 0 | H7: 23.66421 | I7: No | K7: 365 | R7: =E7&"_"&S7 -> Baby Food_20-25 | S7: =IF(H7<5,"0-5",IF(H7<10,"5-10",IF(H7<15,"10-15",IF(H7<20,"15-20",IF(H7<25,"20-25","25+"))))) -> 20-25 | T7: {=XLOOKUP(C7,'Depth or Width'!P:P,'Depth or Width'!V:V)} -> Width | U7: =If(OR(B7="DC",B7="Careem DC"),MAX(G7,150)/(30),MAX(G7,80)/(K7*0.5)) -> 5 | V7: {=iferror(XLOOKUP(R7,'Refrence Data'!B:B,'Refrence Data'!W:W),"NA")} -> 1.663492 | W7: =iferror(IF(OR(U7=0,V7=0),0,IF(V7/U7>=1,100,IF(V7/U7>=0.75,75,IF(V7/U7>=0.5,50,0)))),"NA") -> 0 | Y7: {=IFERROR(XLOOKUP(R7,'Refrence Data'!B:B,'Refrence Data'!N:N),"NA")} -> 0.354949 | Z7: =IF(Y7>0.7,"HIGH",IF(Y7>0.5,"MEDIUM","LOW")) -> LOW | AA7: {=XLOOKUP(R7,'Refrence Data'!B:B,'Refrence Data'!AC:AC)} -> 2.559953 | AB7: {=IFERROR(XLOOKUP(R7,'Refrence Data'!B:B,'Refrence Data'!Y:Y),"NA")} -> 1.036618 | AC7: =IF(AB7<AA7*0.5,"Low","High") -> Low | AD7: =T7 -> Width | AE7: =Z7&AC7&AD7 -> LOWLowWidth | AF7: {=XLOOKUP(AE7,'Category Saturation'!A:A,'Category Saturation'!E:E)} -> 40 | AH7: {=iferror(XLOOKUP(R7,'New Launch Success Rate'!A:A,'New Launch Success Rate'!F:F),"NA")} -> 0.316 | AI7: =if(OR(AH7="Not Applicable",AH7="NA"),"NA",IF(AH7<20%,0,IF(AH7<50%,25,IF(AH7<70%,50,100)))) -> 25 | AK7: =if(AI7="NA",(W7*60%+AF7*40%),(W7*60%+AF7*30%+AI7*10%)) -> 14.5 | AM7: {=XLOOKUP(R7,'Non Moving'!C:C,'Non Moving'!I:I)/100} -> 0.432 | AN7: =IF(AM7<0.1,100,IF(AM7<0.15,75,IF(AM7<0.2,50,0))) -> 0 | AO7: {=XLOOKUP(R7,'Non Moving'!C:C,'Non Moving'!F:F)/100} -> 0.44 | AP7: =IF(AO7<0.25,100,IF(AO7<0.35,75,IF(AO7<0.45,50,0))) -> 50 | AR7: =AN7*0.5+AP7*0.5 -> 25 | AT7: =IF(I7="Yes",100,0) -> 0 | AU7: {=iferror(XLOOKUP(J7,Monetization!A:A,Monetization!B:B),25)} -> 25 | AW7: =AT7*0.7+AU7*0.3 -> 7.5 | AY7: =AK7*0.4+AR7*0.4+AW7*0.2 -> 17.3 | AZ7: =IF(AY7<25,"0-25",IF(AY7<50,"25-50",IF(AY7<75,"50-75","75-100"))) -> 0-25 | BA7: =IF(AK7<25,"0-25",IF(AK7<50,"25-50",IF(AK7<75,"50-75","75-100"))) -> 0-25 | BB7: {=iferror(XLOOKUP(C7,Sheet9!A:A,Sheet9!D:D),0)} -> 0.12 | BC7: 1 | BD7: {=XLOOKUP(C7,ROS!C:C,ROS!O:O)} -> 0 | BE7: {=IFERROR(XLOOKUP(C7,ROS!T:T,ROS!U:U),"")} -> 0 | BF7: {=XLOOKUP(R7,'Refrence Data'!B:B,'Refrence Data'!T:T)} -> 0.604598 | BG7: =IF(max(BE7,BD7)>max(min(BF7,U7),1),1,0) -> 0 | BH7: =if(BB7>70%, IF(AND(AK7>$BP$2,BG7=1),"TP",IF(AND(AK7>$BP$2,BG7=0),"FP",IF(AND(AK7<=$BP$2,BG7=0), "TN", "FN"))),"") | BI7: 0-100 | BJ7: =SUMIFS(BC:BC,AZ:AZ,BI7,BB:BB,">30%") -> 0 | BK7: =SUMIFS(BG:BG,AZ:AZ,BI7,BB:BB,">30%") -> 0 | BL7: =BJ7-BK7 -> 0 | BM7: =BL7 -> 0 | BN7: =BM7/BJ7 -> #DIV/0! | BP7: =If(BB7>70%, IF(AND(AY7>$BP$2,BG7=1),"TP",IF(AND(AY7>$BP$2,BG7=0),"FP",IF(AND(AY7<=$BP$2,BG7=0), "TN", "FN"))),"") | BR7: TP | BS7: =COUNTIFS(BP:BP,BR7) -> 39 | BT7: 67 | BU7: 59 | BV7: 33 | BW7: 88 | BX7: 28 | BY7: TP | BZ7: 69 | CA7: 63 | CB7: 49 | CC7: 84 | CD7: 27
A8: 9062300131434 | B8: Careem DC | C8: HIPP Organic Noodles with Sea Fish in Creamy Broccoli | D8: Baby Essentials | E8: Baby Food | F8: AL HADIYA FOODSTUFF TRADING L.L.C | G8: 0 | H8: 13.12732 | I8: No | K8: 365 | R8: =E8&"_"&S8 -> Baby Food_10-15 | S8: =IF(H8<5,"0-5",IF(H8<10,"5-10",IF(H8<15,"10-15",IF(H8<20,"15-20",IF(H8<25,"20-25","25+"))))) -> 10-15 | T8: {=XLOOKUP(C8,'Depth or Width'!P:P,'Depth or Width'!V:V)} -> Width | U8: =If(OR(B8="DC",B8="Careem DC"),MAX(G8,150)/(30),MAX(G8,80)/(K8*0.5)) -> 5 | V8: {=iferror(XLOOKUP(R8,'Refrence Data'!B:B,'Refrence Data'!W:W),"NA")} -> 6.018057 | W8: =iferror(IF(OR(U8=0,V8=0),0,IF(V8/U8>=1,100,IF(V8/U8>=0.75,75,IF(V8/U8>=0.5,50,0)))),"NA") -> 100 | Y8: {=IFERROR(XLOOKUP(R8,'Refrence Data'!B:B,'Refrence Data'!N:N),"NA")} -> 0.326111 | Z8: =IF(Y8>0.7,"HIGH",IF(Y8>0.5,"MEDIUM","LOW")) -> LOW | AA8: {=XLOOKUP(R8,'Refrence Data'!B:B,'Refrence Data'!AC:AC)} -> 2.559953 | AB8: {=IFERROR(XLOOKUP(R8,'Refrence Data'!B:B,'Refrence Data'!Y:Y),"NA")} -> 5.817529 | AC8: =IF(AB8<AA8*0.5,"Low","High") -> High | AD8: =T8 -> Width | AE8: =Z8&AC8&AD8 -> LOWHighWidth | AF8: {=XLOOKUP(AE8,'Category Saturation'!A:A,'Category Saturation'!E:E)} -> 100 | AH8: {=iferror(XLOOKUP(R8,'New Launch Success Rate'!A:A,'New Launch Success Rate'!F:F),"NA")} -> 0.75 | AI8: =if(OR(AH8="Not Applicable",AH8="NA"),"NA",IF(AH8<20%,0,IF(AH8<50%,25,IF(AH8<70%,50,100)))) -> 100 | AK8: =if(AI8="NA",(W8*60%+AF8*40%),(W8*60%+AF8*30%+AI8*10%)) -> 100 | AM8: {=XLOOKUP(R8,'Non Moving'!C:C,'Non Moving'!I:I)/100} -> 0.041 | AN8: =IF(AM8<0.1,100,IF(AM8<0.15,75,IF(AM8<0.2,50,0))) -> 100 | AO8: {=XLOOKUP(R8,'Non Moving'!C:C,'Non Moving'!F:F)/100} -> 0.134 | AP8: =IF(AO8<0.25,100,IF(AO8<0.35,75,IF(AO8<0.45,50,0))) -> 100 | AR8: =AN8*0.5+AP8*0.5 -> 100 | AT8: =IF(I8="Yes",100,0) -> 0 | AU8: {=iferror(XLOOKUP(J8,Monetization!A:A,Monetization!B:B),25)} -> 25 | AW8: =AT8*0.7+AU8*0.3 -> 7.5 | AY8: =AK8*0.4+AR8*0.4+AW8*0.2 -> 81.5 | AZ8: =IF(AY8<25,"0-25",IF(AY8<50,"25-50",IF(AY8<75,"50-75","75-100"))) -> 75-100 | BA8: =IF(AK8<25,"0-25",IF(AK8<50,"25-50",IF(AK8<75,"50-75","75-100"))) -> 75-100 | BB8: {=iferror(XLOOKUP(C8,Sheet9!A:A,Sheet9!D:D),0)} -> 0.07 | BC8: 1 | BD8: {=XLOOKUP(C8,ROS!C:C,ROS!O:O)} -> 0 | BE8: {=IFERROR(XLOOKUP(C8,ROS!T:T,ROS!U:U),"")} -> 0.30952381 | BF8: {=XLOOKUP(R8,'Refrence Data'!B:B,'Refrence Data'!T:T)} -> 2.113793 | BG8: =IF(max(BE8,BD8)>max(min(BF8,U8),1),1,0) -> 0 | BH8: =if(BB8>70%, IF(AND(AK8>$BP$2,BG8=1),"TP",IF(AND(AK8>$BP$2,BG8=0),"FP",IF(AND(AK8<=$BP$2,BG8=0), "TN", "FN"))),"") | BI8: 100-150 | BJ8: =SUMIFS(BC:BC,AZ:AZ,BI8,BB:BB,">30%") -> 0 | BK8: =SUMIFS(BG:BG,AZ:AZ,BI8,BB:BB,">30%") -> 0 | BL8: =BJ8-BK8 -> 0 | BM8: =BL8 -> 0 | BN8: =BM8/BJ8 -> #DIV/0! | BP8: =If(BB8>70%, IF(AND(AY8>$BP$2,BG8=1),"TP",IF(AND(AY8>$BP$2,BG8=0),"FP",IF(AND(AY8<=$BP$2,BG8=0), "TN", "FN"))),"") | BR8: TN | BS8: =COUNTIFS(BP:BP,BR8) -> 47 | BT8: 29 | BU8: 65 | BV8: 66 | BW8: 63 | BX8: 57 | BY8: TN | BZ8: 25 | CA8: 58 | CB8: 51 | CC8: 64 | CD8: 54
A9: 6291108362716 | B9: Direct to Store | C9: Wholemeal Pav (6 pcs) | D9: Bakery | E9: Fresh Bakery | F9: BARAKAT VEGETABLES & FRUITS CO. L.L.C | G9: 0 | H9: 7.094394 | I9: No | K9: 3 | R9: =E9&"_"&S9 -> Fresh Bakery_5-10 | S9: =IF(H9<5,"0-5",IF(H9<10,"5-10",IF(H9<15,"10-15",IF(H9<20,"15-20",IF(H9<25,"20-25","25+"))))) -> 5-10 | T9: {=XLOOKUP(C9,'Depth or Width'!P:P,'Depth or Width'!V:V)} -> Width | U9: =If(OR(B9="DC",B9="Careem DC"),MAX(G9,150)/(30),MAX(G9,80)/(K9*0.5)) -> 53.333333 | V9: {=iferror(XLOOKUP(R9,'Refrence Data'!B:B,'Refrence Data'!W:W),"NA")} -> 28.62059 | W9: =iferror(IF(OR(U9=0,V9=0),0,IF(V9/U9>=1,100,IF(V9/U9>=0.75,75,IF(V9/U9>=0.5,50,0)))),"NA") -> 50 | Y9: {=IFERROR(XLOOKUP(R9,'Refrence Data'!B:B,'Refrence Data'!N:N),"NA")} -> 0.777464 | Z9: =IF(Y9>0.7,"HIGH",IF(Y9>0.5,"MEDIUM","LOW")) -> HIGH | AA9: {=XLOOKUP(R9,'Refrence Data'!B:B,'Refrence Data'!AC:AC)} -> 16.03854 | AB9: {=IFERROR(XLOOKUP(R9,'Refrence Data'!B:B,'Refrence Data'!Y:Y),"NA")} -> 19.32794 | AC9: =IF(AB9<AA9*0.5,"Low","High") -> High | AD9: =T9 -> Width | AE9: =Z9&AC9&AD9 -> HIGHHighWidth | AF9: {=XLOOKUP(AE9,'Category Saturation'!A:A,'Category Saturation'!E:E)} -> 25 | AH9: {=iferror(XLOOKUP(R9,'New Launch Success Rate'!A:A,'New Launch Success Rate'!F:F),"NA")} -> 0.929 | AI9: =if(OR(AH9="Not Applicable",AH9="NA"),"NA",IF(AH9<20%,0,IF(AH9<50%,25,IF(AH9<70%,50,100)))) -> 100 | AK9: =if(AI9="NA",(W9*60%+AF9*40%),(W9*60%+AF9*30%+AI9*10%)) -> 47.5 | AM9: {=XLOOKUP(R9,'Non Moving'!C:C,'Non Moving'!I:I)/100} -> 0.007 | AN9: =IF(AM9<0.1,100,IF(AM9<0.15,75,IF(AM9<0.2,50,0))) -> 100 | AO9: {=XLOOKUP(R9,'Non Moving'!C:C,'Non Moving'!F:F)/100} -> 0.016 | AP9: =IF(AO9<0.25,100,IF(AO9<0.35,75,IF(AO9<0.45,50,0))) -> 100 | AR9: =AN9*0.5+AP9*0.5 -> 100 | AT9: =IF(I9="Yes",100,0) -> 0 | AU9: {=iferror(XLOOKUP(J9,Monetization!A:A,Monetization!B:B),25)} -> 25 | AW9: =AT9*0.7+AU9*0.3 -> 7.5 | AY9: =AK9*0.4+AR9*0.4+AW9*0.2 -> 60.5 | AZ9: =IF(AY9<25,"0-25",IF(AY9<50,"25-50",IF(AY9<75,"50-75","75-100"))) -> 50-75 | BA9: =IF(AK9<25,"0-25",IF(AK9<50,"25-50",IF(AK9<75,"50-75","75-100"))) -> 25-50 | BB9: {=iferror(XLOOKUP(C9,Sheet9!A:A,Sheet9!D:D),0)} -> 0.49 | BC9: 1 | BD9: {=XLOOKUP(C9,ROS!C:C,ROS!O:O)} -> 0 | BE9: {=IFERROR(XLOOKUP(C9,ROS!T:T,ROS!U:U),"")} -> 11.884271 | BF9: {=XLOOKUP(R9,'Refrence Data'!B:B,'Refrence Data'!T:T)} -> 17.7057 | BG9: =IF(max(BE9,BD9)>max(min(BF9,U9),1),1,0) -> 0 | BH9: =if(BB9>70%, IF(AND(AK9>$BP$2,BG9=1),"TP",IF(AND(AK9>$BP$2,BG9=0),"FP",IF(AND(AK9<=$BP$2,BG9=0), "TN", "FN"))),"") | BI9: 150-200 | BJ9: =SUMIFS(BC:BC,AZ:AZ,BI9,BB:BB,">30%") -> 0 | BK9: =SUMIFS(BG:BG,AZ:AZ,BI9,BB:BB,">30%") -> 0 | BL9: =BJ9-BK9 -> 0 | BM9: =BK9 -> 0 | BN9: =BM9/BJ9 -> #DIV/0! | BP9: =If(BB9>70%, IF(AND(AY9>$BP$2,BG9=1),"TP",IF(AND(AY9>$BP$2,BG9=0),"FP",IF(AND(AY9<=$BP$2,BG9=0), "TN", "FN"))),"") | BR9: FP | BS9: =COUNTIFS(BP:BP,BR9) -> 44 | BT9: 31 | BU9: 27 | BV9: 14 | BW9: 30 | BX9: 24 | BY9: FP | BZ9: 36 | CA9: 36 | CB9: 28 | CC9: 31 | CD9: 27
A10: 6291108361160 | B10: Direct to Store | C10: Chocolate Muffins (10 pcs) | D10: Bakery | E10: Fresh Bakery | F10: BARAKAT VEGETABLES & FRUITS CO. L.L.C | G10: 0 | H10: 12.21715 | I10: No | K10: 10 | R10: =E10&"_"&S10 -> Fresh Bakery_10-15 | S10: =IF(H10<5,"0-5",IF(H10<10,"5-10",IF(H10<15,"10-15",IF(H10<20,"15-20",IF(H10<25,"20-25","25+"))))) -> 10-15 | T10: {=XLOOKUP(C10,'Depth or Width'!P:P,'Depth or Width'!V:V)} -> Width | U10: =If(OR(B10="DC",B10="Careem DC"),MAX(G10,150)/(30),MAX(G10,80)/(K10*0.5)) -> 16 | V10: {=iferror(XLOOKUP(R10,'Refrence Data'!B:B,'Refrence Data'!W:W),"NA")} -> 30.13907 | W10: =iferror(IF(OR(U10=0,V10=0),0,IF(V10/U10>=1,100,IF(V10/U10>=0.75,75,IF(V10/U10>=0.5,50,0)))),"NA") -> 100 | Y10: {=IFERROR(XLOOKUP(R10,'Refrence Data'!B:B,'Refrence Data'!N:N),"NA")} -> 0.847266 | Z10: =IF(Y10>0.7,"HIGH",IF(Y10>0.5,"MEDIUM","LOW")) -> HIGH | AA10: {=XLOOKUP(R10,'Refrence Data'!B:B,'Refrence Data'!AC:AC)} -> 16.03854 | AB10: {=IFERROR(XLOOKUP(R10,'Refrence Data'!B:B,'Refrence Data'!Y:Y),"NA")} -> 16.03854 | AC10: =IF(AB10<AA10*0.5,"Low","High") -> High | AD10: =T10 -> Width | AE10: =Z10&AC10&AD10 -> HIGHHighWidth | AF10: {=XLOOKUP(AE10,'Category Saturation'!A:A,'Category Saturation'!E:E)} -> 25 | AH10: {=iferror(XLOOKUP(R10,'New Launch Success Rate'!A:A,'New Launch Success Rate'!F:F),"NA")} -> 1 | AI10: =if(OR(AH10="Not Applicable",AH10="NA"),"NA",IF(AH10<20%,0,IF(AH10<50%,25,IF(AH10<70%,50,100)))) -> 100 | AK10: =if(AI10="NA",(W10*60%+AF10*40%),(W10*60%+AF10*30%+AI10*10%)) -> 77.5 | AM10: {=XLOOKUP(R10,'Non Moving'!C:C,'Non Moving'!I:I)/100} -> 0.005 | AN10: =IF(AM10<0.1,100,IF(AM10<0.15,75,IF(AM10<0.2,50,0))) -> 100 | AO10: {=XLOOKUP(R10,'Non Moving'!C:C,'Non Moving'!F:F)/100} -> 0.006 | AP10: =IF(AO10<0.25,100,IF(AO10<0.35,75,IF(AO10<0.45,50,0))) -> 100 | AR10: =AN10*0.5+AP10*0.5 -> 100 | AT10: =IF(I10="Yes",100,0) -> 0 | AU10: {=iferror(XLOOKUP(J10,Monetization!A:A,Monetization!B:B),25)} -> 25 | AW10: =AT10*0.7+AU10*0.3 -> 7.5 | AY10: =AK10*0.4+AR10*0.4+AW10*0.2 -> 72.5 | AZ10: =IF(AY10<25,"0-25",IF(AY10<50,"25-50",IF(AY10<75,"50-75","75-100"))) -> 50-75 | BA10: =IF(AK10<25,"0-25",IF(AK10<50,"25-50",IF(AK10<75,"50-75","75-100"))) -> 75-100 | BB10: {=iferror(XLOOKUP(C10,Sheet9!A:A,Sheet9!D:D),0)} -> 0.74 | BC10: 1 | BD10: {=XLOOKUP(C10,ROS!C:C,ROS!O:O)} -> 0 | BE10: {=IFERROR(XLOOKUP(C10,ROS!T:T,ROS!U:U),"")} -> 12.261611 | BF10: {=XLOOKUP(R10,'Refrence Data'!B:B,'Refrence Data'!T:T)} -> 5.799434 | BG10: =IF(max(BE10,BD10)>max(min(BF10,U10),1),1,0) -> 1 | BH10: =if(BB10>70%, IF(AND(AK10>$BP$2,BG10=1),"TP",IF(AND(AK10>$BP$2,BG10=0),"FP",IF(AND(AK10<=$BP$2,BG10=0), "TN", "FN"))),"") -> TP | BI10: 200-250 | BJ10: =SUMIFS(BC:BC,AZ:AZ,BI10,BB:BB,">30%") -> 0 | BK10: =SUMIFS(BG:BG,AZ:AZ,BI10,BB:BB,">30%") -> 0 | BL10: =BJ10-BK10 -> 0 | BM10: =BK10 -> 0 | BN10: =BM10/BJ10 -> #DIV/0! | BP10: =If(BB10>70%, IF(AND(AY10>$BP$2,BG10=1),"TP",IF(AND(AY10>$BP$2,BG10=0),"FP",IF(AND(AY10<=$BP$2,BG10=0), "TN", "FN"))),"") -> TP | BR10: FN | BS10: =COUNTIFS(BP:BP,BR10) -> 5 | BT10: 9 | BU10: 19 | BV10: 39 | BW10: 37 | BX10: 16 | BY10: FN | BZ10: 6 | CA10: 13 | CB10: 24 | CC10: 39 | CD10: 17
A11: 6291108361122 | B11: Direct to Store | C11: Vanilla Madeleine (8 pcs) | D11: Bakery | E11: Fresh Bakery | F11: BARAKAT VEGETABLES & FRUITS CO. L.L.C | G11: 0 | H11: 12.00086 | I11: No | K11: 10 | R11: =E11&"_"&S11 -> Fresh Bakery_10-15 | S11: =IF(H11<5,"0-5",IF(H11<10,"5-10",IF(H11<15,"10-15",IF(H11<20,"15-20",IF(H11<25,"20-25","25+"))))) -> 10-15 | T11: {=XLOOKUP(C11,'Depth or Width'!P:P,'Depth or Width'!V:V)} -> Width | U11: =If(OR(B11="DC",B11="Careem DC"),MAX(G11,150)/(30),MAX(G11,80)/(K11*0.5)) -> 16 | V11: {=iferror(XLOOKUP(R11,'Refrence Data'!B:B,'Refrence Data'!W:W),"NA")} -> 30.13907 | W11: =iferror(IF(OR(U11=0,V11=0),0,IF(V11/U11>=1,100,IF(V11/U11>=0.75,75,IF(V11/U11>=0.5,50,0)))),"NA") -> 100 | Y11: {=IFERROR(XLOOKUP(R11,'Refrence Data'!B:B,'Refrence Data'!N:N),"NA")} -> 0.847266 | Z11: =IF(Y11>0.7,"HIGH",IF(Y11>0.5,"MEDIUM","LOW")) -> HIGH | AA11: {=XLOOKUP(R11,'Refrence Data'!B:B,'Refrence Data'!AC:AC)} -> 16.03854 | AB11: {=IFERROR(XLOOKUP(R11,'Refrence Data'!B:B,'Refrence Data'!Y:Y),"NA")} -> 16.03854 | AC11: =IF(AB11<AA11*0.5,"Low","High") -> High | AD11: =T11 -> Width | AE11: =Z11&AC11&AD11 -> HIGHHighWidth | AF11: {=XLOOKUP(AE11,'Category Saturation'!A:A,'Category Saturation'!E:E)} -> 25 | AH11: {=iferror(XLOOKUP(R11,'New Launch Success Rate'!A:A,'New Launch Success Rate'!F:F),"NA")} -> 1 | AI11: =if(OR(AH11="Not Applicable",AH11="NA"),"NA",IF(AH11<20%,0,IF(AH11<50%,25,IF(AH11<70%,50,100)))) -> 100 | AK11: =if(AI11="NA",(W11*60%+AF11*40%),(W11*60%+AF11*30%+AI11*10%)) -> 77.5 | AM11: {=XLOOKUP(R11,'Non Moving'!C:C,'Non Moving'!I:I)/100} -> 0.005 | AN11: =IF(AM11<0.1,100,IF(AM11<0.15,75,IF(AM11<0.2,50,0))) -> 100 | AO11: {=XLOOKUP(R11,'Non Moving'!C:C,'Non Moving'!F:F)/100} -> 0.006 | AP11: =IF(AO11<0.25,100,IF(AO11<0.35,75,IF(AO11<0.45,50,0))) -> 100 | AR11: =AN11*0.5+AP11*0.5 -> 100 | AT11: =IF(I11="Yes",100,0) -> 0 | AU11: {=iferror(XLOOKUP(J11,Monetization!A:A,Monetization!B:B),25)} -> 25 | AW11: =AT11*0.7+AU11*0.3 -> 7.5 | AY11: =AK11*0.4+AR11*0.4+AW11*0.2 -> 72.5 | AZ11: =IF(AY11<25,"0-25",IF(AY11<50,"25-50",IF(AY11<75,"50-75","75-100"))) -> 50-75 | BA11: =IF(AK11<25,"0-25",IF(AK11<50,"25-50",IF(AK11<75,"50-75","75-100"))) -> 75-100 | BB11: {=iferror(XLOOKUP(C11,Sheet9!A:A,Sheet9!D:D),0)} -> 0.83 | BC11: 1 | BD11: {=XLOOKUP(C11,ROS!C:C,ROS!O:O)} -> 9.462596 | BE11: {=IFERROR(XLOOKUP(C11,ROS!T:T,ROS!U:U),"")} -> 4.422064 | BF11: {=XLOOKUP(R11,'Refrence Data'!B:B,'Refrence Data'!T:T)} -> 5.799434 | BG11: =IF(max(BE11,BD11)>max(min(BF11,U11),1),1,0) -> 1 | BH11: =if(BB11>70%, IF(AND(AK11>$BP$2,BG11=1),"TP",IF(AND(AK11>$BP$2,BG11=0),"FP",IF(AND(AK11<=$BP$2,BG11=0), "TN", "FN"))),"") -> TP | BI11: 250-200 | BJ11: =SUMIFS(BC:BC,AZ:AZ,BI11,BB:BB,">30%") -> 0 | BK11: =SUMIFS(BG:BG,AZ:AZ,BI11,BB:BB,">30%") -> 0 | BL11: =BJ11-BK11 -> 0 | BM11: =BK11 -> 0 | BP11: =If(BB11>70%, IF(AND(AY11>$BP$2,BG11=1),"TP",IF(AND(AY11>$BP$2,BG11=0),"FP",IF(AND(AY11<=$BP$2,BG11=0), "TN", "FN"))),"") -> TP | BR11: Total | BS11: =SUM(BS7:BS10) -> 135 | BT11: 136 | BU11: 170 | BV11: 152 | BW11: 218 | BX11: 125 | BY11: Total | BZ11: 136 | CA11: 170 | CB11: 152 | CC11: 218 | CD11: 125
A12: 6291108361047 | B12: Direct to Store | C12: Mini Butter Croissants (8 pcs) | D12: Bakery | E12: Fresh Bakery | F12: BARAKAT VEGETABLES & FRUITS CO. L.L.C | G12: 0 | H12: 13.08966 | I12: No | K12: 4 | R12: =E12&"_"&S12 -> Fresh Bakery_10-15 | S12: =IF(H12<5,"0-5",IF(H12<10,"5-10",IF(H12<15,"10-15",IF(H12<20,"15-20",IF(H12<25,"20-25","25+"))))) -> 10-15 | T12: {=XLOOKUP(C12,'Depth or Width'!P:P,'Depth or Width'!V:V)} -> Width | U12: =If(OR(B12="DC",B12="Careem DC"),MAX(G12,150)/(30),MAX(G12,80)/(K12*0.5)) -> 40 | V12: {=iferror(XLOOKUP(R12,'Refrence Data'!B:B,'Refrence Data'!W:W),"NA")} -> 30.13907 | W12: =iferror(IF(OR(U12=0,V12=0),0,IF(V12/U12>=1,100,IF(V12/U12>=0.75,75,IF(V12/U12>=0.5,50,0)))),"NA") -> 75 | Y12: {=IFERROR(XLOOKUP(R12,'Refrence Data'!B:B,'Refrence Data'!N:N),"NA")} -> 0.847266 | Z12: =IF(Y12>0.7,"HIGH",IF(Y12>0.5,"MEDIUM","LOW")) -> HIGH | AA12: {=XLOOKUP(R12,'Refrence Data'!B:B,'Refrence Data'!AC:AC)} -> 16.03854 | AB12: {=IFERROR(XLOOKUP(R12,'Refrence Data'!B:B,'Refrence Data'!Y:Y),"NA")} -> 16.03854 | AC12: =IF(AB12<AA12*0.5,"Low","High") -> High | AD12: =T12 -> Width | AE12: =Z12&AC12&AD12 -> HIGHHighWidth | AF12: {=XLOOKUP(AE12,'Category Saturation'!A:A,'Category Saturation'!E:E)} -> 25 | AH12: {=iferror(XLOOKUP(R12,'New Launch Success Rate'!A:A,'New Launch Success Rate'!F:F),"NA")} -> 1 | AI12: =if(OR(AH12="Not Applicable",AH12="NA"),"NA",IF(AH12<20%,0,IF(AH12<50%,25,IF(AH12<70%,50,100)))) -> 100 | AK12: =if(AI12="NA",(W12*60%+AF12*40%),(W12*60%+AF12*30%+AI12*10%)) -> 62.5 | AM12: {=XLOOKUP(R12,'Non Moving'!C:C,'Non Moving'!I:I)/100} -> 0.005 | AN12: =IF(AM12<0.1,100,IF(AM12<0.15,75,IF(AM12<0.2,50,0))) -> 100 | AO12: {=XLOOKUP(R12,'Non Moving'!C:C,'Non Moving'!F:F)/100} -> 0.006 | AP12: =IF(AO12<0.25,100,IF(AO12<0.35,75,IF(AO12<0.45,50,0))) -> 100 | AR12: =AN12*0.5+AP12*0.5 -> 100 | AT12: =IF(I12="Yes",100,0) -> 0 | AU12: {=iferror(XLOOKUP(J12,Monetization!A:A,Monetization!B:B),25)} -> 25 | AW12: =AT12*0.7+AU12*0.3 -> 7.5 | AY12: =AK12*0.4+AR12*0.4+AW12*0.2 -> 66.5 | AZ12: =IF(AY12<25,"0-25",IF(AY12<50,"25-50",IF(AY12<75,"50-75","75-100"))) -> 50-75 | BA12: =IF(AK12<25,"0-25",IF(AK12<50,"25-50",IF(AK12<75,"50-75","75-100"))) -> 50-75 | BB12: {=iferror(XLOOKUP(C12,Sheet9!A:A,Sheet9!D:D),0)} -> 0.71 | BC12: 1 | BD12: {=XLOOKUP(C12,ROS!C:C,ROS!O:O)} -> 50.03894 | BE12: {=IFERROR(XLOOKUP(C12,ROS!T:T,ROS!U:U),"")} -> 48.048268 | BF12: {=XLOOKUP(R12,'Refrence Data'!B:B,'Refrence Data'!T:T)} -> 5.799434 | BG12: =IF(max(BE12,BD12)>max(min(BF12,U12),1),1,0) -> 1 | BH12: =if(BB12>70%, IF(AND(AK12>$BP$2,BG12=1),"TP",IF(AND(AK12>$BP$2,BG12=0),"FP",IF(AND(AK12<=$BP$2,BG12=0), "TN", "FN"))),"") -> TP | BI12: Total | BJ12: =SUM(BJ7:BJ11) -> 0 | BK12: =SUM(BK7:BK11) -> 0 | BL12: =SUM(BL7:BL11) -> 0 | BM12: =SUM(BM7:BM11) -> 0 | BN12: =BM12/BJ12 -> #DIV/0! | BP12: =If(BB12>70%, IF(AND(AY12>$BP$2,BG12=1),"TP",IF(AND(AY12>$BP$2,BG12=0),"FP",IF(AND(AY12<=$BP$2,BG12=0), "TN", "FN"))),"") -> TP
A13: 6291108361078 | B13: Direct to Store | C13: Mini Pain Au Chocolate (8 pcs) | D13: Bakery | E13: Fresh Bakery | F13: BARAKAT VEGETABLES & FRUITS CO. L.L.C | G13: 0 | H13: 17.78595 | I13: No | K13: 4 | R13: =E13&"_"&S13 -> Fresh Bakery_15-20 | S13: =IF(H13<5,"0-5",IF(H13<10,"5-10",IF(H13<15,"10-15",IF(H13<20,"15-20",IF(H13<25,"20-25","25+"))))) -> 15-20 | T13: {=XLOOKUP(C13,'Depth or Width'!P:P,'Depth or Width'!V:V)} -> Width | U13: =If(OR(B13="DC",B13="Careem DC"),MAX(G13,150)/(30),MAX(G13,80)/(K13*0.5)) -> 40 | V13: {=iferror(XLOOKUP(R13,'Refrence Data'!B:B,'Refrence Data'!W:W),"NA")} -> 18.49113 | W13: =iferror(IF(OR(U13=0,V13=0),0,IF(V13/U13>=1,100,IF(V13/U13>=0.75,75,IF(V13/U13>=0.5,50,0)))),"NA") -> 0 | Y13: {=IFERROR(XLOOKUP(R13,'Refrence Data'!B:B,'Refrence Data'!N:N),"NA")} -> 0.879995 | Z13: =IF(Y13>0.7,"HIGH",IF(Y13>0.5,"MEDIUM","LOW")) -> HIGH | AA13: {=XLOOKUP(R13,'Refrence Data'!B:B,'Refrence Data'!AC:AC)} -> 16.03854 | AB13: {=IFERROR(XLOOKUP(R13,'Refrence Data'!B:B,'Refrence Data'!Y:Y),"NA")} -> 22.44653 | AC13: =IF(AB13<AA13*0.5,"Low","High") -> High | AD13: =T13 -> Width | AE13: =Z13&AC13&AD13 -> HIGHHighWidth | AF13: {=XLOOKUP(AE13,'Category Saturation'!A:A,'Category Saturation'!E:E)} -> 25 | AH13: {=iferror(XLOOKUP(R13,'New Launch Success Rate'!A:A,'New Launch Success Rate'!F:F),"NA")} -> 0.8 | AI13: =if(OR(AH13="Not Applicable",AH13="NA"),"NA",IF(AH13<20%,0,IF(AH13<50%,25,IF(AH13<70%,50,100)))) -> 100 | AK13: =if(AI13="NA",(W13*60%+AF13*40%),(W13*60%+AF13*30%+AI13*10%)) -> 17.5 | AM13: {=XLOOKUP(R13,'Non Moving'!C:C,'Non Moving'!I:I)/100} -> 0.014 | AN13: =IF(AM13<0.1,100,IF(AM13<0.15,75,IF(AM13<0.2,50,0))) -> 100 | AO13: {=XLOOKUP(R13,'Non Moving'!C:C,'Non Moving'!F:F)/100} -> 0.035 | AP13: =IF(AO13<0.25,100,IF(AO13<0.35,75,IF(AO13<0.45,50,0))) -> 100 | AR13: =AN13*0.5+AP13*0.5 -> 100 | AT13: =IF(I13="Yes",100,0) -> 0 | AU13: {=iferror(XLOOKUP(J13,Monetization!A:A,Monetization!B:B),25)} -> 25 | AW13: =AT13*0.7+AU13*0.3 -> 7.5 | AY13: =AK13*0.4+AR13*0.4+AW13*0.2 -> 48.5 | AZ13: =IF(AY13<25,"0-25",IF(AY13<50,"25-50",IF(AY13<75,"50-75","75-100"))) -> 25-50 | BA13: =IF(AK13<25,"0-25",IF(AK13<50,"25-50",IF(AK13<75,"50-75","75-100"))) -> 0-25 | BB13: {=iferror(XLOOKUP(C13,Sheet9!A:A,Sheet9!D:D),0)} -> 0.69 | BC13: 1 | BD13: {=XLOOKUP(C13,ROS!C:C,ROS!O:O)} -> 24.44589 | BE13: {=IFERROR(XLOOKUP(C13,ROS!T:T,ROS!U:U),"")} -> 29.757617 | BF13: {=XLOOKUP(R13,'Refrence Data'!B:B,'Refrence Data'!T:T)} -> 5.539511 | BG13: =IF(max(BE13,BD13)>max(min(BF13,U13),1),1,0) -> 1 | BH13: =if(BB13>70%, IF(AND(AK13>$BP$2,BG13=1),"TP",IF(AND(AK13>$BP$2,BG13=0),"FP",IF(AND(AK13<=$BP$2,BG13=0), "TN", "FN"))),"") | BP13: =If(BB13>70%, IF(AND(AY13>$BP$2,BG13=1),"TP",IF(AND(AY13>$BP$2,BG13=0),"FP",IF(AND(AY13<=$BP$2,BG13=0), "TN", "FN"))),"")
A14: 8908006217892 | B14: DC | C14: Slurrp Farm Pancake Mix With Real Blueberries 150 g | D14: Baking Ingredients | E14: Baking Mixes | F14: BAGASON MIDDLE EAST GENERAL TRADING LLC | G14: 0 | H14: 16.46921 | I14: No | K14: 360 | R14: =E14&"_"&S14 -> Baking Mixes_15-20 | S14: =IF(H14<5,"0-5",IF(H14<10,"5-10",IF(H14<15,"10-15",IF(H14<20,"15-20",IF(H14<25,"20-25","25+"))))) -> 15-20 | T14: {=XLOOKUP(C14,'Depth or Width'!P:P,'Depth or Width'!V:V)} -> Depth | U14: =If(OR(B14="DC",B14="Careem DC"),MAX(G14,150)/(30),MAX(G14,80)/(K14*0.5)) -> 5 | V14: {=iferror(XLOOKUP(R14,'Refrence Data'!B:B,'Refrence Data'!W:W),"NA")} -> 1.026984 | W14: =iferror(IF(OR(U14=0,V14=0),0,IF(V14/U14>=1,100,IF(V14/U14>=0.75,75,IF(V14/U14>=0.5,50,0)))),"NA") -> 0 | Y14: {=IFERROR(XLOOKUP(R14,'Refrence Data'!B:B,'Refrence Data'!N:N),"NA")} -> 0.776839 | Z14: =IF(Y14>0.7,"HIGH",IF(Y14>0.5,"MEDIUM","LOW")) -> HIGH | AA14: {=XLOOKUP(R14,'Refrence Data'!B:B,'Refrence Data'!AC:AC)} -> 1.042299 | AB14: {=IFERROR(XLOOKUP(R14,'Refrence Data'!B:B,'Refrence Data'!Y:Y),"NA")} -> 2.706367 | AC14: =IF(AB14<AA14*0.5,"Low","High") -> High | AD14: =T14 -> Depth | AE14: =Z14&AC14&AD14 -> HIGHHighDepth | AF14: {=XLOOKUP(AE14,'Category Saturation'!A:A,'Category Saturation'!E:E)} -> 0 | AH14: {=iferror(XLOOKUP(R14,'New Launch Success Rate'!A:A,'New Launch Success Rate'!F:F),"NA")} -> 0.62475 | AI14: =if(OR(AH14="Not Applicable",AH14="NA"),"NA",IF(AH14<20%,0,IF(AH14<50%,25,IF(AH14<70%,50,100)))) -> 50 | AK14: =if(AI14="NA",(W14*60%+AF14*40%),(W14*60%+AF14*30%+AI14*10%)) -> 5 | AM14: {=XLOOKUP(R14,'Non Moving'!C:C,'Non Moving'!I:I)/100} -> 0.146 | AN14: =IF(AM14<0.1,100,IF(AM14<0.15,75,IF(AM14<0.2,50,0))) -> 75 | AO14: {=XLOOKUP(R14,'Non Moving'!C:C,'Non Moving'!F:F)/100} -> 0.361 | AP14: =IF(AO14<0.25,100,IF(AO14<0.35,75,IF(AO14<0.45,50,0))) -> 50 | AR14: =AN14*0.5+AP14*0.5 -> 62.5 | AT14: =IF(I14="Yes",100,0) -> 0 | AU14: {=iferror(XLOOKUP(J14,Monetization!A:A,Monetization!B:B),25)} -> 25 | AW14: =AT14*0.7+AU14*0.3 -> 7.5 | AY14: =AK14*0.4+AR14*0.4+AW14*0.2 -> 28.5 | AZ14: =IF(AY14<25,"0-25",IF(AY14<50,"25-50",IF(AY14<75,"50-75","75-100"))) -> 25-50 | BA14: =IF(AK14<25,"0-25",IF(AK14<50,"25-50",IF(AK14<75,"50-75","75-100"))) -> 0-25 | BB14: {=iferror(XLOOKUP(C14,Sheet9!A:A,Sheet9!D:D),0)} -> 1 | BC14: 1 | BD14: {=XLOOKUP(C14,ROS!C:C,ROS!O:O)} -> 0 | BE14: {=IFERROR(XLOOKUP(C14,ROS!T:T,ROS!U:U),"")} -> 0.25 | BF14: {=XLOOKUP(R14,'Refrence Data'!B:B,'Refrence Data'!T:T)} -> 0.291667 | BG14: =IF(max(BE14,BD14)>max(min(BF14,U14),1),1,0) -> 0 | BH14: =if(BB14>70%, IF(AND(AK14>$BP$2,BG14=1),"TP",IF(AND(AK14>$BP$2,BG14=0),"FP",IF(AND(AK14<=$BP$2,BG14=0), "TN", "FN"))),"") -> TN | BP14: =If(BB14>70%, IF(AND(AY14>$BP$2,BG14=1),"TP",IF(AND(AY14>$BP$2,BG14=0),"FP",IF(AND(AY14<=$BP$2,BG14=0), "TN", "FN"))),"") -> TN | BR14: True prediction | BS14: =SUM(BS7:BS8)/BS11 -> 0.63703704 | BT14: =SUM(BT7:BT8)/BT11 -> 0.70588235 | BU14: =SUM(BU7:BU8)/BU11 -> 0.72941176 | BV14: =SUM(BV7:BV8)/BV11 -> 0.65131579 | BW14: =SUM(BW7:BW8)/BW11 -> 0.69266055 | BX14: =SUM(BX7:BX8)/BX11 -> 0.68 | BZ14: =SUM(BZ7:BZ8)/BZ11 -> 0.69117647 | CA14: =SUM(CA7:CA8)/CA11 -> 0.71176471 | CB14: =SUM(CB7:CB8)/CB11 -> 0.65789474 | CC14: =SUM(CC7:CC8)/CC11 -> 0.67889908 | CD14: =SUM(CD7:CD8)/CD11 -> 0.648
A15: 8908006217090 | B15: DC | C15: Slurrp Farm Chocolate Millet Pancake Mix 150 g | D15: Baking Ingredients | E15: Baking Mixes | F15: BAGASON MIDDLE EAST GENERAL TRADING LLC | G15: 0 | H15: 15.9865 | I15: No | K15: 360 | R15: =E15&"_"&S15 -> Baking Mixes_15-20 | S15: =IF(H15<5,"0-5",IF(H15<10,"5-10",IF(H15<15,"10-15",IF(H15<20,"15-20",IF(H15<25,"20-25","25+"))))) -> 15-20 | T15: {=XLOOKUP(C15,'Depth or Width'!P:P,'Depth or Width'!V:V)} -> Depth | U15: =If(OR(B15="DC",B15="Careem DC"),MAX(G15,150)/(30),MAX(G15,80)/(K15*0.5)) -> 5 | V15: {=iferror(XLOOKUP(R15,'Refrence Data'!B:B,'Refrence Data'!W:W),"NA")} -> 1.026984 | W15: =iferror(IF(OR(U15=0,V15=0),0,IF(V15/U15>=1,100,IF(V15/U15>=0.75,75,IF(V15/U15>=0.5,50,0)))),"NA") -> 0 | Y15: {=IFERROR(XLOOKUP(R15,'Refrence Data'!B:B,'Refrence Data'!N:N),"NA")} -> 0.776839 | Z15: =IF(Y15>0.7,"HIGH",IF(Y15>0.5,"MEDIUM","LOW")) -> HIGH | AA15: {=XLOOKUP(R15,'Refrence Data'!B:B,'Refrence Data'!AC:AC)} -> 1.042299 | AB15: {=IFERROR(XLOOKUP(R15,'Refrence Data'!B:B,'Refrence Data'!Y:Y),"NA")} -> 2.706367 | AC15: =IF(AB15<AA15*0.5,"Low","High") -> High | AD15: =T15 -> Depth | AE15: =Z15&AC15&AD15 -> HIGHHighDepth | AF15: {=XLOOKUP(AE15,'Category Saturation'!A:A,'Category Saturation'!E:E)} -> 0 | AH15: {=iferror(XLOOKUP(R15,'New Launch Success Rate'!A:A,'New Launch Success Rate'!F:F),"NA")} -> 0.62475 | AI15: =if(OR(AH15="Not Applicable",AH15="NA"),"NA",IF(AH15<20%,0,IF(AH15<50%,25,IF(AH15<70%,50,100)))) -> 50 | AK15: =if(AI15="NA",(W15*60%+AF15*40%),(W15*60%+AF15*30%+AI15*10%)) -> 5 | AM15: {=XLOOKUP(R15,'Non Moving'!C:C,'Non Moving'!I:I)/100} -> 0.146 | AN15: =IF(AM15<0.1,100,IF(AM15<0.15,75,IF(AM15<0.2,50,0))) -> 75 | AO15: {=XLOOKUP(R15,'Non Moving'!C:C,'Non Moving'!F:F)/100} -> 0.361 | AP15: =IF(AO15<0.25,100,IF(AO15<0.35,75,IF(AO15<0.45,50,0))) -> 50 | AR15: =AN15*0.5+AP15*0.5 -> 62.5 | AT15: =IF(I15="Yes",100,0) -> 0 | AU15: {=iferror(XLOOKUP(J15,Monetization!A:A,Monetization!B:B),25)} -> 25 | AW15: =AT15*0.7+AU15*0.3 -> 7.5 | AY15: =AK15*0.4+AR15*0.4+AW15*0.2 -> 28.5 | AZ15: =IF(AY15<25,"0-25",IF(AY15<50,"25-50",IF(AY15<75,"50-75","75-100"))) -> 25-50 | BA15: =IF(AK15<25,"0-25",IF(AK15<50,"25-50",IF(AK15<75,"50-75","75-100"))) -> 0-25 | BB15: {=iferror(XLOOKUP(C15,Sheet9!A:A,Sheet9!D:D),0)} -> 1 | BC15: 1 | BD15: {=XLOOKUP(C15,ROS!C:C,ROS!O:O)} -> 0 | BE15: {=IFERROR(XLOOKUP(C15,ROS!T:T,ROS!U:U),"")} -> 0 | BF15: {=XLOOKUP(R15,'Refrence Data'!B:B,'Refrence Data'!T:T)} -> 0.291667 | BG15: =IF(max(BE15,BD15)>max(min(BF15,U15),1),1,0) -> 0 | BH15: =if(BB15>70%, IF(AND(AK15>$BP$2,BG15=1),"TP",IF(AND(AK15>$BP$2,BG15=0),"FP",IF(AND(AK15<=$BP$2,BG15=0), "TN", "FN"))),"") -> TN | BI15: CQ | BJ15: Total SKUs | BK15: Success | BL15: Fail | BM15: Correct Prediction | BN15: Accuracy | BP15: =If(BB15>70%, IF(AND(AY15>$BP$2,BG15=1),"TP",IF(AND(AY15>$BP$2,BG15=0),"FP",IF(AND(AY15<=$BP$2,BG15=0), "TN", "FN"))),"") -> TN | BR15: CQ Accuracy | BS15: 0.46 | BT15: 0.69 | BU15: 0.71 | BV15: 0.66 | BW15: 0.68 | BX15: 0.68 | BZ15: =AVERAGE(BZ14:CD14) -> 0.677547
A16: 730167934503 | B16: DC | C16: Dubai Pistachio Cream with Kunafa 200 g | D16: Baking Ingredients | E16: Syrups & Toppings | F16: Mass Potato Chips Manufacturing and Cheese Balls LLC | G16: 0 | H16: 40.88267 | I16: Yes | K16: 360 | R16: =E16&"_"&S16 -> Syrups & Toppings_25+ | S16: =IF(H16<5,"0-5",IF(H16<10,"5-10",IF(H16<15,"10-15",IF(H16<20,"15-20",IF(H16<25,"20-25","25+"))))) -> 25+ | T16: {=XLOOKUP(C16,'Depth or Width'!P:P,'Depth or Width'!V:V)} -> Width | U16: =If(OR(B16="DC",B16="Careem DC"),MAX(G16,150)/(30),MAX(G16,80)/(K16*0.5)) -> 5 | V16: {=iferror(XLOOKUP(R16,'Refrence Data'!B:B,'Refrence Data'!W:W),"NA")} -> 5.476501 | W16: =iferror(IF(OR(U16=0,V16=0),0,IF(V16/U16>=1,100,IF(V16/U16>=0.75,75,IF(V16/U16>=0.5,50,0)))),"NA") -> 100 | Y16: {=IFERROR(XLOOKUP(R16,'Refrence Data'!B:B,'Refrence Data'!N:N),"NA")} -> 0.617425 | Z16: =IF(Y16>0.7,"HIGH",IF(Y16>0.5,"MEDIUM","LOW")) -> MEDIUM | AA16: {=XLOOKUP(R16,'Refrence Data'!B:B,'Refrence Data'!AC:AC)} -> 1.140152 | AB16: {=IFERROR(XLOOKUP(R16,'Refrence Data'!B:B,'Refrence Data'!Y:Y),"NA")} -> 3.011085 | AC16: =IF(AB16<AA16*0.5,"Low","High") -> High | AD16: =T16 -> Width | AE16: =Z16&AC16&AD16 -> MEDIUMHighWidth | AF16: {=XLOOKUP(AE16,'Category Saturation'!A:A,'Category Saturation'!E:E)} -> 10 | AH16: {=iferror(XLOOKUP(R16,'New Launch Success Rate'!A:A,'New Launch Success Rate'!F:F),"NA")} -> 0.75 | AI16: =if(OR(AH16="Not Applicable",AH16="NA"),"NA",IF(AH16<20%,0,IF(AH16<50%,25,IF(AH16<70%,50,100)))) -> 100 | AK16: =if(AI16="NA",(W16*60%+AF16*40%),(W16*60%+AF16*30%+AI16*10%)) -> 73 | AM16: {=XLOOKUP(R16,'Non Moving'!C:C,'Non Moving'!I:I)/100} -> 0.067 | AN16: =IF(AM16<0.1,100,IF(AM16<0.15,75,IF(AM16<0.2,50,0))) -> 100 | AO16: {=XLOOKUP(R16,'Non Moving'!C:C,'Non Moving'!F:F)/100} -> 0.245 | AP16: =IF(AO16<0.25,100,IF(AO16<0.35,75,IF(AO16<0.45,50,0))) -> 100 | AR16: =AN16*0.5+AP16*0.5 -> 100 | AT16: =IF(I16="Yes",100,0) -> 100 | AU16: {=iferror(XLOOKUP(J16,Monetization!A:A,Monetization!B:B),25)} -> 25 | AW16: =AT16*0.7+AU16*0.3 -> 77.5 | AY16: =AK16*0.4+AR16*0.4+AW16*0.2 -> 84.7 | AZ16: =IF(AY16<25,"0-25",IF(AY16<50,"25-50",IF(AY16<75,"50-75","75-100"))) -> 75-100 | BA16: =IF(AK16<25,"0-25",IF(AK16<50,"25-50",IF(AK16<75,"50-75","75-100"))) -> 50-75 | BB16: {=iferror(XLOOKUP(C16,Sheet9!A:A,Sheet9!D:D),0)} -> 0.94 | BC16: 1 | BD16: {=XLOOKUP(C16,ROS!C:C,ROS!O:O)} -> 1.141941 | BE16: {=IFERROR(XLOOKUP(C16,ROS!T:T,ROS!U:U),"")} -> 0.22619048 | BF16: {=XLOOKUP(R16,'Refrence Data'!B:B,'Refrence Data'!T:T)} -> 0.283333 | BG16: =IF(max(BE16,BD16)>max(min(BF16,U16),1),1,0) -> 1 | BH16: =if(BB16>70%, IF(AND(AK16>$BP$2,BG16=1),"TP",IF(AND(AK16>$BP$2,BG16=0),"FP",IF(AND(AK16<=$BP$2,BG16=0), "TN", "FN"))),"") -> TP | BI16: 0-25 | BJ16: =COUNTIFS(BA:BA,BI16) -> 121 | BK16: =SUMIFS(BG:BG,BA:BA,BI16) -> #N/A | BL16: =BJ16-BK16 -> #N/A | BM16: =BL16 -> #N/A | BN16: =BM16/BJ16 -> #N/A | BP16: =If(BB16>70%, IF(AND(AY16>$BP$2,BG16=1),"TP",IF(AND(AY16>$BP$2,BG16=0),"FP",IF(AND(AY16<=$BP$2,BG16=0), "TN", "FN"))),"") -> TP
A17: #N/A | B17: Fresh DC | C17: Barakat Cranberry Fresh Juice 1 L | D17: Beverages | E17: Fresh Juices & Smoothies | F17: BARAKAT VEGETABLES & FRUITS CO. L.L.C | G17: 1 | H17: 29.88697 | I17: No | K17: 3 | R17: =E17&"_"&S17 -> Fresh Juices & Smoothies_25+ | S17: =IF(H17<5,"0-5",IF(H17<10,"5-10",IF(H17<15,"10-15",IF(H17<20,"15-20",IF(H17<25,"20-25","25+"))))) -> 25+ | T17: {=XLOOKUP(C17,'Depth or Width'!P:P,'Depth or Width'!V:V)} -> #N/A | U17: =If(OR(B17="DC",B17="Careem DC"),MAX(G17,150)/(30),MAX(G17,80)/(K17*0.5)) -> 53.333333 | V17: {=iferror(XLOOKUP(R17,'Refrence Data'!B:B,'Refrence Data'!W:W),"NA")} -> 16.57278 | W17: =iferror(IF(OR(U17=0,V17=0),0,IF(V17/U17>=1,100,IF(V17/U17>=0.75,75,IF(V17/U17>=0.5,50,0)))),"NA") -> 0 | Y17: {=IFERROR(XLOOKUP(R17,'Refrence Data'!B:B,'Refrence Data'!N:N),"NA")} -> 1 | Z17: =IF(Y17>0.7,"HIGH",IF(Y17>0.5,"MEDIUM","LOW")) -> HIGH | AA17: {=XLOOKUP(R17,'Refrence Data'!B:B,'Refrence Data'!AC:AC)} -> 24.47063 | AB17: {=IFERROR(XLOOKUP(R17,'Refrence Data'!B:B,'Refrence Data'!Y:Y),"NA")} -> 16.57278 | AC17: =IF(AB17<AA17*0.5,"Low","High") -> High | AD17: =T17 -> #N/A | AE17: =Z17&AC17&AD17 -> #N/A | AF17: {=XLOOKUP(AE17,'Category Saturation'!A:A,'Category Saturation'!E:E)} -> #N/A | AH17: {=iferror(XLOOKUP(R17,'New Launch Success Rate'!A:A,'New Launch Success Rate'!F:F),"NA")} -> 0.477 | AI17: =if(OR(AH17="Not Applicable",AH17="NA"),"NA",IF(AH17<20%,0,IF(AH17<50%,25,IF(AH17<70%,50,100)))) -> 25 | AK17: =if(AI17="NA",(W17*60%+AF17*40%),(W17*60%+AF17*30%+AI17*10%)) -> #N/A | AM17: {=XLOOKUP(R17,'Non Moving'!C:C,'Non Moving'!I:I)/100} -> 0 | AN17: =IF(AM17<0.1,100,IF(AM17<0.15,75,IF(AM17<0.2,50,0))) -> 100 | AO17: {=XLOOKUP(R17,'Non Moving'!C:C,'Non Moving'!F:F)/100} -> 0 | AP17: =IF(AO17<0.25,100,IF(AO17<0.35,75,IF(AO17<0.45,50,0))) -> 100 | AR17: =AN17*0.5+AP17*0.5 -> 100 | AT17: =IF(I17="Yes",100,0) -> 0 | AU17: {=iferror(XLOOKUP(J17,Monetization!A:A,Monetization!B:B),25)} -> 25 | AW17: =AT17*0.7+AU17*0.3 -> 7.5 | AY17: =AK17*0.4+AR17*0.4+AW17*0.2 -> #N/A | AZ17: =IF(AY17<25,"0-25",IF(AY17<50,"25-50",IF(AY17<75,"50-75","75-100"))) -> #N/A | BA17: =IF(AK17<25,"0-25",IF(AK17<50,"25-50",IF(AK17<75,"50-75","75-100"))) -> #N/A | BB17: {=iferror(XLOOKUP(C17,Sheet9!A:A,Sheet9!D:D),0)} -> 0.45 | BC17: 1 | BD17: {=XLOOKUP(C17,ROS!C:C,ROS!O:O)} -> 19.03393 | BE17: {=IFERROR(XLOOKUP(C17,ROS!T:T,ROS!U:U),"")} -> 7.6268038 | BF17: {=XLOOKUP(R17,'Refrence Data'!B:B,'Refrence Data'!T:T)} -> 16.57278 | BG17: =IF(max(BE17,BD17)>max(min(BF17,U17),1),1,0) -> 1 | BH17: =if(BB17>70%, IF(AND(AK17>$BP$2,BG17=1),"TP",IF(AND(AK17>$BP$2,BG17=0),"FP",IF(AND(AK17<=$BP$2,BG17=0), "TN", "FN"))),"") | BI17: 25-50 | BJ17: =COUNTIFS(BA:BA,BI17) -> 53 | BK17: =SUMIFS(BG:BG,BA:BA,BI17) -> 18 | BL17: =BJ17-BK17 -> 35 | BM17: =BL17 -> 35 | BN17: =BM17/BJ17 -> 0.66037736 | BP17: =If(BB17>70%, IF(AND(AY17>$BP$2,BG17=1),"TP",IF(AND(AY17>$BP$2,BG17=0),"FP",IF(AND(AY17<=$BP$2,BG17=0), "TN", "FN"))),"") | BR17: % of Negatives Caught | BS17: =BS8/(BS8+BS9) -> 0.51648352 | BT17: =BT8/(BT8+BT9) -> 0.48333333 | BU17: =BU8/(BU8+BU9) -> 0.70652174 | BV17: =BV8/(BV8+BV9) -> 0.825 | BW17: =BW8/(BW8+BW9) -> 0.67741935 | BX17: =BX8/(BX8+BX9) -> 0.7037037 | BZ17: =BZ10/BZ11 -> 0.044117647 | CA17: =CA10/CA11 -> 0.076470588 | CB17: =CB10/CB11 -> 0.15789474 | CC17: =CC10/CC11 -> 0.17889908 | CD17: =CD10/CD11 -> 0.136
A18: 6290361987636 | B18: Direct to Store | C18: Barakat Super Ginger Shot 35 mL x 12 | D18: Beverages | E18: Fresh Juices & Smoothies | F18: BARAKAT VEGETABLES & FRUITS CO. L.L.C | G18: 0 | H18: 60.89012 | I18: No | K18: 365 | R18: =E18&"_"&S18 -> Fresh Juices & Smoothies_25+ | S18: =IF(H18<5,"0-5",IF(H18<10,"5-10",IF(H18<15,"10-15",IF(H18<20,"15-20",IF(H18<25,"20-25","25+"))))) -> 25+ | T18: {=XLOOKUP(C18,'Depth or Width'!P:P,'Depth or Width'!V:V)} -> Depth | U18: =If(OR(B18="DC",B18="Careem DC"),MAX(G18,150)/(30),MAX(G18,80)/(K18*0.5)) -> 0.43835616 | V18: {=iferror(XLOOKUP(R18,'Refrence Data'!B:B,'Refrence Data'!W:W),"NA")} -> 16.57278 | W18: =iferror(IF(OR(U18=0,V18=0),0,IF(V18/U18>=1,100,IF(V18/U18>=0.75,75,IF(V18/U18>=0.5,50,0)))),"NA") -> 100 | Y18: {=IFERROR(XLOOKUP(R18,'Refrence Data'!B:B,'Refrence Data'!N:N),"NA")} -> 1 | Z18: =IF(Y18>0.7,"HIGH",IF(Y18>0.5,"MEDIUM","LOW")) -> HIGH | AA18: {=XLOOKUP(R18,'Refrence Data'!B:B,'Refrence Data'!AC:AC)} -> 24.47063 | AB18: {=IFERROR(XLOOKUP(R18,'Refrence Data'!B:B,'Refrence Data'!Y:Y),"NA")} -> 16.57278 | AC18: =IF(AB18<AA18*0.5,"Low","High") -> High | AD18: =T18 -> Depth | AE18: =Z18&AC18&AD18 -> HIGHHighDepth | AF18: {=XLOOKUP(AE18,'Category Saturation'!A:A,'Category Saturation'!E:E)} -> 0 | AH18: {=iferror(XLOOKUP(R18,'New Launch Success Rate'!A:A,'New Launch Success Rate'!F:F),"NA")} -> 0.477 | AI18: =if(OR(AH18="Not Applicable",AH18="NA"),"NA",IF(AH18<20%,0,IF(AH18<50%,25,IF(AH18<70%,50,100)))) -> 25 | AK18: =if(AI18="NA",(W18*60%+AF18*40%),(W18*60%+AF18*30%+AI18*10%)) -> 62.5 | AM18: {=XLOOKUP(R18,'Non Moving'!C:C,'Non Moving'!I:I)/100} -> 0 | AN18: =IF(AM18<0.1,100,IF(AM18<0.15,75,IF(AM18<0.2,50,0))) -> 100 | AO18: {=XLOOKUP(R18,'Non Moving'!C:C,'Non Moving'!F:F)/100} -> 0 | AP18: =IF(AO18<0.25,100,IF(AO18<0.35,75,IF(AO18<0.45,50,0))) -> 100 | AR18: =AN18*0.5+AP18*0.5 -> 100 | AT18: =IF(I18="Yes",100,0) -> 0 | AU18: {=iferror(XLOOKUP(J18,Monetization!A:A,Monetization!B:B),25)} -> 25 | AW18: =AT18*0.7+AU18*0.3 -> 7.5 | AY18: =AK18*0.4+AR18*0.4+AW18*0.2 -> 66.5 | AZ18: =IF(AY18<25,"0-25",IF(AY18<50,"25-50",IF(AY18<75,"50-75","75-100"))) -> 50-75 | BA18: =IF(AK18<25,"0-25",IF(AK18<50,"25-50",IF(AK18<75,"50-75","75-100"))) -> 50-75 | BB18: {=iferror(XLOOKUP(C18,Sheet9!A:A,Sheet9!D:D),0)} -> 0.89 | BC18: 1 | BD18: {=XLOOKUP(C18,ROS!C:C,ROS!O:O)} -> 2.779004 | BE18: {=IFERROR(XLOOKUP(C18,ROS!T:T,ROS!U:U),"")} -> 0.50277778 | BF18: {=XLOOKUP(R18,'Refrence Data'!B:B,'Refrence Data'!T:T)} -> 16.57278 | BG18: =IF(max(BE18,BD18)>max(min(BF18,U18),1),1,0) -> 1 | BH18: =if(BB18>70%, IF(AND(AK18>$BP$2,BG18=1),"TP",IF(AND(AK18>$BP$2,BG18=0),"FP",IF(AND(AK18<=$BP$2,BG18=0), "TN", "FN"))),"") -> TP | BI18: 50-75 | BJ18: =COUNTIFS(BA:BA,BI18) -> 86 | BK18: =SUMIFS(BG:BG,BA:BA,BI18) -> 24 | BL18: =BJ18-BK18 -> 62 | BM18: =BK18 -> 24 | BN18: =BM18/BJ18 -> 0.27906977 | BP18: =If(BB18>70%, IF(AND(AY18>$BP$2,BG18=1),"TP",IF(AND(AY18>$BP$2,BG18=0),"FP",IF(AND(AY18<=$BP$2,BG18=0), "TN", "FN"))),"") -> TP | BR18: Avg | BS18: =AVERAGE(BS17:BX17) -> 0.65207694 | BZ18: =BZ9/BZ11 -> 0.26470588 | CA18: =CA9/CA11 -> 0.21176471 | CB18: =CB9/CB11 -> 0.18421053 | CC18: =CC9/CC11 -> 0.14220183 | CD18: =CD9/CD11 -> 0.216
A19: 6291109603986 | B19: DC | C19: The Ginger People Ginseng Shot with lemon & Honey 30 mL | D19: Beverages | E19: Smoothies & Refreshers | F19: AL MALAKY FOODSTUFF PACKING L.L.C | G19: 0 | H19: 10.4149 | I19: Yes | K19: 547 | R19: =E19&"_"&S19 -> Smoothies & Refreshers_10-15 | S19: =IF(H19<5,"0-5",IF(H19<10,"5-10",IF(H19<15,"10-15",IF(H19<20,"15-20",IF(H19<25,"20-25","25+"))))) -> 10-15 | T19: {=XLOOKUP(C19,'Depth or Width'!P:P,'Depth or Width'!V:V)} -> Width | U19: =If(OR(B19="DC",B19="Careem DC"),MAX(G19,150)/(30),MAX(G19,80)/(K19*0.5)) -> 5 | V19: {=iferror(XLOOKUP(R19,'Refrence Data'!B:B,'Refrence Data'!W:W),"NA")} -> 25.68258 | W19: =iferror(IF(OR(U19=0,V19=0),0,IF(V19/U19>=1,100,IF(V19/U19>=0.75,75,IF(V19/U19>=0.5,50,0)))),"NA") -> 100 | Y19: {=IFERROR(XLOOKUP(R19,'Refrence Data'!B:B,'Refrence Data'!N:N),"NA")} -> 0.8252 | Z19: =IF(Y19>0.7,"HIGH",IF(Y19>0.5,"MEDIUM","LOW")) -> HIGH | AA19: {=XLOOKUP(R19,'Refrence Data'!B:B,'Refrence Data'!AC:AC)} -> 1.894988 | AB19: {=IFERROR(XLOOKUP(R19,'Refrence Data'!B:B,'Refrence Data'!Y:Y),"NA")} -> 10.3256 | AC19: =IF(AB19<AA19*0.5,"Low","High") -> High | AD19: =T19 -> Width | AE19: =Z19&AC19&AD19 -> HIGHHighWidth | AF19: {=XLOOKUP(AE19,'Category Saturation'!A:A,'Category Saturation'!E:E)} -> 25 | AH19: {=iferror(XLOOKUP(R19,'New Launch Success Rate'!A:A,'New Launch Success Rate'!F:F),"NA")} -> 0.3465 | AI19: =if(OR(AH19="Not Applicable",AH19="NA"),"NA",IF(AH19<20%,0,IF(AH19<50%,25,IF(AH19<70%,50,100)))) -> 25 | AK19: =if(AI19="NA",(W19*60%+AF19*40%),(W19*60%+AF19*30%+AI19*10%)) -> 70 | AM19: {=XLOOKUP(R19,'Non Moving'!C:C,'Non Moving'!I:I)/100} -> 0.02 | AN19: =IF(AM19<0.1,100,IF(AM19<0.15,75,IF(AM19<0.2,50,0))) -> 100 | AO19: {=XLOOKUP(R19,'Non Moving'!C:C,'Non Moving'!F:F)/100} -> 0.13 | AP19: =IF(AO19<0.25,100,IF(AO19<0.35,75,IF(AO19<0.45,50,0))) -> 100 | AR19: =AN19*0.5+AP19*0.5 -> 100 | AT19: =IF(I19="Yes",100,0) -> 100 | AU19: {=iferror(XLOOKUP(J19,Monetization!A:A,Monetization!B:B),25)} -> 25 | AW19: =AT19*0.7+AU19*0.3 -> 77.5 | AY19: =AK19*0.4+AR19*0.4+AW19*0.2 -> 83.5 | AZ19: =IF(AY19<25,"0-25",IF(AY19<50,"25-50",IF(AY19<75,"50-75","75-100"))) -> 75-100 | BA19: =IF(AK19<25,"0-25",IF(AK19<50,"25-50",IF(AK19<75,"50-75","75-100"))) -> 50-75 | BB19: {=iferror(XLOOKUP(C19,Sheet9!A:A,Sheet9!D:D),0)} -> 0.83 | BC19: 1 | BD19: {=XLOOKUP(C19,ROS!C:C,ROS!O:O)} -> 0.090909 | BE19: {=IFERROR(XLOOKUP(C19,ROS!T:T,ROS!U:U),"")} -> 1.6363636 | BF19: {=XLOOKUP(R19,'Refrence Data'!B:B,'Refrence Data'!T:T)} -> 4.913513 | BG19: =IF(max(BE19,BD19)>max(min(BF19,U19),1),1,0) -> 0 | BH19: =if(BB19>70%, IF(AND(AK19>$BP$2,BG19=1),"TP",IF(AND(AK19>$BP$2,BG19=0),"FP",IF(AND(AK19<=$BP$2,BG19=0), "TN", "FN"))),"") -> FP | BP19: =If(BB19>70%, IF(AND(AY19>$BP$2,BG19=1),"TP",IF(AND(AY19>$BP$2,BG19=0),"FP",IF(AND(AY19<=$BP$2,BG19=0), "TN", "FN"))),"") -> FP
A20: 6291109606017 | B20: DC | C20: The Ginger People Turmeric Shot with Lemon & Honey 30 mL x 6 | D20: Beverages | E20: Smoothies & Refreshers | F20: AL MALAKY FOODSTUFF PACKING L.L.C | G20: 0 | H20: 57.64973 | I20: Yes | K20: 547 | R20: =E20&"_"&S20 -> Smoothies & Refreshers_25+ | S20: =IF(H20<5,"0-5",IF(H20<10,"5-10",IF(H20<15,"10-15",IF(H20<20,"15-20",IF(H20<25,"20-25","25+"))))) -> 25+ | T20: {=XLOOKUP(C20,'Depth or Width'!P:P,'Depth or Width'!V:V)} -> Width | U20: =If(OR(B20="DC",B20="Careem DC"),MAX(G20,150)/(30),MAX(G20,80)/(K20*0.5)) -> 5 | V20: {=iferror(XLOOKUP(R20,'Refrence Data'!B:B,'Refrence Data'!W:W),"NA")} -> 2.112771 | W20: =iferror(IF(OR(U20=0,V20=0),0,IF(V20/U20>=1,100,IF(V20/U20>=0.75,75,IF(V20/U20>=0.5,50,0)))),"NA") -> 0 | Y20: {=IFERROR(XLOOKUP(R20,'Refrence Data'!B:B,'Refrence Data'!N:N),"NA")} -> 1 | Z20: =IF(Y20>0.7,"HIGH",IF(Y20>0.5,"MEDIUM","LOW")) -> HIGH | AA20: {=XLOOKUP(R20,'Refrence Data'!B:B,'Refrence Data'!AC:AC)} -> 1.894988 | AB20: {=IFERROR(XLOOKUP(R20,'Refrence Data'!B:B,'Refrence Data'!Y:Y),"NA")} -> 0.396386 | AC20: =IF(AB20<AA20*0.5,"Low","High") -> Low | AD20: =T20 -> Width | AE20: =Z20&AC20&AD20 -> HIGHLowWidth | AF20: {=XLOOKUP(AE20,'Category Saturation'!A:A,'Category Saturation'!E:E)} -> 15 | AH20: {=iferror(XLOOKUP(R20,'New Launch Success Rate'!A:A,'New Launch Success Rate'!F:F),"NA")} -> 0.477 | AI20: =if(OR(AH20="Not Applicable",AH20="NA"),"NA",IF(AH20<20%,0,IF(AH20<50%,25,IF(AH20<70%,50,100)))) -> 25 | AK20: =if(AI20="NA",(W20*60%+AF20*40%),(W20*60%+AF20*30%+AI20*10%)) -> 7 | AM20: {=XLOOKUP(R20,'Non Moving'!C:C,'Non Moving'!I:I)/100} -> 0.412 | AN20: =IF(AM20<0.1,100,IF(AM20<0.15,75,IF(AM20<0.2,50,0))) -> 0 | AO20: {=XLOOKUP(R20,'Non Moving'!C:C,'Non Moving'!F:F)/100} -> 0.458 | AP20: =IF(AO20<0.25,100,IF(AO20<0.35,75,IF(AO20<0.45,50,0))) -> 0 | AR20: =AN20*0.5+AP20*0.5 -> 0 | AT20: =IF(I20="Yes",100,0) -> 100 | AU20: {=iferror(XLOOKUP(J20,Monetization!A:A,Monetization!B:B),25)} -> 25 | AW20: =AT20*0.7+AU20*0.3 -> 77.5 | AY20: =AK20*0.4+AR20*0.4+AW20*0.2 -> 18.3 | AZ20: =IF(AY20<25,"0-25",IF(AY20<50,"25-50",IF(AY20<75,"50-75","75-100"))) -> 0-25 | BA20: =IF(AK20<25,"0-25",IF(AK20<50,"25-50",IF(AK20<75,"50-75","75-100"))) -> 0-25 | BB20: {=iferror(XLOOKUP(C20,Sheet9!A:A,Sheet9!D:D),0)} -> 0 | BC20: 1 | BD20: {=XLOOKUP(C20,ROS!C:C,ROS!O:O)} -> 0 | BE20: {=IFERROR(XLOOKUP(C20,ROS!T:T,ROS!U:U),"")} | BF20: {=XLOOKUP(R20,'Refrence Data'!B:B,'Refrence Data'!T:T)} -> 1.058317 | BG20: =IF(max(BE20,BD20)>max(min(BF20,U20),1),1,0) -> 0 | BH20: =if(BB20>70%, IF(AND(AK20>$BP$2,BG20=1),"TP",IF(AND(AK20>$BP$2,BG20=0),"FP",IF(AND(AK20<=$BP$2,BG20=0), "TN", "FN"))),"") | BI20: Total | BJ20: =SUM(BJ16:BJ19) -> 260 | BK20: =SUM(BK16:BK19) -> #N/A | BL20: =SUM(BL16:BL19) -> #N/A | BM20: =SUM(BM16:BM19) -> #N/A | BN20: =BM20/BJ20 -> #N/A | BP20: =If(BB20>70%, IF(AND(AY20>$BP$2,BG20=1),"TP",IF(AND(AY20>$BP$2,BG20=0),"FP",IF(AND(AY20<=$BP$2,BG20=0), "TN", "FN"))),"")
A21: 6291109606000 | B21: DC | C21: The Ginger People Ginseng Shot with lemon & Honey 30 mL x 6 | D21: Beverages | E21: Smoothies & Refreshers | F21: AL MALAKY FOODSTUFF PACKING L.L.C | G21: 0 | H21: 57.15172 | I21: Yes | K21: 547 | R21: =E21&"_"&S21 -> Smoothies & Refreshers_25+ | S21: =IF(H21<5,"0-5",IF(H21<10,"5-10",IF(H21<15,"10-15",IF(H21<20,"15-20",IF(H21<25,"20-25","25+"))))) -> 25+ | T21: {=XLOOKUP(C21,'Depth or Width'!P:P,'Depth or Width'!V:V)} -> Width | U21: =If(OR(B21="DC",B21="Careem DC"),MAX(G21,150)/(30),MAX(G21,80)/(K21*0.5)) -> 5 | V21: {=iferror(XLOOKUP(R21,'Refrence Data'!B:B,'Refrence Data'!W:W),"NA")} -> 2.112771 | W21: =iferror(IF(OR(U21=0,V21=0),0,IF(V21/U21>=1,100,IF(V21/U21>=0.75,75,IF(V21/U21>=0.5,50,0)))),"NA") -> 0 | Y21: {=IFERROR(XLOOKUP(R21,'Refrence Data'!B:B,'Refrence Data'!N:N),"NA")} -> 1 | Z21: =IF(Y21>0.7,"HIGH",IF(Y21>0.5,"MEDIUM","LOW")) -> HIGH | AA21: {=XLOOKUP(R21,'Refrence Data'!B:B,'Refrence Data'!AC:AC)} -> 1.894988 | AB21: {=IFERROR(XLOOKUP(R21,'Refrence Data'!B:B,'Refrence Data'!Y:Y),"NA")} -> 0.396386 | AC21: =IF(AB21<AA21*0.5,"Low","High") -> Low | AD21: =T21 -> Width | AE21: =Z21&AC21&AD21 -> HIGHLowWidth | AF21: {=XLOOKUP(AE21,'Category Saturation'!A:A,'Category Saturation'!E:E)} -> 15 | AH21: {=iferror(XLOOKUP(R21,'New Launch Success Rate'!A:A,'New Launch Success Rate'!F:F),"NA")} -> 0.477 | AI21: =if(OR(AH21="Not Applicable",AH21="NA"),"NA",IF(AH21<20%,0,IF(AH21<50%,25,IF(AH21<70%,50,100)))) -> 25 | AK21: =if(AI21="NA",(W21*60%+AF21*40%),(W21*60%+AF21*30%+AI21*10%)) -> 7 | AM21: {=XLOOKUP(R21,'Non Moving'!C:C,'Non Moving'!I:I)/100} -> 0.412 | AN21: =IF(AM21<0.1,100,IF(AM21<0.15,75,IF(AM21<0.2,50,0))) -> 0 | AO21: {=XLOOKUP(R21,'Non Moving'!C:C,'Non Moving'!F:F)/100} -> 0.458 | AP21: =IF(AO21<0.25,100,IF(AO21<0.35,75,IF(AO21<0.45,50,0))) -> 0 | AR21: =AN21*0.5+AP21*0.5 -> 0 | AT21: =IF(I21="Yes",100,0) -> 100 | AU21: {=iferror(XLOOKUP(J21,Monetization!A:A,Monetization!B:B),25)} -> 25 | AW21: =AT21*0.7+AU21*0.3 -> 77.5 | AY21: =AK21*0.4+AR21*0.4+AW21*0.2 -> 18.3 | AZ21: =IF(AY21<25,"0-25",IF(AY21<50,"25-50",IF(AY21<75,"50-75","75-100"))) -> 0-25 | BA21: =IF(AK21<25,"0-25",IF(AK21<50,"25-50",IF(AK21<75,"50-75","75-100"))) -> 0-25 | BB21: {=iferror(XLOOKUP(C21,Sheet9!A:A,Sheet9!D:D),0)} -> 0 | BC21: 1 | BD21: {=XLOOKUP(C21,ROS!C:C,ROS!O:O)} -> 0 | BE21: {=IFERROR(XLOOKUP(C21,ROS!T:T,ROS!U:U),"")} | BF21: {=XLOOKUP(R21,'Refrence Data'!B:B,'Refrence Data'!T:T)} -> 1.058317 | BG21: =IF(max(BE21,BD21)>max(min(BF21,U21),1),1,0) -> 0 | BH21: =if(BB21>70%, IF(AND(AK21>$BP$2,BG21=1),"TP",IF(AND(AK21>$BP$2,BG21=0),"FP",IF(AND(AK21<=$BP$2,BG21=0), "TN", "FN"))),"") | BP21: =If(BB21>70%, IF(AND(AY21>$BP$2,BG21=1),"TP",IF(AND(AY21>$BP$2,BG21=0),"FP",IF(AND(AY21<=$BP$2,BG21=0), "TN", "FN"))),"") | BR21: Demand Predicibility | BT21: Ranking variables basis significance
A22: 6291109605997 | B22: DC | C22: The Ginger People Ginger Shot with Lemon & Honey 30 mL x 6 | D22: Beverages | E22: Smoothies & Refreshers | F22: AL MALAKY FOODSTUFF PACKING L.L.C | G22: 0 | H22: 43.43883 | I22: Yes | K22: 547 | R22: =E22&"_"&S22 -> Smoothies & Refreshers_25+ | S22: =IF(H22<5,"0-5",IF(H22<10,"5-10",IF(H22<15,"10-15",IF(H22<20,"15-20",IF(H22<25,"20-25","25+"))))) -> 25+ | T22: {=XLOOKUP(C22,'Depth or Width'!P:P,'Depth or Width'!V:V)} -> Width | U22: =If(OR(B22="DC",B22="Careem DC"),MAX(G22,150)/(30),MAX(G22,80)/(K22*0.5)) -> 5 | V22: {=iferror(XLOOKUP(R22,'Refrence Data'!B:B,'Refrence Data'!W:W),"NA")} -> 2.112771 | W22: =iferror(IF(OR(U22=0,V22=0),0,IF(V22/U22>=1,100,IF(V22/U22>=0.75,75,IF(V22/U22>=0.5,50,0)))),"NA") -> 0 | Y22: {=IFERROR(XLOOKUP(R22,'Refrence Data'!B:B,'Refrence Data'!N:N),"NA")} -> 1 | Z22: =IF(Y22>0.7,"HIGH",IF(Y22>0.5,"MEDIUM","LOW")) -> HIGH | AA22: {=XLOOKUP(R22,'Refrence Data'!B:B,'Refrence Data'!AC:AC)} -> 1.894988 | AB22: {=IFERROR(XLOOKUP(R22,'Refrence Data'!B:B,'Refrence Data'!Y:Y),"NA")} -> 0.396386 | AC22: =IF(AB22<AA22*0.5,"Low","High") -> Low | AD22: =T22 -> Width | AE22: =Z22&AC22&AD22 -> HIGHLowWidth | AF22: {=XLOOKUP(AE22,'Category Saturation'!A:A,'Category Saturation'!E:E)} -> 15 | AH22: {=iferror(XLOOKUP(R22,'New Launch Success Rate'!A:A,'New Launch Success Rate'!F:F),"NA")} -> 0.477 | AI22: =if(OR(AH22="Not Applicable",AH22="NA"),"NA",IF(AH22<20%,0,IF(AH22<50%,25,IF(AH22<70%,50,100)))) -> 25 | AK22: =if(AI22="NA",(W22*60%+AF22*40%),(W22*60%+AF22*30%+AI22*10%)) -> 7 | AM22: {=XLOOKUP(R22,'Non Moving'!C:C,'Non Moving'!I:I)/100} -> 0.412 | AN22: =IF(AM22<0.1,100,IF(AM22<0.15,75,IF(AM22<0.2,50,0))) -> 0 | AO22: {=XLOOKUP(R22,'Non Moving'!C:C,'Non Moving'!F:F)/100} -> 0.458 | AP22: =IF(AO22<0.25,100,IF(AO22<0.35,75,IF(AO22<0.45,50,0))) -> 0 | AR22: =AN22*0.5+AP22*0.5 -> 0 | AT22: =IF(I22="Yes",100,0) -> 100 | AU22: {=iferror(XLOOKUP(J22,Monetization!A:A,Monetization!B:B),25)} -> 25 | AW22: =AT22*0.7+AU22*0.3 -> 77.5 | AY22: =AK22*0.4+AR22*0.4+AW22*0.2 -> 18.3 | AZ22: =IF(AY22<25,"0-25",IF(AY22<50,"25-50",IF(AY22<75,"50-75","75-100"))) -> 0-25 | BA22: =IF(AK22<25,"0-25",IF(AK22<50,"25-50",IF(AK22<75,"50-75","75-100"))) -> 0-25 | BB22: {=iferror(XLOOKUP(C22,Sheet9!A:A,Sheet9!D:D),0)} -> 0 | BC22: 1 | BD22: {=XLOOKUP(C22,ROS!C:C,ROS!O:O)} -> 0 | BE22: {=IFERROR(XLOOKUP(C22,ROS!T:T,ROS!U:U),"")} | BF22: {=XLOOKUP(R22,'Refrence Data'!B:B,'Refrence Data'!T:T)} -> 1.058317 | BG22: =IF(max(BE22,BD22)>max(min(BF22,U22),1),1,0) -> 0 | BH22: =if(BB22>70%, IF(AND(AK22>$BP$2,BG22=1),"TP",IF(AND(AK22>$BP$2,BG22=0),"FP",IF(AND(AK22<=$BP$2,BG22=0), "TN", "FN"))),"") | BP22: =If(BB22>70%, IF(AND(AY22>$BP$2,BG22=1),"TP",IF(AND(AY22>$BP$2,BG22=0),"FP",IF(AND(AY22<=$BP$2,BG22=0), "TN", "FN"))),"") | BR22: Improve CQ Accuracy
A23: 6291109605584 | B23: DC | C23: The Ginger People Turmeric Shot with Lemon & Honey 30 mL x 16 | D23: Beverages | E23: Smoothies & Refreshers | F23: AL MALAKY FOODSTUFF PACKING L.L.C | G23: 0 | H23: 164.3637 | I23: Yes | K23: 547 | R23: =E23&"_"&S23 -> Smoothies & Refreshers_25+ | S23: =IF(H23<5,"0-5",IF(H23<10,"5-10",IF(H23<15,"10-15",IF(H23<20,"15-20",IF(H23<25,"20-25","25+"))))) -> 25+ | T23: {=XLOOKUP(C23,'Depth or Width'!P:P,'Depth or Width'!V:V)} -> Width | U23: =If(OR(B23="DC",B23="Careem DC"),MAX(G23,150)/(30),MAX(G23,80)/(K23*0.5)) -> 5 | V23: {=iferror(XLOOKUP(R23,'Refrence Data'!B:B,'Refrence Data'!W:W),"NA")} -> 2.112771 | W23: =iferror(IF(OR(U23=0,V23=0),0,IF(V23/U23>=1,100,IF(V23/U23>=0.75,75,IF(V23/U23>=0.5,50,0)))),"NA") -> 0 | Y23: {=IFERROR(XLOOKUP(R23,'Refrence Data'!B:B,'Refrence Data'!N:N),"NA")} -> 1 | Z23: =IF(Y23>0.7,"HIGH",IF(Y23>0.5,"MEDIUM","LOW")) -> HIGH | AA23: {=XLOOKUP(R23,'Refrence Data'!B:B,'Refrence Data'!AC:AC)} -> 1.894988 | AB23: {=IFERROR(XLOOKUP(R23,'Refrence Data'!B:B,'Refrence Data'!Y:Y),"NA")} -> 0.396386 | AC23: =IF(AB23<AA23*0.5,"Low","High") -> Low | AD23: =T23 -> Width | AE23: =Z23&AC23&AD23 -> HIGHLowWidth | AF23: {=XLOOKUP(AE23,'Category Saturation'!A:A,'Category Saturation'!E:E)} -> 15 | AH23: {=iferror(XLOOKUP(R23,'New Launch Success Rate'!A:A,'New Launch Success Rate'!F:F),"NA")} -> 0.477 | AI23: =if(OR(AH23="Not Applicable",AH23="NA"),"NA",IF(AH23<20%,0,IF(AH23<50%,25,IF(AH23<70%,50,100)))) -> 25 | AK23: =if(AI23="NA",(W23*60%+AF23*40%),(W23*60%+AF23*30%+AI23*10%)) -> 7 | AM23: {=XLOOKUP(R23,'Non Moving'!C:C,'Non Moving'!I:I)/100} -> 0.412 | AN23: =IF(AM23<0.1,100,IF(AM23<0.15,75,IF(AM23<0.2,50,0))) -> 0 | AO23: {=XLOOKUP(R23,'Non Moving'!C:C,'Non Moving'!F:F)/100} -> 0.458 | AP23: =IF(AO23<0.25,100,IF(AO23<0.35,75,IF(AO23<0.45,50,0))) -> 0 | AR23: =AN23*0.5+AP23*0.5 -> 0 | AT23: =IF(I23="Yes",100,0) -> 100 | AU23: {=iferror(XLOOKUP(J23,Monetization!A:A,Monetization!B:B),25)} -> 25 | AW23: =AT23*0.7+AU23*0.3 -> 77.5 | AY23: =AK23*0.4+AR23*0.4+AW23*0.2 -> 18.3 | AZ23: =IF(AY23<25,"0-25",IF(AY23<50,"25-50",IF(AY23<75,"50-75","75-100"))) -> 0-25 | BA23: =IF(AK23<25,"0-25",IF(AK23<50,"25-50",IF(AK23<75,"50-75","75-100"))) -> 0-25 | BB23: {=iferror(XLOOKUP(C23,Sheet9!A:A,Sheet9!D:D),0)} -> 0.95 | BC23: 1 | BD23: {=XLOOKUP(C23,ROS!C:C,ROS!O:O)} -> 0.959041 | BE23: {=IFERROR(XLOOKUP(C23,ROS!T:T,ROS!U:U),"")} -> 0 | BF23: {=XLOOKUP(R23,'Refrence Data'!B:B,'Refrence Data'!T:T)} -> 1.058317 | BG23: =IF(max(BE23,BD23)>max(min(BF23,U23),1),1,0) -> 0 | BH23: =if(BB23>70%, IF(AND(AK23>$BP$2,BG23=1),"TP",IF(AND(AK23>$BP$2,BG23=0),"FP",IF(AND(AK23<=$BP$2,BG23=0), "TN", "FN"))),"") -> TN | BP23: =If(BB23>70%, IF(AND(AY23>$BP$2,BG23=1),"TP",IF(AND(AY23>$BP$2,BG23=0),"FP",IF(AND(AY23<=$BP$2,BG23=0), "TN", "FN"))),"") -> TN | BR23: Definition of Success | BS23: should it compared against P10,P20 of all skus or moving SKUs
