Workbook

Sheet Queries
A1: Data | B1: Queries
A2: Refrence Data | B2: https://careem-insights.careem-engineering.com/sqllab?savedQueryId=432380
A3: New Launch Success | B3: https://careem-insights.careem-engineering.com/sqllab?savedQueryId=432384

Sheet Category Saturation
A1: Key | B1: Concentration Index | C1: SKU Efficiency | D1: W/D | E1: Score
A2: =B2&C2&D2 -> LowHighWidth | B2: Low | C2: High | D2: Width | E2: 100
A3: =B3&C3&D3 -> LowHighDepth | B3: Low | C3: High | D3: Depth | E3: 90
A4: =B4&C4&D4 -> LowLowWidth | B4: Low | C4: Low | D4: Width | E4: 40
A5: =B5&C5&D5 -> LowLowDepth | B5: Low | C5: Low | D5: Depth | E5: 15
A6: =B6&C6&D6 -> MediumHighWidth | B6: Medium | C6: High | D6: Width | E6: 25
A7: =B7&C7&D7 -> MediumHighDepth | B7: Medium | C7: High | D7: Depth | E7: 60
A8: =B8&C8&D8 -> MediumLowWidth | B8: Medium | C8: Low | D8: Width | E8: 25
A9: =B9&C9&D9 -> MediumLowDepth | B9: Medium | C9: Low | D9: Depth | E9: 50
A10: =B10&C10&D10 -> HighHighWidth | B10: High | C10: High | D10: Width | E10: 25
A11: =B11&C11&D11 -> HighHighDepth | B11: High | C11: High | D11: Depth | E11: 0
A12: =B12&C12&D12 -> HighLowWidth | B12: High | C12: Low | D12: Width | E12: 15
A13: =B13&C13&D13 -> HighLowDepth | B13: High | C13: Low | D13: Depth | E13: 0

Sheet Monetization
A1: Types | B1: Score
A2: Promo Calendar Committed | B2: 75
A3: Trade Funding | B3: 100
A4: Ads Support | B4: 100
A5: No Support | B5: 0

Sheet Refrence Data
A1: Category_ASP Key | B1: Subcat_ASP Key | C1: Parent Category | D1: Sub Category | E1: ASP Bucket | F1: Count of SKUs (Avail >50%) | G1: Count of Non-Moving SKUs | H1: Total Onhand | I1: Non-Moving Onhand | J1: Total ROS (L14D) | K1: Total ROS (L30D) | L1: Total ROS (L60D) | M1: ROS of Top 20% SKUs | N1: Concentration Index | O1: P10 ROS (All) | P1: P20 ROS (All) | Q1: P30 ROS (All) | R1: P50 ROS (All) | S1: P70 ROS (All) | T1: P10 ROS (Moving) | U1: P20 ROS (Moving) | V1: P30 ROS (Moving) | W1: P50 ROS (Moving) | X1: P70 ROS (Moving) | Y1: SKU Efficiency | Z1: Sub Category P50 ROS (All) | AA1: Sub Category P50 ROS (Moving) | AB1: Sub Category SKU Efficiency | AC1: Sub Category Median SKU Efficiency | AD1: Category-ASP P50 ROS (All) | AE1: Category-ASP P50 ROS (Moving) | AF1: Category-ASP SKU Efficiency | AG1: Category-ASP Median SKU Efficiency | AH1: Parent Category P50 ROS (All) | AI1: Parent Category P50 ROS (Moving) | AJ1: Parent Category SKU Efficiency | AK1: Parent Category Median SKU Efficiency | AL1: Run Date
A2: _10-15 | B2: _10-15 | E2: 46310 | F2: 1 | G2: 0 | H2: 313 | I2: 0 | J2: 1.714286 | K2: 2.411099 | L2: 3.565624 | M2: 2.411099 | N2: 1 | O2: 2.411099 | P2: 2.411099 | Q2: 2.411099 | R2: 2.411099 | S2: 2.411099 | T2: 2.411099 | U2: 2.411099 | V2: 2.411099 | W2: 2.411099 | X2: 2.411099 | Y2: 2.411099 | Z2: 0 | AA2: 2.411099 | AB2: 0.005492 | AC2: 0 | AD2: 2.411099 | AE2: 2.411099 | AF2: 2.411099 | AG2: 2.411099 | AH2: 0 | AI2: 2.411099 | AJ2: 0.005492 | AK2: 0 | AL2: #########
A3: _25+ | B3: _25+ | E3: 25+ | F3: 60 | G3: 9 | H3: 70485 | I3: 70485 | J3: 0 | K3: 0 | L3: 5.94438 | M3: 0 | N3: 0 | O3: 0 | P3: 0 | Q3: 0 | R3: 0 | S3: 0 | T3: 0 | U3: 0 | V3: 0 | W3: 0 | X3: 0 | Y3: 0 | Z3: 0 | AA3: 2.411099 | AB3: 0.005492 | AC3: 0 | AD3: 0 | AE3: 0 | AF3: 0 | AG3: 0 | AH3: 0 | AI3: 2.411099 | AJ3: 0.005492 | AK3: 0 | AL3: #########
A4: _Unknown | B4: _Unknown | E4: Unknown | F4: 378 | G4: 3 | H4: 203 | I4: 203 | J4: 0 | K4: 0 | L4: 0 | M4: 0 | N4: 0 | O4: 0 | P4: 0 | Q4: 0 | R4: 0 | S4: 0 | T4: 0 | U4: 0 | V4: 0 | W4: 0 | X4: 0 | Y4: 0 | Z4: 0 | AA4: 2.411099 | AB4: 0.005492 | AC4: 0 | AD4: 0 | AE4: 0 | AF4: 0 | AG4: 0 | AH4: 0 | AI4: 2.411099 | AJ4: 0.005492 | AK4: 0 | AL4: #########
A5: Adult Care_25+ | B5: Accessories_25+ | C5: Adult Care | D5: Accessories | E5: 25+ | F5: 1 | G5: 0 | H5: 0 | I5: 0 | J5: 0 | K5: 0.090909 | L5: 1.224026 | M5: 0.090909 | N5: 1 | O5: 0.090909 | P5: 0.090909 | Q5: 0.090909 | R5: 0.090909 | S5: 0.090909 | T5: 0.090909 | U5: 0.090909 | V5: 0.090909 | W5: 0.090909 | X5: 0.090909 | Y5: 0.090909 | Z5: 0 | AA5: 0.090909 | AB5: 0.008354 | AC5: 0 | AD5: 3.468971 | AE5: 3.642425 | AF5: 4.357632 | AG5: 3.886419 | AH5: 1.07037 | AI5: 3.642425 | AJ5: 2.855238 | AK5: 1.930624 | AL5: #########
A6: Adult Care_Unknown | B6: Accessories_Unknown | C6: Adult Care | D6: Accessories | E6: Unknown | F6: 1 | G6: 0 | H6: 0 | I6: 0 | J6: 0 | K6: 0 | L6: 0 | M6: 0 | N6: 0 | O6: 0 | P6: 0 | Q6: 0 | R6: 0 | S6: 0 | T6: 0 | U6: 0 | V6: 0 | W6: 0 | X6: 0 | Y6: 0 | Z6: 0 | AA6: 0.090909 | AB6: 0.008354 | AC6: 0 | AD6: 0 | AE6: 0 | AF6: 0 | AG6: 0 | AH6: 1.07037 | AI6: 3.642425 | AJ6: 2.855238 | AK6: 1.930624 | AL6: #########
A7: Adult Care_15-20 | B7: Condoms_15-20 | C7: Adult Care | D7: Condoms | E7: 15-20 | F7: 3 | G7: 0 | H7: 1448 | I7: 0 | J7: 14.18623 | K7: 14.39415 | L7: 16.0535 | M7: 8.702803 | N7: 0.604607 | O7: 2.053049 | P7: 2.053049 | Q7: 2.053049 | R7: 3.638295 | S7: 8.702803 | T7: 2.053049 | U7: 2.053049 | V7: 2.053049 | W7: 3.638295 | X7: 8.702803 | Y7: 4.798049 | Z7: 1.930624 | AA7: 3.642425 | AB7: 3.209722 | AC7: 4.798049 | AD7: 3.638295 | AE7: 3.638295 | AF7: 4.798049 | AG7: 4.798049 | AH7: 1.07037 | AI7: 3.642425 | AJ7: 2.855238 | AK7: 1.930624 | AL7: #########
A8: Adult Care_20-25 | B8: Condoms_20-25 | C8: Adult Care | D8: Condoms | E8: 20-25 | F8: 1 | G8: 0 | H8: 240 | I8: 0 | J8: 0.942002 | K8: 1.930624 | L8: 2.295348 | M8: 1.930624 | N8: 1 | O8: 1.930624 | P8: 1.930624 | Q8: 1.930624 | R8: 1.930624 | S8: 1.930624 | T8: 1.930624 | U8: 1.930624 | V8: 1.930624 | W8: 1.930624 | X8: 1.930624 | Y8: 1.930624 | Z8: 1.930624 | AA8: 3.642425 | AB8: 3.209722 | AC8: 4.798049 | AD8: 1.930624 | AE8: 1.930624 | AF8: 1.930624 | AG8: 1.930624 | AH8: 1.07037 | AI8: 3.642425 | AJ8: 2.855238 | AK8: 1.930624 | AL8: #########
A9: Adult Care_25+ | B9: Condoms_25+ | C9: Adult Care | D9: Condoms | E9: 25+ | F9: 17 | G9: 0 | H9: 7304 | I9: 0 | J9: 85.28796 | K9: 82.58739 | L9: 83.14779 | M9: 42.78447 | N9: 0.518051 | O9: 0.719298 | P9: 1.239692 | Q9: 2.840741 | R9: 3.642425 | S9: 6.231089 | T9: 0.719298 | U9: 1.239692 | V9: 2.840741 | W9: 3.642425 | X9: 6.231089 | Y9: 4.858082 | Z9: 1.930624 | AA9: 3.642425 | AB9: 3.209722 | AC9: 4.798049 | AD9: 3.468971 | AE9: 3.642425 | AF9: 4.357632 | AG9: 3.886419 | AH9: 1.07037 | AI9: 3.642425 | AJ9: 2.855238 | AK9: 1.930624 | AL9: #########
A10: Adult Care_5-10 | B10: Condoms_5-10 | C10: Adult Care | D10: Condoms | E10: 46300 | F10: 3 | G10: 0 | H10: 708 | I10: 0 | J10: 14.26952 | K10: 23.05727 | L10: 22.40387 | M10: 11.62304 | N10: 0.504094 | O10: 0 | P10: 0 | Q10: 0 | R10: 11.43423 | S10: 11.62304 | T10: 11.43423 | U10: 11.43423 | V10: 11.43423 | W10: 11.62304 | X10: 11.62304 | Y10: 7.685756 | Z10: 1.930624 | AA10: 3.642425 | AB10: 3.209722 | AC10: 4.798049 | AD10: 11.43423 | AE10: 11.62304 | AF10: 7.685756 | AG10: 7.685756 | AH10: 1.07037 | AI10: 3.642425 | AJ10: 2.855238 | AK10: 1.930624 | AL10: #########
A11: Adult Care_Unknown | B11: Condoms_Unknown | C11: Adult Care | D11: Condoms | E11: Unknown | F11: 14 | G11: 0 | H11: 0 | I11: 0 | J11: 0 | K11: 0 | L11: 0 | M11: 0 | N11: 0 | O11: 0 | P11: 0 | Q11: 0 | R11: 0 | S11: 0 | T11: 0 | U11: 0 | V11: 0 | W11: 0 | X11: 0 | Y11: 0 | Z11: 1.930624 | AA11: 3.642425 | AB11: 3.209722 | AC11: 4.798049 | AD11: 0 | AE11: 0 | AF11: 0 | AG11: 0 | AH11: 1.07037 | AI11: 3.642425 | AJ11: 2.855238 | AK11: 1.930624 | AL11: #########
A12: Adult Care_25+ | B12: Lubricants_25+ | C12: Adult Care | D12: Lubricants | E12: 25+ | F12: 9 | G12: 0 | H12: 3301 | I12: 0 | J12: 34.2415 | K12: 34.97777 | L12: 35.86931 | M12: 18.86995 | N12: 0.539484 | O12: 0 | P12: 1.07037 | Q12: 1.08688 | R12: 3.311832 | S12: 5.123815 | T12: 1.07037 | U12: 1.08688 | V12: 1.175944 | W12: 4.338978 | X12: 5.123815 | Y12: 3.886419 | Z12: 1.07037 | AA12: 4.338978 | AB12: 2.331852 | AC12: 3.886419 | AD12: 3.468971 | AE12: 3.642425 | AF12: 4.357632 | AG12: 3.886419 | AH12: 1.07037 | AI12: 3.642425 | AJ12: 2.855238 | AK12: 1.930624 | AL12: #########
A13: Adult Care_Unknown | B13: Lubricants_Unknown | C13: Adult Care | D13: Lubricants | E13: Unknown | F13: 6 | G13: 0 | H13: 0 | I13: 0 | J13: 0 | K13: 0 | L13: 0 | M13: 0 | N13: 0 | O13: 0 | P13: 0 | Q13: 0 | R13: 0 | S13: 0 | T13: 0 | U13: 0 | V13: 0 | W13: 0 | X13: 0 | Y13: 0 | Z13: 1.07037 | AA13: 4.338978 | AB13: 2.331852 | AC13: 3.886419 | AD13: 0 | AE13: 0 | AF13: 0 | AG13: 0 | AH13: 1.07037 | AI13: 3.642425 | AJ13: 2.855238 | AK13: 1.930624 | AL13: #########
A14: Baby Essentials_Unknown | B14: Accessories_Unknown | C14: Baby Essentials | D14: Accessories | E14: Unknown | F14: 1 | G14: 0 | H14: 0 | I14: 0 | J14: 0 | K14: 0 | L14: 0 | M14: 0 | N14: 0 | O14: 0 | P14: 0 | Q14: 0 | R14: 0 | S14: 0 | T14: 0 | U14: 0 | V14: 0 | W14: 0 | X14: 0 | Y14: 0 | Z14: 0 | AA14: 0.090909 | AB14: 0.008354 | AC14: 0 | AD14: 0 | AE14: 0 | AF14: 0 | AG14: 0 | AH14: 0 | AI14: 2.000646 | AJ14: 1.750649 | AK14: 1.176239 | AL14: #########
A15: Baby Essentials_0-5 | B15: Baby Bath & Shower_0-5 | C15: Baby Essentials | D15: Baby Bath & Shower | E15: 0-5 | F15: 1 | G15: 0 | H15: 741 | I15: 0 | J15: 7.526557 | K15: 7.278673 | L15: 6.779705 | M15: 7.278673 | N15: 1 | O15: 7.278673 | P15: 7.278673 | Q15: 7.278673 | R15: 7.278673 | S15: 7.278673 | T15: 7.278673 | U15: 7.278673 | V15: 7.278673 | W15: 7.278673 | X15: 7.278673 | Y15: 7.278673 | Z15: 0.5625 | AA15: 0.8 | AB15: 1.015113 | AC15: 1.233604 | AD15: 7.278673 | AE15: 14.02401 | AF15: 8.942804 | AG15: 7.278673 | AH15: 0 | AI15: 2.000646 | AJ15: 1.750649 | AK15: 1.176239 | AL15: #########
A16: Baby Essentials_10-15 | B16: Baby Bath & Shower_10-15 | C16: Baby Essentials | D16: Baby Bath & Shower | E16: 46310 | F16: 1 | G16: 0 | H16: 62 | I16: 0 | J16: 0.142857 | K16: 0.3 | L16: 1.590049 | M16: 0.3 | N16: 1 | O16: 0.3 | P16: 0.3 | Q16: 0.3 | R16: 0.3 | S16: 0.3 | T16: 0.3 | U16: 0.3 | V16: 0.3 | W16: 0.3 | X16: 0.3 | Y16: 0.3 | Z16: 0.5625 | AA16: 0.8 | AB16: 1.015113 | AC16: 1.233604 | AD16: 5.68751 | AE16: 5.969778 | AF16: 7.293228 | AG16: 5.880765 | AH16: 0 | AI16: 2.000646 | AJ16: 1.750649 | AK16: 1.176239 | AL16: #########
A17: Baby Essentials_15-20 | B17: Baby Bath & Shower_15-20 | C17: Baby Essentials | D17: Baby Bath & Shower | E17: 15-20 | F17: 1 | G17: 0 | H17: 145 | I17: 0 | J17: 1.741758 | K17: 1.448531 | L17: 0.974725 | M17: 1.448531 | N17: 1 | O17: 1.448531 | P17: 1.448531 | Q17: 1.448531 | R17: 1.448531 | S17: 1.448531 | T17: 1.448531 | U17: 1.448531 | V17: 1.448531 | W17: 1.448531 | X17: 1.448531 | Y17: 1.448531 | Z17: 0.5625 | AA17: 0.8 | AB17: 1.015113 | AC17: 1.233604 | AD17: 1.448531 | AE17: 2.079566 | AF17: 2.483674 | AG17: 1.448531 | AH17: 0 | AI17: 2.000646 | AJ17: 1.750649 | AK17: 1.176239 | AL17: #########
A18: Baby Essentials_20-25 | B18: Baby Bath & Shower_20-25 | C18: Baby Essentials | D18: Baby Bath & Shower | E18: 20-25 | F18: 5 | G18: 0 | H18: 1064 | I18: 0 | J18: 5.514694 | K18: 6.168019 | L18: 5.518767 | M18: 3.730402 | N18: 0.604797 | O18: 0.485354 | P18: 0.5625 | Q18: 0.5625 | R18: 0.615954 | S18: 0.77381 | T18: 0.485354 | U18: 0.5625 | V18: 0.5625 | W18: 0.615954 | X18: 0.77381 | Y18: 1.233604 | Z18: 0.5625 | AA18: 0.8 | AB18: 1.015113 | AC18: 1.233604 | AD18: 0.862399 | AE18: 1.021927 | AF18: 3.161272 | AG18: 1.233604 | AH18: 0 | AI18: 2.000646 | AJ18: 1.750649 | AK18: 1.176239 | AL18: #########
A19: Baby Essentials_25+ | B19: Baby Bath & Shower_25+ | C19: Baby Essentials | D19: Baby Bath & Shower | E19: 25+ | F19: 4 | G19: 0 | H19: 735 | I19: 0 | J19: 4.253247 | K19: 3.076815 | L19: 2.673457 | M19: 1.031454 | N19: 0.335234 | O19: 0.430546 | P19: 0.430546 | Q19: 0.8 | R19: 0.814815 | S19: 0.814815 | T19: 0.430546 | U19: 0.430546 | V19: 0.8 | W19: 0.814815 | X19: 0.814815 | Y19: 0.769204 | Z19: 0.5625 | AA19: 0.8 | AB19: 1.015113 | AC19: 1.233604 | AD19: 0.853081 | AE19: 1.311011 | AF19: 1.546484 | AG19: 1.427557 | AH19: 0 | AI19: 2.000646 | AJ19: 1.750649 | AK19: 1.176239 | AL19: #########
A20: Baby Essentials_Unknown | B20: Baby Bath & Shower_Unknown | C20: Baby Essentials | D20: Baby Bath & Shower | E20: Unknown | F20: 6 | G20: 1 | H20: 8 | I20: 8 | J20: 0 | K20: 0 | L20: 0 | M20: 0 | N20: 0 | O20: 0 | P20: 0 | Q20: 0 | R20: 0 | S20: 0 | T20: 0 | U20: 0 | V20: 0 | W20: 0 | X20: 0 | Y20: 0 | Z20: 0.5625 | AA20: 0.8 | AB20: 1.015113 | AC20: 1.233604 | AD20: 0 | AE20: 0 | AF20: 0 | AG20: 0 | AH20: 0 | AI20: 2.000646 | AJ20: 1.750649 | AK20: 1.176239 | AL20: #########
A21: Baby Essentials_10-15 | B21: Baby Care_10-15 | C21: Baby Essentials | D21: Baby Care | E21: 46310 | F21: 2 | G21: 0 | H21: 114 | I21: 0 | J21: 0.142857 | K21: 0.280952 | L21: 0.165122 | M21: 0.142857 | N21: 0.508475 | O21: 0.138095 | P21: 0.138095 | Q21: 0.138095 | R21: 0.142857 | S21: 0.142857 | T21: 0.138095 | U21: 0.138095 | V21: 0.138095 | W21: 0.142857 | X21: 0.142857 | Y21: 0.140476 | Z21: 0 | AA21: 0.903704 | AB21: 0.46518 | AC21: 0.97936 | AD21: 5.68751 | AE21: 5.969778 | AF21: 7.293228 | AG21: 5.880765 | AH21: 0 | AI21: 2.000646 | AJ21: 1.750649 | AK21: 1.176239 | AL21: #########
A22: Baby Essentials_15-20 | B22: Baby Care_15-20 | C22: Baby Essentials | D22: Baby Care | E22: 15-20 | F22: 4 | G22: 0 | H22: 386 | I22: 0 | J22: 5.745127 | K22: 4.270427 | L22: 3.61389 | M22: 2.476616 | N22: 0.579946 | O22: 0 | P22: 0 | Q22: 0.620453 | R22: 1.173358 | S22: 1.173358 | T22: 0.620453 | U22: 0.620453 | V22: 0.620453 | W22: 1.173358 | X22: 2.476616 | Y22: 1.067607 | Z22: 0 | AA22: 0.903704 | AB22: 0.46518 | AC22: 0.97936 | AD22: 1.448531 | AE22: 2.079566 | AF22: 2.483674 | AG22: 1.448531 | AH22: 0 | AI22: 2.000646 | AJ22: 1.750649 | AK22: 1.176239 | AL22: #########
A23: Baby Essentials_20-25 | B23: Baby Care_20-25 | C23: Baby Essentials | D23: Baby Care | E23: 20-25 | F23: 2 | G23: 0 | H23: 211 | I23: 0 | J23: 2.229762 | K23: 2.352479 | L23: 2.353423 | M23: 1.508899 | N23: 0.641408 | O23: 0.84358 | P23: 0.84358 | Q23: 0.84358 | R23: 1.508899 | S23: 1.508899 | T23: 0.84358 | U23: 0.84358 | V23: 0.84358 | W23: 1.508899 | X23: 1.508899 | Y23: 1.176239 | Z23: 0 | AA23: 0.903704 | AB23: 0.46518 | AC23: 0.97936 | AD23: 0.862399 | AE23: 1.021927 | AF23: 3.161272 | AG23: 1.233604 | AH23: 0 | AI23: 2.000646 | AJ23: 1.750649 | AK23: 1.176239 | AL23: #########
A24: Baby Essentials_25+ | B24: Baby Care_25+ | C24: Baby Essentials | D24: Baby Care | E24: 25+ | F24: 11 | G24: 0 | H24: 1479 | I24: 0 | J24: 10.61273 | K24: 10.77296 | L24: 10.4052 | M24: 7.121521 | N24: 0.661055 | O24: 0 | P24: 0.033333 | Q24: 0.209179 | R24: 0.738833 | S24: 1.073007 | T24: 0.033333 | U24: 0.209179 | V24: 0.693386 | W24: 0.903704 | X24: 1.818303 | Y24: 0.97936 | Z24: 0 | AA24: 0.903704 | AB24: 0.46518 | AC24: 0.97936 | AD24: 0.853081 | AE24: 1.311011 | AF24: 1.546484 | AG24: 1.427557 | AH24: 0 | AI24: 2.000646 | AJ24: 1.750649 | AK24: 1.176239 | AL24: #########
A25: Baby Essentials_Unknown | B25: Baby Care_Unknown | C25: Baby Essentials | D25: Baby Care | E25: Unknown | F25: 19 | G25: 3 | H25: 60 | I25: 60 | J25: 0 | K25: 0 | L25: 0 | M25: 0 | N25: 0 | O25: 0 | P25: 0 | Q25: 0 | R25: 0 | S25: 0 | T25: 0 | U25: 0 | V25: 0 | W25: 0 | X25: 0 | Y25: 0 | Z25: 0 | AA25: 0.903704 | AB25: 0.46518 | AC25: 0.97936 | AD25: 0 | AE25: 0 | AF25: 0 | AG25: 0 | AH25: 0 | AI25: 2.000646 | AJ25: 1.750649 | AK25: 1.176239 | AL25: #########
A26: Baby Essentials_0-5 | B26: Baby Food_0-5 | C26: Baby Essentials | D26: Baby Food | E26: 0-5 | F26: 2 | G26: 0 | H26: 3071 | I26: 0 | J26: 37.47169 | K26: 37.43535 | L26: 35.96864 | M26: 23.41134 | N26: 0.625381 | O26: 14.02401 | P26: 14.02401 | Q26: 14.02401 | R26: 23.41134 | S26: 23.41134 | T26: 14.02401 | U26: 14.02401 | V26: 14.02401 | W26: 23.41134 | X26: 23.41134 | Y26: 18.71767 | Z26: 0 | AA26: 3.982691 | AB26: 2.175607 | AC26: 2.798774 | AD26: 7.278673 | AE26: 14.02401 | AF26: 8.942804 | AG26: 7.278673 | AH26: 0 | AI26: 2.000646 | AJ26: 1.750649 | AK26: 1.176239 | AL26: #########
A27: Baby Essentials_10-15 | B27: Baby Food_10-15 | C27: Baby Essentials | D27: Baby Food | E27: 46310 | F27: 14 | G27: 0 | H27: 5234 | I27: 0 | J27: 92.23222 | K27: 82.33071 | L27: 71.12986 | M27: 30.00458 | N27: 0.36444 | O27: 1.762662 | P27: 2.827753 | Q27: 3.927619 | R27: 6.297776 | S27: 7.712648 | T27: 2.827753 | U27: 3.582619 | V27: 3.927619 | W27: 6.297776 | X27: 8.039877 | Y27: 5.880765 | Z27: 0 | AA27: 3.982691 | AB27: 2.175607 | AC27: 2.798774 | AD27: 5.68751 | AE27: 5.969778 | AF27: 7.293228 | AG27: 5.880765 | AH27: 0 | AI27: 2.000646 | AJ27: 1.750649 | AK27: 1.176239 | AL27: #########
A28: Baby Essentials_15-20 | B28: Baby Food_15-20 | C28: Baby Essentials | D28: Baby Food | E28: 15-20 | F28: 6 | G28: 0 | H28: 1723 | I28: 0 | J28: 17.45596 | K28: 16.79265 | L28: 15.0443 | M28: 11.61817 | N28: 0.691861 | O28: 0 | P28: 1.021693 | Q28: 1.021693 | R28: 2.079566 | S28: 3.803008 | T28: 1.021693 | U28: 2.073216 | V28: 2.073216 | W28: 2.079566 | X28: 3.803008 | Y28: 2.798774 | Z28: 0 | AA28: 3.982691 | AB28: 2.175607 | AC28: 2.798774 | AD28: 1.448531 | AE28: 2.079566 | AF28: 2.483674 | AG28: 1.448531 | AH28: 0 | AI28: 2.000646 | AJ28: 1.750649 | AK28: 1.176239 | AL28: #########
A29: Baby Essentials_20-25 | B29: Baby Food_20-25 | C29: Baby Essentials | D29: Baby Food | E29: 20-25 | F29: 6 | G29: 0 | H29: 756 | I29: 0 | J29: 4.264444 | K29: 4.127548 | L29: 3.918131 | M29: 2.616207 | N29: 0.63384 | O29: 0 | P29: 0.072751 | Q29: 0.072751 | R29: 0.862399 | S29: 1.021927 | T29: 0.072751 | U29: 0.57619 | V29: 0.57619 | W29: 0.862399 | X29: 1.021927 | Y29: 0.687925 | Z29: 0 | AA29: 3.982691 | AB29: 2.175607 | AC29: 2.798774 | AD29: 0.862399 | AE29: 1.021927 | AF29: 3.161272 | AG29: 1.233604 | AH29: 0 | AI29: 2.000646 | AJ29: 1.750649 | AK29: 1.176239 | AL29: #########
A30: Baby Essentials_25+ | B30: Baby Food_25+ | C30: Baby Essentials | D30: Baby Food | E30: 25+ | F30: 22 | G30: 0 | H30: 4393 | I30: 0 | J30: 24.50624 | K30: 25.63285 | L30: 25.60343 | M30: 10.47688 | N30: 0.408729 | O30: 0.291314 | P30: 0.537959 | Q30: 0.682202 | R30: 1.252657 | S30: 1.543439 | T30: 0.44359 | U30: 0.616667 | V30: 0.772414 | W30: 1.252657 | X30: 1.543439 | Y30: 1.16513 | Z30: 0 | AA30: 3.982691 | AB30: 2.175607 | AC30: 2.798774 | AD30: 0.853081 | AE30: 1.311011 | AF30: 1.546484 | AG30: 1.427557 | AH30: 0 | AI30: 2.000646 | AJ30: 1.750649 | AK30: 1.176239 | AL30: #########
A31: Baby Essentials_5-10 | B31: Baby Food_5-10 | C31: Baby Essentials | D31: Baby Food | E31: 46300 | F31: 44 | G31: 0 | H31: 18270 | I31: 0 | J31: 245.2654 | K31: 268.8022 | L31: 241.6168 | M31: 132.9624 | N31: 0.494648 | O31: 0 | P31: 0.1 | Q31: 3.308682 | R31: 5.168931 | S31: 7.536093 | T31: 2.239556 | U31: 3.982691 | V31: 4.684542 | W31: 6.065433 | X31: 8.372108 | Y31: 6.109142 | Z31: 0 | AA31: 3.982691 | AB31: 2.175607 | AC31: 2.798774 | AD31: 4.766189 | AE31: 6.065433 | AF31: 7.283375 | AG31: 14.66427 | AH31: 0 | AI31: 2.000646 | AJ31: 1.750649 | AK31: 1.176239 | AL31: #########
A32: Baby Essentials_Unknown | B32: Baby Food_Unknown | C32: Baby Essentials | D32: Baby Food | E32: Unknown | F32: 106 | G32: 4 | H32: 249 | I32: 249 | J32: 0 | K32: 0 | L32: 0 | M32: 0 | N32: 0 | O32: 0 | P32: 0 | Q32: 0 | R32: 0 | S32: 0 | T32: 0 | U32: 0 | V32: 0 | W32: 0 | X32: 0 | Y32: 0 | Z32: 0 | AA32: 3.982691 | AB32: 2.175607 | AC32: 2.798774 | AD32: 0 | AE32: 0 | AF32: 0 | AG32: 0 | AH32: 0 | AI32: 2.000646 | AJ32: 1.750649 | AK32: 1.176239 | AL32: #########
A33: Baby Essentials_15-20 | B33: Diapers_15-20 | C33: Baby Essentials | D33: Diapers | E33: 15-20 | F33: 1 | G33: 0 | H33: 0 | I33: 0 | J33: 0 | K33: 0 | L33: 0 | M33: 0 | N33: 0 | O33: 0 | P33: 0 | Q33: 0 | R33: 0 | S33: 0 | T33: 0 | U33: 0 | V33: 0 | W33: 0 | X33: 0 | Y33: 0 | Z33: 0 | AA33: 1.385881 | AB33: 0.789301 | AC33: 0 | AD33: 1.448531 | AE33: 2.079566 | AF33: 2.483674 | AG33: 1.448531 | AH33: 0 | AI33: 2.000646 | AJ33: 1.750649 | AK33: 1.176239 | AL33: #########
A34: Baby Essentials_25+ | B34: Diapers_25+ | C34: Baby Essentials | D34: Diapers | E34: 25+ | F34: 64 | G34: 2 | H34: 9783 | I34: 52 | J34: 104.2218 | K34: 93.92677 | L34: 90.98409 | M34: 61.11327 | N34: 0.650648 | O34: 0 | P34: 0 | Q34: 0 | R34: 0.76737 | S34: 1.791661 | T34: 0.295833 | U34: 0.583333 | V34: 0.830997 | W34: 1.465565 | X34: 2.515914 | Y34: 1.467606 | Z34: 0 | AA34: 1.385881 | AB34: 0.789301 | AC34: 0 | AD34: 0.853081 | AE34: 1.311011 | AF34: 1.546484 | AG34: 1.427557 | AH34: 0 | AI34: 2.000646 | AJ34: 1.750649 | AK34: 1.176239 | AL34: #########
A35: Baby Essentials_Unknown | B35: Diapers_Unknown | C35: Baby Essentials | D35: Diapers | E35: Unknown | F35: 54 | G35: 7 | H35: 221 | I35: 221 | J35: 0 | K35: 0 | L35: 0 | M35: 0 | N35: 0 | O35: 0 | P35: 0 | Q35: 0 | R35: 0 | S35: 0 | T35: 0 | U35: 0 | V35: 0 | W35: 0 | X35: 0 | Y35: 0 | Z35: 0 | AA35: 1.385881 | AB35: 0.789301 | AC35: 0 | AD35: 0 | AE35: 0 | AF35: 0 | AG35: 0 | AH35: 0 | AI35: 2.000646 | AJ35: 1.750649 | AK35: 1.176239 | AL35: #########
A36: Baby Essentials_10-15 | B36: Milk Formula_10-15 | C36: Baby Essentials | D36: Milk Formula | E36: 46310 | F36: 3 | G36: 0 | H36: 3038 | I36: 0 | J36: 49.38564 | K36: 43.57311 | L36: 39.18819 | M36: 21.36145 | N36: 0.490244 | O36: 5.68751 | P36: 5.68751 | Q36: 5.68751 | R36: 16.52414 | S36: 21.36145 | T36: 5.68751 | U36: 5.68751 | V36: 5.68751 | W36: 16.52414 | X36: 21.36145 | Y36: 14.52437 | Z36: 0 | AA36: 1.564856 | AB36: 0.922954 | AC36: 1.427557 | AD36: 5.68751 | AE36: 5.969778 | AF36: 7.293228 | AG36: 5.880765 | AH36: 0 | AI36: 2.000646 | AJ36: 1.750649 | AK36: 1.176239 | AL36: #########
A37: Baby Essentials_25+ | B37: Milk Formula_25+ | C37: Baby Essentials | D37: Milk Formula | E37: 25+ | F37: 49 | G37: 1 | H37: 9495 | I37: 24 | J37: 71.12905 | K37: 69.9503 | L37: 70.72053 | M37: 43.81156 | N37: 0.626324 | O37: 0 | P37: 0 | Q37: 0.066913 | R37: 0.741431 | S37: 1.817111 | T37: 0.074176 | U37: 0.341799 | V37: 0.60989 | W37: 1.460673 | X37: 2.042106 | Y37: 1.427557 | Z37: 0 | AA37: 1.564856 | AB37: 0.922954 | AC37: 1.427557 | AD37: 0.853081 | AE37: 1.311011 | AF37: 1.546484 | AG37: 1.427557 | AH37: 0 | AI37: 2.000646 | AJ37: 1.750649 | AK37: 1.176239 | AL37: #########
A38: Baby Essentials_Unknown | B38: Milk Formula_Unknown | C38: Baby Essentials | D38: Milk Formula | E38: Unknown | F38: 71 | G38: 9 | H38: 279 | I38: 279 | J38: 0 | K38: 0 | L38: 0 | M38: 0 | N38: 0 | O38: 0 | P38: 0 | Q38: 0 | R38: 0 | S38: 0 | T38: 0 | U38: 0 | V38: 0 | W38: 0 | X38: 0 | Y38: 0 | Z38: 0 | AA38: 1.564856 | AB38: 0.922954 | AC38: 1.427557 | AD38: 0 | AE38: 0 | AF38: 0 | AG38: 0 | AH38: 0 | AI38: 2.000646 | AJ38: 1.750649 | AK38: 1.176239 | AL38: #########
A39: Baby Essentials_0-5 | B39: Wipes_0-5 | C39: Baby Essentials | D39: Wipes | E39: 0-5 | F39: 2 | G39: 0 | H39: 0 | I39: 0 | J39: 0 | K39: 0 | L39: 0 | M39: 0 | N39: 0 | O39: 0 | P39: 0 | Q39: 0 | R39: 0 | S39: 0 | T39: 0 | U39: 0 | V39: 0 | W39: 0 | X39: 0 | Y39: 0 | Z39: 0 | AA39: 5.476062 | AB39: 4.026949 | AC39: 0 | AD39: 7.278673 | AE39: 14.02401 | AF39: 8.942804 | AG39: 7.278673 | AH39: 0 | AI39: 2.000646 | AJ39: 1.750649 | AK39: 1.176239 | AL39: #########
A40: Baby Essentials_10-15 | B40: Wipes_10-15 | C40: Baby Essentials | D40: Wipes | E40: 46310 | F40: 6 | G40: 0 | H40: 2153 | I40: 0 | J40: 75.52008 | K40: 63.13917 | L40: 58.41292 | M40: 52.73962 | N40: 0.835292 | O40: 0 | P40: 1.260749 | Q40: 1.260749 | R40: 5.476062 | S40: 13.82796 | T40: 1.260749 | U40: 3.662734 | V40: 3.662734 | W40: 5.476062 | X40: 13.82796 | Y40: 10.52319 | Z40: 0 | AA40: 5.476062 | AB40: 4.026949 | AC40: 0 | AD40: 5.68751 | AE40: 5.969778 | AF40: 7.293228 | AG40: 5.880765 | AH40: 0 | AI40: 2.000646 | AJ40: 1.750649 | AK40: 1.176239 | AL40: #########
A41: Baby Essentials_15-20 | B41: Wipes_15-20 | C41: Baby Essentials | D41: Wipes | E41: 15-20 | F41: 5 | G41: 0 | H41: 1473 | I41: 0 | J41: 20.17368 | K41: 19.71084 | L41: 16.34667 | M41: 17.45017 | N41: 0.885308 | O41: 0 | P41: 0.076923 | Q41: 0.076923 | R41: 2.183747 | S41: 5.719038 | T41: 0.076923 | U41: 0.076923 | V41: 2.183747 | W41: 5.719038 | X41: 5.719038 | Y41: 3.942169 | Z41: 0 | AA41: 5.476062 | AB41: 4.026949 | AC41: 0 | AD41: 1.448531 | AE41: 2.079566 | AF41: 2.483674 | AG41: 1.448531 | AH41: 0 | AI41: 2.000646 | AJ41: 1.750649 | AK41: 1.176239 | AL41: #########
A42: Baby Essentials_20-25 | B42: Wipes_20-25 | C42: Baby Essentials | D42: Wipes | E42: 20-25 | F42: 5 | G42: 0 | H42: 2885 | I42: 0 | J42: 45.00889 | K42: 44.25486 | L42: 40.14201 | M42: 39.83728 | N42: 0.900179 | O42: 0 | P42: 1.149929 | Q42: 1.149929 | R42: 3.26765 | S42: 13.56528 | T42: 1.149929 | U42: 1.149929 | V42: 3.26765 | W42: 13.56528 | X42: 13.56528 | Y42: 8.850972 | Z42: 0 | AA42: 5.476062 | AB42: 4.026949 | AC42: 0 | AD42: 0.862399 | AE42: 1.021927 | AF42: 3.161272 | AG42: 1.233604 | AH42: 0 | AI42: 2.000646 | AJ42: 1.750649 | AK42: 1.176239 | AL42: #########
A43: Baby Essentials_25+ | B43: Wipes_25+ | C43: Baby Essentials | D43: Wipes | E43: 25+ | F43: 10 | G43: 0 | H43: 3542 | I43: 0 | J43: 48.02047 | K43: 44.07778 | L43: 42.60576 | M43: 19.25767 | N43: 0.436902 | O43: 0.445455 | P43: 0.457435 | Q43: 2.219486 | R43: 4.844417 | S43: 7.222892 | T43: 0.445455 | U43: 0.457435 | V43: 2.219486 | W43: 4.844417 | X43: 7.222892 | Y43: 4.407778 | Z43: 0 | AA43: 5.476062 | AB43: 4.026949 | AC43: 0 | AD43: 0.853081 | AE43: 1.311011 | AF43: 1.546484 | AG43: 1.427557 | AH43: 0 | AI43: 2.000646 | AJ43: 1.750649 | AK43: 1.176239 | AL43: #########
A44: Baby Essentials_5-10 | B44: Wipes_5-10 | C44: Baby Essentials | D44: Wipes | E44: 46300 | F44: 7 | G44: 0 | H44: 5494 | I44: 0 | J44: 111.706 | K44: 102.6499 | L44: 95.78178 | M44: 100.212 | N44: 0.97625 | O44: 0 | P44: 0 | Q44: 0 | R44: 0 | S44: 2.437924 | T44: 2.437924 | U44: 2.437924 | V44: 2.437924 | W44: 12.98775 | X44: 87.2242 | Y44: 14.66427 | Z44: 0 | AA44: 5.476062 | AB44: 4.026949 | AC44: 0 | AD44: 4.766189 | AE44: 6.065433 | AF44: 7.283375 | AG44: 14.66427 | AH44: 0 | AI44: 2.000646 | AJ44: 1.750649 | AK44: 1.176239 | AL44: #########
A45: Baby Essentials_Unknown | B45: Wipes_Unknown | C45: Baby Essentials | D45: Wipes | E45: Unknown | F45: 10 | G45: 4 | H45: 143 | I45: 143 | J45: 0 | K45: 0 | L45: 0 | M45: 0 | N45: 0 | O45: 0 | P45: 0 | Q45: 0 | R45: 0 | S45: 0 | T45: 0 | U45: 0 | V45: 0 | W45: 0 | X45: 0 | Y45: 0 | Z45: 0 | AA45: 5.476062 | AB45: 4.026949 | AC45: 0 | AD45: 0 | AE45: 0 | AF45: 0 | AG45: 0 | AH45: 0 | AI45: 2.000646 | AJ45: 1.750649 | AK45: 1.176239 | AL45: #########
A46: Baby Essentials | Salty Snacks_Unknown | B46: Baby Food | Healthy Snacks_Unknown | C46: Baby Essentials | Salty Snacks | D46: Baby Food | Healthy Snacks | E46: Unknown | F46: 1 | G46: 0 | H46: 0 | I46: 0 | J46: 0 | K46: 0 | L46: 0 | M46: 0 | N46: 0 | O46: 0 | P46: 0 | Q46: 0 | R46: 0 | S46: 0 | T46: 0 | U46: 0 | V46: 0 | W46: 0 | X46: 0 | Y46: 0 | Z46: 0 | AA46: 0 | AB46: 0 | AC46: 0 | AD46: 0 | AE46: 0 | AF46: 0 | AG46: 0 | AH46: 0 | AI46: 0 | AJ46: 0 | AK46: 0 | AL46: #########
A47: Bakery_0-5 | B47: Arabic & Flat Bread_0-5 | C47: Bakery | D47: Arabic & Flat Bread | E47: 0-5 | F47: 14 | G47: 0 | H47: 3129 | I47: 0 | J47: 613.4558 | K47: 628.0112 | L47: 625.8734 | M47: 346.1174 | N47: 0.551132 | O47: 0.490079 | P47: 8.363598 | Q47: 17.63182 | R47: 40.97561 | S47: 45.04631 | T47: 0.490079 | U47: 8.363598 | V47: 17.63182 | W47: 40.97561 | X47: 45.04631 | Y47: 44.85794 | Z47: 0 | AA47: 17.04584 | AB47: 12.8211 | AC47: 17.71363 | AD47: 20.03471 | AE47: 27.92084 | AF47: 37.12381 | AG47: 33.88672 | AH47: 0 | AI47: 10.54511 | AJ47: 6.828357 | AK47: 3.655537 | AL47: #########
A48: Bakery_10-15 | B48: Arabic & Flat Bread_10-15 | C48: Bakery | D48: Arabic & Flat Bread | E48: 46310 | F48: 2 | G48: 0 | H48: 194 | I48: 0 | J48: 21.19062 | K48: 23.22276 | L48: 23.66081 | M48: 17.04584 | N48: 0.734015 | O48: 6.176916 | P48: 6.176916 | Q48: 6.176916 | R48: 17.04584 | S48: 17.04584 | T48: 6.176916 | U48: 6.176916 | V48: 6.176916 | W48: 17.04584 | X48: 17.04584 | Y48: 11.61138 | Z48: 0 | AA48: 17.04584 | AB48: 12.8211 | AC48: 17.71363 | AD48: 1.496146 | AE48: 5.723218 | AF48: 8.948624 | AG48: 10.09181 | AH48: 0 | AI48: 10.54511 | AJ48: 6.828357 | AK48: 3.655537 | AL48: #########
A49: Bakery_15-20 | B49: Arabic & Flat Bread_15-20 | C49: Bakery | D49: Arabic & Flat Bread | E49: 15-20 | F49: 3 | G49: 0 | H49: 284 | I49: 0 | J49: 36.22261 | K49: 38.71627 | L49: 38.52515 | M49: 16.27549 | N49: 0.420379 | O49: 8.474045 | P49: 8.474045 | Q49: 8.474045 | R49: 13.96673 | S49: 16.27549 | T49: 8.474045 | U49: 8.474045 | V49: 8.474045 | W49: 13.96673 | X49: 16.27549 | Y49: 12.90542 | Z49: 0 | AA49: 17.04584 | AB49: 12.8211 | AC49: 17.71363 | AD49: 3.587685 | AE49: 5.142561 | AF49: 10.90349 | AG49: 5.877205 | AH49: 0 | AI49: 10.54511 | AJ49: 6.828357 | AK49: 3.655537 | AL49: #########
A50: Bakery_20-25 | B50: Arabic & Flat Bread_20-25 | C50: Bakery | D50: Arabic & Flat Bread | E50: 20-25 | F50: 1 | G50: 0 | H50: 101 | I50: 0 | J50: 18.14805 | K50: 17.71363 | L50: 19.09737 | M50: 17.71363 | N50: 1 | O50: 17.71363 | P50: 17.71363 | Q50: 17.71363 | R50: 17.71363 | S50: 17.71363 | T50: 17.71363 | U50: 17.71363 | V50: 17.71363 | W50: 17.71363 | X50: 17.71363 | Y50: 17.71363 | Z50: 0 | AA50: 17.04584 | AB50: 12.8211 | AC50: 17.71363 | AD50: 1.292957 | AE50: 3.710425 | AF50: 3.6047 | AG50: 2.90795 | AH50: 0 | AI50: 10.54511 | AJ50: 6.828357 | AK50: 3.655537 | AL50: #########
A51: Bakery_5-10 | B51: Arabic & Flat Bread_5-10 | C51: Bakery | D51: Arabic & Flat Bread | E51: 46300 | F51: 5 | G51: 0 | H51: 342 | I51: 0 | J51: 97.16974 | K51: 100.0655 | L51: 104.7106 | M51: 84.39802 | N51: 0.843428 | O51: 0.721465 | P51: 0.922594 | Q51: 0.922594 | R51: 3.616667 | S51: 10.40678 | T51: 0.721465 | U51: 0.922594 | V51: 0.922594 | W51: 3.616667 | X51: 10.40678 | Y51: 20.01311 | Z51: 0 | AA51: 17.04584 | AB51: 12.8211 | AC51: 17.71363 | AD51: 5.614885 | AE51: 11.65712 | AF51: 18.74552 | AG51: 20.01311 | AH51: 0 | AI51: 10.54511 | AJ51: 6.828357 | AK51: 3.655537 | AL51: #########
A52: Bakery_Unknown | B52: Arabic & Flat Bread_Unknown | C52: Bakery | D52: Arabic & Flat Bread | E52: Unknown | F52: 38 | G52: 0 | H52: 0 | I52: 0 | J52: 0 | K52: 0 | L52: 0 | M52: 0 | N52: 0 | O52: 0 | P52: 0 | Q52: 0 | R52: 0 | S52: 0 | T52: 0 | U52: 0 | V52: 0 | W52: 0 | X52: 0 | Y52: 0 | Z52: 0 | AA52: 17.04584 | AB52: 12.8211 | AC52: 17.71363 | AD52: 0 | AE52: 0 | AF52: 0 | AG52: 0 | AH52: 0 | AI52: 10.54511 | AJ52: 6.828357 | AK52: 3.655537 | AL52: #########
A53: Bakery_10-15 | B53: Arabic Sweets_10-15 | C53: Bakery | D53: Arabic Sweets | E53: 46310 | F53: 1 | G53: 0 | H53: 0 | I53: 0 | J53: 0 | K53: 0 | L53: 0 | M53: 0 | N53: 0 | O53: 0 | P53: 0 | Q53: 0 | R53: 0 | S53: 0 | T53: 0 | U53: 0 | V53: 0 | W53: 0 | X53: 0 | Y53: 0 | Z53: 0 | AA53: 2.088049 | AB53: 0.173998 | AC53: 0 | AD53: 1.496146 | AE53: 5.723218 | AF53: 8.948624 | AG53: 10.09181 | AH53: 0 | AI53: 10.54511 | AJ53: 6.828357 | AK53: 3.655537 | AL53: #########
A54: Bakery_15-20 | B54: Arabic Sweets_15-20 | C54: Bakery | D54: Arabic Sweets | E54: 15-20 | F54: 2 | G54: 0 | H54: 0 | I54: 0 | J54: 0 | K54: 0 | L54: 1.2 | M54: 0 | N54: 0 | O54: 0 | P54: 0 | Q54: 0 | R54: 0 | S54: 0 | T54: 0 | U54: 0 | V54: 0 | W54: 0 | X54: 0 | Y54: 0 | Z54: 0 | AA54: 2.088049 | AB54: 0.173998 | AC54: 0 | AD54: 3.587685 | AE54: 5.142561 | AF54: 10.90349 | AG54: 5.877205 | AH54: 0 | AI54: 10.54511 | AJ54: 6.828357 | AK54: 3.655537 | AL54: #########
A55: Bakery_25+ | B55: Arabic Sweets_25+ | C55: Bakery | D55: Arabic Sweets | E55: 25+ | F55: 10 | G55: 0 | H55: 1478 | I55: 0 | J55: 14.18973 | K55: 12.70188 | L55: 11.55778 | M55: 8.853778 | N55: 0.697045 | O55: 0 | P55: 0 | Q55: 0 | R55: 1.194098 | S55: 2.088049 | T55: 1.035714 | U55: 1.194098 | V55: 1.194098 | W55: 2.088049 | X55: 2.181711 | Y55: 1.270188 | Z55: 0 | AA55: 2.088049 | AB55: 0.173998 | AC55: 0 | AD55: 2.088049 | AE55: 3.187913 | AF55: 3.780361 | AG55: 2.670885 | AH55: 0 | AI55: 10.54511 | AJ55: 6.828357 | AK55: 3.655537 | AL55: #########
A56: Bakery_Unknown | B56: Arabic Sweets_Unknown | C56: Bakery | D56: Arabic Sweets | E56: Unknown | F56: 37 | G56: 0 | H56: 0 | I56: 0 | J56: 0 | K56: 0 | L56: 0 | M56: 0 | N56: 0 | O56: 0 | P56: 0 | Q56: 0 | R56: 0 | S56: 0 | T56: 0 | U56: 0 | V56: 0 | W56: 0 | X56: 0 | Y56: 0 | Z56: 0 | AA56: 2.088049 | AB56: 0.173998 | AC56: 0 | AD56: 0 | AE56: 0 | AF56: 0 | AG56: 0 | AH56: 0 | AI56: 10.54511 | AJ56: 6.828357 | AK56: 3.655537 | AL56: #########
A57: Bakery_0-5 | B57: Buns & Rolls_0-5 | C57: Bakery | D57: Buns & Rolls | E57: 0-5 | F57: 13 | G57: 0 | H57: 2323 | I57: 0 | J57: 438.0573 | K57: 440.5274 | L57: 457.8605 | M57: 275.4304 | N57: 0.625229 | O57: 0 | P57: 0.251166 | Q57: 1.5 | R57: 22.13116 | S57: 47.57048 | T57: 1.5 | U57: 2.586533 | V57: 20.75113 | W57: 30.47344 | X57: 47.57048 | Y57: 33.88672 | Z57: 0 | AA57: 14.48698 | AB57: 7.465654 | AC57: 5.877205 | AD57: 20.03471 | AE57: 27.92084 | AF57: 37.12381 | AG57: 33.88672 | AH57: 0 | AI57: 10.54511 | AJ57: 6.828357 | AK57: 3.655537 | AL57: #########
A58: Bakery_10-15 | B58: Buns & Rolls_10-15 | C58: Bakery | D58: Buns & Rolls | E58: 46310 | F58: 2 | G58: 0 | H58: 0 | I58: 0 | J58: 0 | K58: 0.4 | L58: 0.4 | M58: 0.4 | N58: 1 | O58: 0 | P58: 0 | Q58: 0 | R58: 0.4 | S58: 0.4 | T58: 0.4 | U58: 0.4 | V58: 0.4 | W58: 0.4 | X58: 0.4 | Y58: 0.2 | Z58: 0 | AA58: 14.48698 | AB58: 7.465654 | AC58: 5.877205 | AD58: 1.496146 | AE58: 5.723218 | AF58: 8.948624 | AG58: 10.09181 | AH58: 0 | AI58: 10.54511 | AJ58: 6.828357 | AK58: 3.655537 | AL58: #########
A59: Bakery_15-20 | B59: Buns & Rolls_15-20 | C59: Bakery | D59: Buns & Rolls | E59: 15-20 | F59: 7 | G59: 0 | H59: 1525 | I59: 0 | J59: 44.53142 | K59: 41.14043 | L59: 39.95563 | M59: 24.15084 | N59: 0.587034 | O59: 0.0625 | P59: 2.670984 | Q59: 3.933474 | R59: 4.709102 | S59: 5.613529 | T59: 0.0625 | U59: 2.670984 | V59: 3.933474 | W59: 4.709102 | X59: 5.613529 | Y59: 5.877205 | Z59: 0 | AA59: 14.48698 | AB59: 7.465654 | AC59: 5.877205 | AD59: 3.587685 | AE59: 5.142561 | AF59: 10.90349 | AG59: 5.877205 | AH59: 0 | AI59: 10.54511 | AJ59: 6.828357 | AK59: 3.655537 | AL59: #########
A60: Bakery_20-25 | B60: Buns & Rolls_20-25 | C60: Bakery | D60: Buns & Rolls | E60: 20-25 | F60: 5 | G60: 0 | H60: 899 | I60: 0 | J60: 11.39649 | K60: 10.66246 | L60: 10.61419 | M60: 6.191279 | N60: 0.580662 | O60: 0 | P60: 0 | Q60: 0 | R60: 0 | S60: 4.471176 | T60: 4.471176 | U60: 4.471176 | V60: 4.471176 | W60: 6.191279 | X60: 6.191279 | Y60: 2.132491 | Z60: 0 | AA60: 14.48698 | AB60: 7.465654 | AC60: 5.877205 | AD60: 1.292957 | AE60: 3.710425 | AF60: 3.6047 | AG60: 2.90795 | AH60: 0 | AI60: 10.54511 | AJ60: 6.828357 | AK60: 3.655537 | AL60: #########
A61: Bakery_5-10 | B61: Buns & Rolls_5-10 | C61: Bakery | D61: Buns & Rolls | E61: 46300 | F61: 5 | G61: 0 | H61: 682 | I61: 0 | J61: 102.7194 | K61: 104.5221 | L61: 103.1259 | M61: 27.92423 | N61: 0.267161 | O61: 11.52611 | P61: 16.65586 | Q61: 16.65586 | R61: 24.19698 | S61: 24.21888 | T61: 11.52611 | U61: 16.65586 | V61: 16.65586 | W61: 24.19698 | X61: 24.21888 | Y61: 20.90441 | Z61: 0 | AA61: 14.48698 | AB61: 7.465654 | AC61: 5.877205 | AD61: 5.614885 | AE61: 11.65712 | AF61: 18.74552 | AG61: 20.01311 | AH61: 0 | AI61: 10.54511 | AJ61: 6.828357 | AK61: 3.655537 | AL61: #########
A62: Bakery_Unknown | B62: Buns & Rolls_Unknown | C62: Bakery | D62: Buns & Rolls | E62: Unknown | F62: 48 | G62: 0 | H62: 0 | I62: 0 | J62: 0 | K62: 0 | L62: 0 | M62: 0 | N62: 0 | O62: 0 | P62: 0 | Q62: 0 | R62: 0 | S62: 0 | T62: 0 | U62: 0 | V62: 0 | W62: 0 | X62: 0 | Y62: 0 | Z62: 0 | AA62: 14.48698 | AB62: 7.465654 | AC62: 5.877205 | AD62: 0 | AE62: 0 | AF62: 0 | AG62: 0 | AH62: 0 | AI62: 10.54511 | AJ62: 6.828357 | AK62: 3.655537 | AL62: #########
A63: Bakery_0-5 | B63: Croissants & Cakes_0-5 | C63: Bakery | D63: Croissants & Cakes | E63: 0-5 | F63: 29 | G63: 0 | H63: 26136 | I63: 0 | J63: 628.5 | K63: 660.0706 | L63: 702.8851 | M63: 310.2874 | N63: 0.470082 | O63: 4.111596 | P63: 11.0412 | Q63: 12.7667 | R63: 16.77816 | S63: 25.80424 | T63: 5.772564 | U63: 12.71977 | V63: 14.99456 | W63: 19.05935 | X63: 25.80424 | Y63: 22.76106 | Z63: 0 | AA63: 6.19744 | AB63: 4.338669 | AC63: 4.161072 | AD63: 20.03471 | AE63: 27.92084 | AF63: 37.12381 | AG63: 33.88672 | AH63: 0 | AI63: 10.54511 | AJ63: 6.828357 | AK63: 3.655537 | AL63: #########
A64: Bakery_10-15 | B64: Croissants & Cakes_10-15 | C64: Bakery | D64: Croissants & Cakes | E64: 46310 | F64: 24 | G64: 0 | H64: 3830 | I64: 0 | J64: 60.68749 | K64: 76.33268 | L64: 88.48319 | M64: 46.32781 | N64: 0.60692 | O64: 0 | P64: 0 | Q64: 0.409524 | R64: 2.811914 | S64: 3.329657 | T64: 0.467949 | U64: 1.772016 | V64: 2.811914 | W64: 3.284892 | X64: 4.105218 | Y64: 3.180529 | Z64: 0 | AA64: 6.19744 | AB64: 4.338669 | AC64: 4.161072 | AD64: 1.496146 | AE64: 5.723218 | AF64: 8.948624 | AG64: 10.09181 | AH64: 0 | AI64: 10.54511 | AJ64: 6.828357 | AK64: 3.655537 | AL64: #########
A65: Bakery_15-20 | B65: Croissants & Cakes_15-20 | C65: Bakery | D65: Croissants & Cakes | E65: 15-20 | F65: 11 | G65: 0 | H65: 3853 | I65: 0 | J65: 43.33626 | K65: 45.77179 | L65: 53.43553 | M65: 28.11679 | N65: 0.614282 | O65: 0.61978 | P65: 1.617929 | Q65: 1.653244 | R65: 3.587685 | S65: 4.170069 | T65: 0.61978 | U65: 1.617929 | V65: 1.653244 | W65: 3.587685 | X65: 4.170069 | Y65: 4.161072 | Z65: 0 | AA65: 6.19744 | AB65: 4.338669 | AC65: 4.161072 | AD65: 3.587685 | AE65: 5.142561 | AF65: 10.90349 | AG65: 5.877205 | AH65: 0 | AI65: 10.54511 | AJ65: 6.828357 | AK65: 3.655537 | AL65: #########
A66: Bakery_20-25 | B66: Croissants & Cakes_20-25 | C66: Bakery | D66: Croissants & Cakes | E66: 20-25 | F66: 1 | G66: 0 | H66: 308 | I66: 0 | J66: 16.27606 | K66: 13.84761 | L66: 11.82213 | M66: 13.84761 | N66: 1 | O66: 13.84761 | P66: 13.84761 | Q66: 13.84761 | R66: 13.84761 | S66: 13.84761 | T66: 13.84761 | U66: 13.84761 | V66: 13.84761 | W66: 13.84761 | X66: 13.84761 | Y66: 13.84761 | Z66: 0 | AA66: 6.19744 | AB66: 4.338669 | AC66: 4.161072 | AD66: 1.292957 | AE66: 3.710425 | AF66: 3.6047 | AG66: 2.90795 | AH66: 0 | AI66: 10.54511 | AJ66: 6.828357 | AK66: 3.655537 | AL66: #########
A67: Bakery_25+ | B67: Croissants & Cakes_25+ | C67: Bakery | D67: Croissants & Cakes | E67: 25+ | F67: 7 | G67: 0 | H67: 522 | I67: 0 | J67: 14.00541 | K67: 15.11303 | L67: 15.27157 | M67: 10.37624 | N67: 0.686576 | O67: 0 | P67: 0 | Q67: 0 | R67: 2.039685 | S67: 2.697105 | T67: 2.039685 | U67: 2.039685 | V67: 2.697105 | W67: 4.466562 | X67: 4.466562 | Y67: 2.159004 | Z67: 0 | AA67: 6.19744 | AB67: 4.338669 | AC67: 4.161072 | AD67: 2.088049 | AE67: 3.187913 | AF67: 3.780361 | AG67: 2.670885 | AH67: 0 | AI67: 10.54511 | AJ67: 6.828357 | AK67: 3.655537 | AL67: #########
A68: Bakery_5-10 | B68: Croissants & Cakes_5-10 | C68: Bakery | D68: Croissants & Cakes | E68: 46300 | F68: 14 | G68: 0 | H68: 7460 | I68: 0 | J68: 131.8585 | K68: 143.3715 | L68: 177.9509 | M68: 118.212 | N68: 0.824515 | O68: 0 | P68: 0.1 | Q68: 0.533333 | R68: 1.953486 | S68: 6.532234 | T68: 0.392857 | U68: 0.533333 | V68: 1.1 | W68: 6.404376 | X68: 6.593191 | Y68: 10.24082 | Z68: 0 | AA68: 6.19744 | AB68: 4.338669 | AC68: 4.161072 | AD68: 5.614885 | AE68: 11.65712 | AF68: 18.74552 | AG68: 20.01311 | AH68: 0 | AI68: 10.54511 | AJ68: 6.828357 | AK68: 3.655537 | AL68: #########
A69: Bakery_Unknown | B69: Croissants & Cakes_Unknown | C69: Bakery | D69: Croissants & Cakes | E69: Unknown | F69: 134 | G69: 3 | H69: 36 | I69: 36 | J69: 0 | K69: 0 | L69: 0 | M69: 0 | N69: 0 | O69: 0 | P69: 0 | Q69: 0 | R69: 0 | S69: 0 | T69: 0 | U69: 0 | V69: 0 | W69: 0 | X69: 0 | Y69: 0 | Z69: 0 | AA69: 6.19744 | AB69: 4.338669 | AC69: 4.161072 | AD69: 0 | AE69: 0 | AF69: 0 | AG69: 0 | AH69: 0 | AI69: 10.54511 | AJ69: 6.828357 | AK69: 3.655537 | AL69: #########
A70: Bakery_0-5 | B70: Fresh Bakery_0-5 | C70: Bakery | D70: Fresh Bakery | E70: 0-5 | F70: 17 | G70: 0 | H70: 1573 | I70: 0 | J70: 400.3883 | K70: 367.3276 | L70: 334.3451 | M70: 306.6338 | N70: 0.834769 | O70: 0 | P70: 0 | Q70: 0 | R70: 0 | S70: 13.08519 | T70: 11.59901 | U70: 13.08519 | V70: 36.00952 | W70: 37.8462 | X70: 56.50038 | Y70: 21.6075 | Z70: 0 | AA70: 21.07859 | AB70: 5.990908 | AC70: 12.35083 | AD70: 20.03471 | AE70: 27.92084 | AF70: 37.12381 | AG70: 33.88672 | AH70: 0 | AI70: 10.54511 | AJ70: 6.828357 | AK70: 3.655537 | AL70: #########
A71: Bakery_10-15 | B71: Fresh Bakery_10-15 | C71: Bakery | D71: Fresh Bakery | E71: 46310 | F71: 64 | G71: 0 | H71: 2855 | I71: 0 | J71: 773.9233 | K71: 790.4529 | L71: 755.951 | M71: 684.152 | N71: 0.865519 | O71: 0 | P71: 0 | Q71: 0 | R71: 0 | S71: 6.995824 | T71: 2.5 | U71: 6.892386 | V71: 9.903332 | W71: 24.85713 | X71: 30.60847 | Y71: 12.35083 | Z71: 0 | AA71: 21.07859 | AB71: 5.990908 | AC71: 12.35083 | AD71: 1.496146 | AE71: 5.723218 | AF71: 8.948624 | AG71: 10.09181 | AH71: 0 | AI71: 10.54511 | AJ71: 6.828357 | AK71: 3.655537 | AL71: #########
A72: Bakery_15-20 | B72: Fresh Bakery_15-20 | C72: Bakery | D72: Fresh Bakery | E72: 15-20 | F72: 25 | G72: 0 | H72: 1100 | I72: 0 | J72: 419.7384 | K72: 418.9365 | L72: 406.3576 | M72: 371.4041 | N72: 0.88654 | O72: 0 | P72: 0 | Q72: 0 | R72: 0 | S72: 8.879791 | T72: 7.428397 | U72: 8.879791 | V72: 9.478979 | W72: 20.42055 | X72: 24.9751 | Y72: 16.75746 | Z72: 0 | AA72: 21.07859 | AB72: 5.990908 | AC72: 12.35083 | AD72: 3.587685 | AE72: 5.142561 | AF72: 10.90349 | AG72: 5.877205 | AH72: 0 | AI72: 10.54511 | AJ72: 6.828357 | AK72: 3.655537 | AL72: #########
A73: Bakery_20-25 | B73: Fresh Bakery_20-25 | C73: Bakery | D73: Fresh Bakery | E73: 20-25 | F73: 14 | G73: 0 | H73: 430 | I73: 0 | J73: 35.01416 | K73: 38.75966 | L73: 37.20282 | M73: 37.75966 | N73: 0.9742 | O73: 0 | P73: 0 | Q73: 0 | R73: 0 | S73: 0 | T73: 1 | U73: 1 | V73: 1.863952 | W73: 7.342171 | X73: 7.342171 | Y73: 2.768547 | Z73: 0 | AA73: 21.07859 | AB73: 5.990908 | AC73: 12.35083 | AD73: 1.292957 | AE73: 3.710425 | AF73: 3.6047 | AG73: 2.90795 | AH73: 0 | AI73: 10.54511 | AJ73: 6.828357 | AK73: 3.655537 | AL73: #########
A74: Bakery_25+ | B74: Fresh Bakery_25+ | C74: Bakery | D74: Fresh Bakery | E74: 25+ | F74: 7 | G74: 0 | H74: 420 | I74: 0 | J74: 73.01544 | K74: 72.34524 | L74: 71.5723 | M74: 31.91771 | N74: 0.441186 | O74: 0 | P74: 6.944719 | Q74: 8.358922 | R74: 12.36208 | S74: 12.76181 | T74: 6.944719 | U74: 8.358922 | V74: 8.358922 | W74: 12.76181 | X74: 13.16164 | Y74: 10.33503 | Z74: 0 | AA74: 21.07859 | AB74: 5.990908 | AC74: 12.35083 | AD74: 2.088049 | AE74: 3.187913 | AF74: 3.780361 | AG74: 2.670885 | AH74: 0 | AI74: 10.54511 | AJ74: 6.828357 | AK74: 3.655537 | AL74: #########
A75: Bakery_5-10 | B75: Fresh Bakery_5-10 | C75: Bakery | D75: Fresh Bakery | E75: 46300 | F75: 64 | G75: 0 | H75: 3672 | I75: 0 | J75: 1260.701 | K75: 1271.687 | L75: 1174.393 | M75: 1101.616 | N75: 0.866264 | O75: 0 | P75: 0 | Q75: 0 | R75: 0 | S75: 11.90842 | T75: 6.740035 | U75: 11.50732 | V75: 12.05729 | W75: 29.2748 | X75: 41.88019 | Y75: 19.8701 | Z75: 0 | AA75: 21.07859 | AB75: 5.990908 | AC75: 12.35083 | AD75: 5.614885 | AE75: 11.65712 | AF75: 18.74552 | AG75: 20.01311 | AH75: 0 | AI75: 10.54511 | AJ75: 6.828357 | AK75: 3.655537 | AL75: #########
A76: Bakery_Unknown | B76: Fresh Bakery_Unknown | C76: Bakery | D76: Fresh Bakery | E76: Unknown | F76: 303 | G76: 2 | H76: 6 | I76: 6 | J76: 0 | K76: 0 | L76: 0 | M76: 0 | N76: 0 | O76: 0 | P76: 0 | Q76: 0 | R76: 0 | S76: 0 | T76: 0 | U76: 0 | V76: 0 | W76: 0 | X76: 0 | Y76: 0 | Z76: 0 | AA76: 21.07859 | AB76: 5.990908 | AC76: 12.35083 | AD76: 0 | AE76: 0 | AF76: 0 | AG76: 0 | AH76: 0 | AI76: 10.54511 | AJ76: 6.828357 | AK76: 3.655537 | AL76: #########
A77: Bakery_5-10 | B77: Parathas & Dosas_5-10 | C77: Bakery | D77: Parathas & Dosas | E77: 46300 | F77: 11 | G77: 0 | H77: 4140 | I77: 0 | J77: 261.2958 | K77: 250.5293 | L77: 245.1572 | M77: 187.9761 | N77: 0.750316 | O77: 3.344553 | P77: 3.654411 | Q77: 7.52296 | R77: 8.828266 | S77: 16.32575 | T77: 3.344553 | U77: 3.654411 | V77: 7.52296 | W77: 8.828266 | X77: 16.32575 | Y77: 22.77539 | Z77: 0 | AA77: 8.828266 | AB77: 10.43872 | AC77: 22.77539 | AD77: 5.614885 | AE77: 11.65712 | AF77: 18.74552 | AG77: 20.01311 | AH77: 0 | AI77: 10.54511 | AJ77: 6.828357 | AK77: 3.655537 | AL77: #########
A78: Bakery_Unknown | B78: Parathas & Dosas_Unknown | C78: Bakery | D78: Parathas & Dosas | E78: Unknown | F78: 13 | G78: 0 | H78: 0 | I78: 0 | J78: 0 | K78: 0 | L78: 0 | M78: 0 | N78: 0 | O78: 0 | P78: 0 | Q78: 0 | R78: 0 | S78: 0 | T78: 0 | U78: 0 | V78: 0 | W78: 0 | X78: 0 | Y78: 0 | Z78: 0 | AA78: 8.828266 | AB78: 10.43872 | AC78: 22.77539 | AD78: 0 | AE78: 0 | AF78: 0 | AG78: 0 | AH78: 0 | AI78: 10.54511 | AJ78: 6.828357 | AK78: 3.655537 | AL78: #########
A79: Bakery_Unknown | B79: Puff Pastry, Dough & Pizza Bases_Unknown | C79: Bakery | D79: Puff Pastry, Dough & Pizza Bases | E79: Unknown | F79: 4 | G79: 0 | H79: 0 | I79: 0 | J79: 0 | K79: 0 | L79: 0 | M79: 0 | N79: 0 | O79: 0 | P79: 0 | Q79: 0 | R79: 0 | S79: 0 | T79: 0 | U79: 0 | V79: 0 | W79: 0 | X79: 0 | Y79: 0 | Z79: 0 | AA79: 0 | AB79: 0 | AC79: 0 | AD79: 0 | AE79: 0 | AF79: 0 | AG79: 0 | AH79: 0 | AI79: 10.54511 | AJ79: 6.828357 | AK79: 3.655537 | AL79: #########
A80: Bakery_0-5 | B80: Rusks, Crispbread & Crackers_0-5 | C80: Bakery | D80: Rusks, Crispbread & Crackers | E80: 0-5 | F80: 14 | G80: 0 | H80: 17986 | I80: 0 | J80: 219.6456 | K80: 228.4796 | L80: 253.6051 | M80: 130.0949 | N80: 0.569394 | O80: 0 | P80: 0 | Q80: 0 | R80: 12.18669 | S80: 23.98885 | T80: 6.70941 | U80: 9.312072 | V80: 12.18669 | W80: 23.98885 | X80: 38.08519 | Y80: 16.31997 | Z80: 0 | AA80: 3.354309 | AB80: 3.376278 | AC80: 1.851297 | AD80: 20.03471 | AE80: 27.92084 | AF80: 37.12381 | AG80: 33.88672 | AH80: 0 | AI80: 10.54511 | AJ80: 6.828357 | AK80: 3.655537 | AL80: #########
A81: Bakery_10-15 | B81: Rusks, Crispbread & Crackers_10-15 | C81: Bakery | D81: Rusks, Crispbread & Crackers | E81: 46310 | F81: 13 | G81: 0 | H81: 3039 | I81: 0 | J81: 28.998 | K81: 30.79437 | L81: 29.75949 | M81: 16.36411 | N81: 0.531399 | O81: 0 | P81: 0 | Q81: 0.766667 | R81: 2.417171 | S81: 3.070863 | T81: 1.046961 | U81: 1.802955 | V81: 2.417171 | W81: 2.688889 | X81: 4.268671 | Y81: 2.368798 | Z81: 0 | AA81: 3.354309 | AB81: 3.376278 | AC81: 1.851297 | AD81: 1.496146 | AE81: 5.723218 | AF81: 8.948624 | AG81: 10.09181 | AH81: 0 | AI81: 10.54511 | AJ81: 6.828357 | AK81: 3.655537 | AL81: #########
A82: Bakery_15-20 | B82: Rusks, Crispbread & Crackers_15-20 | C82: Bakery | D82: Rusks, Crispbread & Crackers | E82: 15-20 | F82: 4 | G82: 0 | H82: 1023 | I82: 0 | J82: 1.868254 | K82: 2.500659 | L82: 2.211202 | M82: 1.067326 | N82: 0.426818 | O82: 0.4 | P82: 0.4 | Q82: 0.433333 | R82: 0.6 | S82: 0.6 | T82: 0.4 | U82: 0.4 | V82: 0.433333 | W82: 0.6 | X82: 0.6 | Y82: 0.625165 | Z82: 0 | AA82: 3.354309 | AB82: 3.376278 | AC82: 1.851297 | AD82: 3.587685 | AE82: 5.142561 | AF82: 10.90349 | AG82: 5.877205 | AH82: 0 | AI82: 10.54511 | AJ82: 6.828357 | AK82: 3.655537 | AL82: #########
A83: Bakery_20-25 | B83: Rusks, Crispbread & Crackers_20-25 | C83: Bakery | D83: Rusks, Crispbread & Crackers | E83: 20-25 | F83: 2 | G83: 0 | H83: 369 | I83: 0 | J83: 2.588492 | K83: 3.702594 | L83: 3.008541 | M83: 2.409636 | N83: 0.650797 | O83: 1.292957 | P83: 1.292957 | Q83: 1.292957 | R83: 2.409636 | S83: 2.409636 | T83: 1.292957 | U83: 1.292957 | V83: 1.292957 | W83: 2.409636 | X83: 2.409636 | Y83: 1.851297 | Z83: 0 | AA83: 3.354309 | AB83: 3.376278 | AC83: 1.851297 | AD83: 1.292957 | AE83: 3.710425 | AF83: 3.6047 | AG83: 2.90795 | AH83: 0 | AI83: 10.54511 | AJ83: 6.828357 | AK83: 3.655537 | AL83: #########
A84: Bakery_25+ | B84: Rusks, Crispbread & Crackers_25+ | C84: Bakery | D84: Rusks, Crispbread & Crackers | E84: 25+ | F84: 3 | G84: 0 | H84: 773 | I84: 0 | J84: 4.253247 | K84: 4.253357 | L84: 4.766814 | M84: 1.616585 | N84: 0.380073 | O84: 1.120106 | P84: 1.120106 | Q84: 1.120106 | R84: 1.516667 | S84: 1.616585 | T84: 1.120106 | U84: 1.120106 | V84: 1.120106 | W84: 1.516667 | X84: 1.616585 | Y84: 1.417786 | Z84: 0 | AA84: 3.354309 | AB84: 3.376278 | AC84: 1.851297 | AD84: 2.088049 | AE84: 3.187913 | AF84: 3.780361 | AG84: 2.670885 | AH84: 0 | AI84: 10.54511 | AJ84: 6.828357 | AK84: 3.655537 | AL84: #########
A85: Bakery_5-10 | B85: Rusks, Crispbread & Crackers_5-10 | C85: Bakery | D85: Rusks, Crispbread & Crackers | E85: 46300 | F85: 7 | G85: 0 | H85: 1598 | I85: 0 | J85: 17.69106 | K85: 20.62933 | L85: 20.70879 | M85: 13.83251 | N85: 0.670526 | O85: 0 | P85: 0 | Q85: 0 | R85: 3.354309 | S85: 3.442512 | T85: 3.354309 | U85: 3.354309 | V85: 3.442512 | W85: 5.518998 | X85: 5.518998 | Y85: 2.947047 | Z85: 0 | AA85: 3.354309 | AB85: 3.376278 | AC85: 1.851297 | AD85: 5.614885 | AE85: 11.65712 | AF85: 18.74552 | AG85: 20.01311 | AH85: 0 | AI85: 10.54511 | AJ85: 6.828357 | AK85: 3.655537 | AL85: #########
A86: Bakery_Unknown | B86: Rusks, Crispbread & Crackers_Unknown | C86: Bakery | D86: Rusks, Crispbread & Crackers | E86: Unknown | F86: 43 | G86: 0 | H86: 0 | I86: 0 | J86: 0 | K86: 0 | L86: 0 | M86: 0 | N86: 0 | O86: 0 | P86: 0 | Q86: 0 | R86: 0 | S86: 0 | T86: 0 | U86: 0 | V86: 0 | W86: 0 | X86: 0 | Y86: 0 | Z86: 0 | AA86: 3.354309 | AB86: 3.376278 | AC86: 1.851297 | AD86: 0 | AE86: 0 | AF86: 0 | AG86: 0 | AH86: 0 | AI86: 10.54511 | AJ86: 6.828357 | AK86: 3.655537 | AL86: #########
A87: Bakery_0-5 | B87: Sliced Bread_0-5 | C87: Bakery | D87: Sliced Bread | E87: 0-5 | F87: 9 | G87: 0 | H87: 5209 | I87: 0 | J87: 1241.741 | K87: 1239.469 | L87: 1257.238 | M87: 720.4145 | N87: 0.581228 | O87: 19.37813 | P87: 28.74855 | Q87: 32.04884 | R87: 109.1153 | S87: 170.2409 | T87: 19.37813 | U87: 28.74855 | V87: 32.04884 | W87: 109.1153 | X87: 170.2409 | Y87: 137.7188 | Z87: 0 | AA87: 16.58294 | AB87: 19.5437 | AC87: 10.09181 | AD87: 20.03471 | AE87: 27.92084 | AF87: 37.12381 | AG87: 33.88672 | AH87: 0 | AI87: 10.54511 | AJ87: 6.828357 | AK87: 3.655537 | AL87: #########
A88: Bakery_10-15 | B88: Sliced Bread_10-15 | C88: Bakery | D88: Sliced Bread | E88: 46310 | F88: 3 | G88: 0 | H88: 319 | I88: 0 | J88: 27.1271 | K88: 30.27543 | L88: 33.40073 | M88: 16.58294 | N88: 0.547736 | O88: 4.977591 | P88: 4.977591 | Q88: 4.977591 | R88: 8.714901 | S88: 16.58294 | T88: 4.977591 | U88: 4.977591 | V88: 4.977591 | W88: 8.714901 | X88: 16.58294 | Y88: 10.09181 | Z88: 0 | AA88: 16.58294 | AB88: 19.5437 | AC88: 10.09181 | AD88: 1.496146 | AE88: 5.723218 | AF88: 8.948624 | AG88: 10.09181 | AH88: 0 | AI88: 10.54511 | AJ88: 6.828357 | AK88: 3.655537 | AL88: #########
A89: Bakery_15-20 | B89: Sliced Bread_15-20 | C89: Bakery | D89: Sliced Bread | E89: 15-20 | F89: 7 | G89: 0 | H89: 2909 | I89: 0 | J89: 123.0677 | K89: 126.2923 | L89: 129.485 | M89: 93.15678 | N89: 0.737628 | O89: 0 | P89: 4.541545 | Q89: 5.142561 | R89: 7.720382 | S89: 15.73101 | T89: 4.541545 | U89: 5.142561 | V89: 5.142561 | W89: 15.73101 | X89: 24.85335 | Y89: 18.04175 | Z89: 0 | AA89: 16.58294 | AB89: 19.5437 | AC89: 10.09181 | AD89: 3.587685 | AE89: 5.142561 | AF89: 10.90349 | AG89: 5.877205 | AH89: 0 | AI89: 10.54511 | AJ89: 6.828357 | AK89: 3.655537 | AL89: #########
A90: Bakery_20-25 | B90: Sliced Bread_20-25 | C90: Bakery | D90: Sliced Bread | E90: 20-25 | F90: 4 | G90: 0 | H90: 1467 | I90: 0 | J90: 13.77194 | K90: 14.73121 | L90: 16.8095 | M90: 4.909347 | N90: 0.333262 | O90: 2.999298 | P90: 2.999298 | Q90: 3.112135 | R90: 3.710425 | S90: 3.710425 | T90: 2.999298 | U90: 2.999298 | V90: 3.112135 | W90: 3.710425 | X90: 3.710425 | Y90: 3.682801 | Z90: 0 | AA90: 16.58294 | AB90: 19.5437 | AC90: 10.09181 | AD90: 1.292957 | AE90: 3.710425 | AF90: 3.6047 | AG90: 2.90795 | AH90: 0 | AI90: 10.54511 | AJ90: 6.828357 | AK90: 3.655537 | AL90: #########
A91: Bakery_25+ | B91: Sliced Bread_25+ | C91: Bakery | D91: Sliced Bread | E91: 25+ | F91: 2 | G91: 0 | H91: 241 | I91: 0 | J91: 5.685426 | K91: 5.34177 | L91: 6.70003 | M91: 3.187913 | N91: 0.59679 | O91: 2.153857 | P91: 2.153857 | Q91: 2.153857 | R91: 3.187913 | S91: 3.187913 | T91: 2.153857 | U91: 2.153857 | V91: 2.153857 | W91: 3.187913 | X91: 3.187913 | Y91: 2.670885 | Z91: 0 | AA91: 16.58294 | AB91: 19.5437 | AC91: 10.09181 | AD91: 2.088049 | AE91: 3.187913 | AF91: 3.780361 | AG91: 2.670885 | AH91: 0 | AI91: 10.54511 | AJ91: 6.828357 | AK91: 3.655537 | AL91: #########
A92: Bakery_5-10 | B92: Sliced Bread_5-10 | C92: Bakery | D92: Sliced Bread | E92: 46300 | F92: 13 | G92: 0 | H92: 4096 | I92: 0 | J92: 353.6579 | K92: 362.3667 | L92: 388.8018 | M92: 244.3399 | N92: 0.674289 | O92: 1.683333 | P92: 5.567766 | Q92: 7.507091 | R92: 11.57307 | S92: 29.01931 | T92: 5.567766 | U92: 7.507091 | V92: 7.779296 | W92: 18.36681 | X92: 29.01931 | Y92: 27.87436 | Z92: 0 | AA92: 16.58294 | AB92: 19.5437 | AC92: 10.09181 | AD92: 5.614885 | AE92: 11.65712 | AF92: 18.74552 | AG92: 20.01311 | AH92: 0 | AI92: 10.54511 | AJ92: 6.828357 | AK92: 3.655537 | AL92: #########
A93: Bakery_Unknown | B93: Sliced Bread_Unknown | C93: Bakery | D93: Sliced Bread | E93: Unknown | F93: 53 | G93: 3 | H93: 23 | I93: 23 | J93: 0 | K93: 0 | L93: 0 | M93: 0 | N93: 0 | O93: 0 | P93: 0 | Q93: 0 | R93: 0 | S93: 0 | T93: 0 | U93: 0 | V93: 0 | W93: 0 | X93: 0 | Y93: 0 | Z93: 0 | AA93: 16.58294 | AB93: 19.5437 | AC93: 10.09181 | AD93: 0 | AE93: 0 | AF93: 0 | AG93: 0 | AH93: 0 | AI93: 10.54511 | AJ93: 6.828357 | AK93: 3.655537 | AL93: #########
A94: Bakery_10-15 | B94: Tortillas & Wraps_10-15 | C94: Bakery | D94: Tortillas & Wraps | E94: 46310 | F94: 9 | G94: 0 | H94: 6025 | I94: 0 | J94: 103.4935 | K94: 104.4595 | L94: 110.2968 | M94: 58.71868 | N94: 0.562119 | O94: 1.85867 | P94: 2.996544 | Q94: 3.436257 | R94: 9.569167 | S94: 12.21008 | T94: 1.85867 | U94: 2.996544 | V94: 3.436257 | W94: 9.569167 | X94: 12.21008 | Y94: 11.60661 | Z94: 0.775275 | AA94: 4.628213 | AB94: 5.646058 | AC94: 3.655537 | AD94: 1.496146 | AE94: 5.723218 | AF94: 8.948624 | AG94: 10.09181 | AH94: 0 | AI94: 10.54511 | AJ94: 6.828357 | AK94: 3.655537 | AL94: #########
A95: Bakery_15-20 | B95: Tortillas & Wraps_15-20 | C95: Bakery | D95: Tortillas & Wraps | E95: 15-20 | F95: 4 | G95: 0 | H95: 1619 | I95: 0 | J95: 16.74095 | K95: 13.56215 | L95: 13.69901 | M95: 4.752949 | N95: 0.350457 | O95: 1.999582 | P95: 1.999582 | Q95: 3.032329 | R95: 3.777285 | S95: 3.777285 | T95: 1.999582 | U95: 1.999582 | V95: 3.032329 | W95: 3.777285 | X95: 3.777285 | Y95: 3.390536 | Z95: 0.775275 | AA95: 4.628213 | AB95: 5.646058 | AC95: 3.655537 | AD95: 3.587685 | AE95: 5.142561 | AF95: 10.90349 | AG95: 5.877205 | AH95: 0 | AI95: 10.54511 | AJ95: 6.828357 | AK95: 3.655537 | AL95: #########
A96: Bakery_20-25 | B96: Tortillas & Wraps_20-25 | C96: Bakery | D96: Tortillas & Wraps | E96: 20-25 | F96: 3 | G96: 0 | H96: 817 | I96: 0 | J96: 8.622655 | K96: 8.723849 | L96: 9.257158 | M96: 4.628213 | N96: 0.530524 | O96: 0.775275 | P96: 0.775275 | Q96: 0.775275 | R96: 3.320361 | S96: 4.628213 | T96: 0.775275 | U96: 0.775275 | V96: 0.775275 | W96: 3.320361 | X96: 4.628213 | Y96: 2.90795 | Z96: 0.775275 | AA96: 4.628213 | AB96: 5.646058 | AC96: 3.655537 | AD96: 1.292957 | AE96: 3.710425 | AF96: 3.6047 | AG96: 2.90795 | AH96: 0 | AI96: 10.54511 | AJ96: 6.828357 | AK96: 3.655537 | AL96: #########
A97: Bakery_25+ | B97: Tortillas & Wraps_25+ | C97: Bakery | D97: Tortillas & Wraps | E97: 25+ | F97: 1 | G97: 0 | H97: 346 | I97: 0 | J97: 3.532967 | K97: 3.655537 | L97: 4.119311 | M97: 3.655537 | N97: 1 | O97: 3.655537 | P97: 3.655537 | Q97: 3.655537 | R97: 3.655537 | S97: 3.655537 | T97: 3.655537 | U97: 3.655537 | V97: 3.655537 | W97: 3.655537 | X97: 3.655537 | Y97: 3.655537 | Z97: 0.775275 | AA97: 4.628213 | AB97: 5.646058 | AC97: 3.655537 | AD97: 2.088049 | AE97: 3.187913 | AF97: 3.780361 | AG97: 2.670885 | AH97: 0 | AI97: 10.54511 | AJ97: 6.828357 | AK97: 3.655537 | AL97: #########
A98: Bakery_5-10 | B98: Tortillas & Wraps_5-10 | C98: Bakery | D98: Tortillas & Wraps | E98: 46300 | F98: 9 | G98: 0 | H98: 11228 | I98: 0 | J98: 149.8054 | K98: 146.2558 | L98: 155.4098 | M98: 85.628 | N98: 0.585467 | O98: 0 | P98: 1.772669 | Q98: 2.270814 | R98: 10.16018 | S98: 26.26124 | T98: 1.772669 | U98: 2.270814 | V98: 9.446077 | W98: 10.71686 | X98: 26.26124 | Y98: 16.25065 | Z98: 0.775275 | AA98: 4.628213 | AB98: 5.646058 | AC98: 3.655537 | AD98: 5.614885 | AE98: 11.65712 | AF98: 18.74552 | AG98: 20.01311 | AH98: 0 | AI98: 10.54511 | AJ98: 6.828357 | AK98: 3.655537 | AL98: #########
A99: Bakery_Unknown | B99: Tortillas & Wraps_Unknown | C99: Bakery | D99: Tortillas & Wraps | E99: Unknown | F99: 23 | G99: 0 | H99: 0 | I99: 0 | J99: 0 | K99: 0 | L99: 0 | M99: 0 | N99: 0 | O99: 0 | P99: 0 | Q99: 0 | R99: 0 | S99: 0 | T99: 0 | U99: 0 | V99: 0 | W99: 0 | X99: 0 | Y99: 0 | Z99: 0.775275 | AA99: 4.628213 | AB99: 5.646058 | AC99: 3.655537 | AD99: 0 | AE99: 0 | AF99: 0 | AG99: 0 | AH99: 0 | AI99: 10.54511 | AJ99: 6.828357 | AK99: 3.655537 | AL99: #########
A100: Baking Ingredients_0-5 | B100: Baking Agents_0-5 | C100: Baking Ingredients | D100: Baking Agents | E100: 0-5 | F100: 9 | G100: 1 | H100: 1214 | I100: 160 | J100: 80.05869 | K100: 70.83665 | L100: 57.81924 | M100: 48.37263 | N100: 0.682876 | O100: 0 | P100: 0 | Q100: 0 | R100: 1.65 | S100: 13.68553 | T100: 1.65 | U100: 7.128486 | V100: 7.128486 | W100: 13.68553 | X100: 14.65544 | Y100: 7.870738 | Z100: 0 | AA100: 3.189308 | AB100: 3.033021 | AC100: 5.06322 | AD100: 1.783333 | AE100: 7.151526 | AF100: 8.08643 | AG100: 7.870738 | AH100: 0 | AI100: 2.440013 | AJ100: 2.736879 | AK100: 2.172201 | AL100: #########
...

Sheet Copy of Refrence Data
A1: Category_ASP Key | B1: Subcat_ASP Key | C1: Parent Category | D1: Sub Category | E1: ASP Bucket | F1: Count of SKUs (Onhand >0) | G1: Count of Non-Moving SKUs | H1: Total Onhand | I1: Non-Moving Onhand | J1: Total ROS (L14D) | K1: Total ROS (L30D) | L1: Total ROS (L60D) | M1: ROS of Top 20% SKUs | N1: Concentration Index | O1: P10 ROS (All) | P1: P20 ROS (All) | Q1: P30 ROS (All) | R1: P50 ROS (All) | S1: P70 ROS (All) | T1: P10 ROS (Moving) | U1: P20 ROS (Moving) | V1: P30 ROS (Moving) | W1: P50 ROS (Moving) | X1: P70 ROS (Moving) | Y1: SKU Efficiency | Z1: Sub Category P50 ROS (All) | AA1: Sub Category P50 ROS (Moving) | AB1: Sub Category SKU Efficiency | AC1: Sub Category Median SKU Efficiency | AD1: Category-ASP P50 ROS (All) | AE1: Category-ASP P50 ROS (Moving) | AF1: Category-ASP SKU Efficiency | AG1: Category-ASP Median SKU Efficiency | AH1: Parent Category P50 ROS (All) | AI1: Parent Category P50 ROS (Moving) | AJ1: Parent Category SKU Efficiency | AK1: Parent Category Median SKU Efficiency | AL1: Run Date
A2: _10-15 | B2: _10-15 | E2: 46310 | F2: 7 | G2: 0 | H2: 2231 | I2: 0 | J2: 1.714286 | K2: 2.411099 | L2: 3.565624 | M2: 2.411099 | N2: 1 | O2: 2.411099 | P2: 2.411099 | Q2: 2.411099 | R2: 2.411099 | S2: 2.411099 | T2: 2.411099 | U2: 2.411099 | V2: 2.411099 | W2: 2.411099 | X2: 2.411099 | Y2: 2.411099 | Z2: 0 | AA2: 2.411099 | AB2: 0.077777 | AC2: 0 | AD2: 2.411099 | AE2: 2.411099 | AF2: 2.411099 | AG2: 2.411099 | AH2: 0 | AI2: 2.411099 | AJ2: 0.077777 | AK2: 0 | AL2: #########
A3: _15-20 | B3: _15-20 | E3: 15-20 | F3: 6 | G3: 0 | H3: 1884 | I3: 0 | J3: 0 | K3: 0 | L3: 0 | M3: 0 | N3: 0 | O3: 0 | P3: 0 | Q3: 0 | R3: 0 | S3: 0 | T3: 0 | U3: 0 | V3: 0 | W3: 0 | X3: 0 | Y3: 0 | Z3: 0 | AA3: 2.411099 | AB3: 0.077777 | AC3: 0 | AD3: 0 | AE3: 0 | AF3: 0 | AG3: 0 | AH3: 0 | AI3: 2.411099 | AJ3: 0.077777 | AK3: 0 | AL3: #########
A4: _20-25 | B4: _20-25 | E4: 20-25 | F4: 4 | G4: 0 | H4: 717 | I4: 0 | J4: 0 | K4: 0 | L4: 0 | M4: 0 | N4: 0 | O4: 0 | P4: 0 | Q4: 0 | R4: 0 | S4: 0 | T4: 0 | U4: 0 | V4: 0 | W4: 0 | X4: 0 | Y4: 0 | Z4: 0 | AA4: 2.411099 | AB4: 0.077777 | AC4: 0 | AD4: 0 | AE4: 0 | AF4: 0 | AG4: 0 | AH4: 0 | AI4: 2.411099 | AJ4: 0.077777 | AK4: 0 | AL4: #########
A5: _25+ | B5: _25+ | E5: 25+ | F5: 45 | G5: 36 | H5: 72830 | I5: 71894 | J5: 0 | K5: 0 | L5: 0 | M5: 0 | N5: 0 | O5: 0 | P5: 0 | Q5: 0 | R5: 0 | S5: 0 | T5: 0 | U5: 0 | V5: 0 | W5: 0 | X5: 0 | Y5: 0 | Z5: 0 | AA5: 2.411099 | AB5: 0.077777 | AC5: 0 | AD5: 0 | AE5: 0 | AF5: 0 | AG5: 0 | AH5: 0 | AI5: 2.411099 | AJ5: 0.077777 | AK5: 0 | AL5: #########
A6: _5-10 | B6: _5-10 | E6: 46300 | F6: 2 | G6: 0 | H6: 1416 | I6: 0 | J6: 0 | K6: 0 | L6: 0 | M6: 0 | N6: 0 | O6: 0 | P6: 0 | Q6: 0 | R6: 0 | S6: 0 | T6: 0 | U6: 0 | V6: 0 | W6: 0 | X6: 0 | Y6: 0 | Z6: 0 | AA6: 2.411099 | AB6: 0.077777 | AC6: 0 | AD6: 0 | AE6: 0 | AF6: 0 | AG6: 0 | AH6: 0 | AI6: 2.411099 | AJ6: 0.077777 | AK6: 0 | AL6: #########
A7: _Unknown | B7: _Unknown | E7: Unknown | F7: 27 | G7: 27 | H7: 174 | I7: 174 | J7: 0 | K7: 0 | L7: 0 | M7: 0 | N7: 0 | O7: 0 | P7: 0 | Q7: 0 | R7: 0 | S7: 0 | T7: 0 | U7: 0 | V7: 0 | W7: 0 | X7: 0 | Y7: 0 | Z7: 0 | AA7: 2.411099 | AB7: 0.077777 | AC7: 0 | AD7: 0 | AE7: 0 | AF7: 0 | AG7: 0 | AH7: 0 | AI7: 2.411099 | AJ7: 0.077777 | AK7: 0 | AL7: #########
A8: Adult Care_20-25 | B8: Accessories_20-25 | C8: Adult Care | D8: Accessories | E8: 20-25 | F8: 1 | G8: 0 | H8: 4 | I8: 0 | J8: 0 | K8: 0 | L8: 0 | M8: 0 | N8: 0 | O8: 0 | P8: 0 | Q8: 0 | R8: 0 | S8: 0 | T8: 0 | U8: 0 | V8: 0 | W8: 0 | X8: 0 | Y8: 0 | Z8: 0 | AA8: 0.090909 | AB8: 0.030303 | AC8: 0 | AD8: 0 | AE8: 0 | AF8: 0 | AG8: 0 | AH8: 3.468971 | AI8: 3.642425 | AJ8: 4.143407 | AK8: 0 | AL8: #########
A9: Adult Care_25+ | B9: Accessories_25+ | C9: Adult Care | D9: Accessories | E9: 25+ | F9: 6 | G9: 3 | H9: 125 | I9: 37 | J9: 0 | K9: 0.090909 | L9: 1.224026 | M9: 0.090909 | N9: 1 | O9: 0.090909 | P9: 0.090909 | Q9: 0.090909 | R9: 0.090909 | S9: 0.090909 | T9: 0.090909 | U9: 0.090909 | V9: 0.090909 | W9: 0.090909 | X9: 0.090909 | Y9: 0.090909 | Z9: 0 | AA9: 0.090909 | AB9: 0.030303 | AC9: 0 | AD9: 3.642425 | AE9: 4.056103 | AF9: 4.778612 | AG9: 4.236362 | AH9: 3.468971 | AI9: 3.642425 | AJ9: 4.143407 | AK9: 0 | AL9: #########
A10: Gaming_25+ | B10: Accessories_25+ | C10: Gaming | D10: Accessories | E10: 25+ | F10: 6 | G10: 5 | H10: 143 | I10: 14 | J10: 0 | K10: 0 | L10: 0 | M10: 0 | N10: 0 | O10: 0 | P10: 0 | Q10: 0 | R10: 0 | S10: 0 | T10: 0 | U10: 0 | V10: 0 | W10: 0 | X10: 0 | Y10: 0 | Z10: 0 | AA10: 0.090909 | AB10: 0.030303 | AC10: 0 | AD10: 0 | AE10: 0 | AF10: 0 | AG10: 0 | AH10: 0 | AI10: 0 | AJ10: 0 | AK10: 0 | AL10: #########
A11: Adult Care_Unknown | B11: Accessories_Unknown | C11: Adult Care | D11: Accessories | E11: Unknown | F11: 3 | G11: 3 | H11: 41 | I11: 41 | J11: 0 | K11: 0 | L11: 0 | M11: 0 | N11: 0 | O11: 0 | P11: 0 | Q11: 0 | R11: 0 | S11: 0 | T11: 0 | U11: 0 | V11: 0 | W11: 0 | X11: 0 | Y11: 0 | Z11: 0 | AA11: 0.090909 | AB11: 0.030303 | AC11: 0 | AD11: 0 | AE11: 0 | AF11: 0 | AG11: 0 | AH11: 3.468971 | AI11: 3.642425 | AJ11: 4.143407 | AK11: 0 | AL11: #########
A12: Gaming_Unknown | B12: Accessories_Unknown | C12: Gaming | D12: Accessories | E12: Unknown | F12: 1 | G12: 1 | H12: 4 | I12: 4 | J12: 0 | K12: 0 | L12: 0 | M12: 0 | N12: 0 | O12: 0 | P12: 0 | Q12: 0 | R12: 0 | S12: 0 | T12: 0 | U12: 0 | V12: 0 | W12: 0 | X12: 0 | Y12: 0 | Z12: 0 | AA12: 0.090909 | AB12: 0.030303 | AC12: 0 | AD12: 0 | AE12: 0 | AF12: 0 | AG12: 0 | AH12: 0 | AI12: 0 | AJ12: 0 | AK12: 0 | AL12: #########
A13: Toys & Games_0-5 | B13: Activity Books_0-5 | C13: Toys & Games | D13: Activity Books | E13: 0-5 | F13: 2 | G13: 0 | H13: 56 | I13: 0 | J13: 0.473291 | K13: 0.710589 | L13: 0.486315 | M13: 0.442773 | N13: 0.623107 | O13: 0.267816 | P13: 0.267816 | Q13: 0.267816 | R13: 0.442773 | S13: 0.442773 | T13: 0.267816 | U13: 0.267816 | V13: 0.267816 | W13: 0.442773 | X13: 0.442773 | Y13: 0.355294 | Z13: 0.325397 | AA13: 0.325397 | AB13: 0.410547 | AC13: 0.376988 | AD13: 0.442773 | AE13: 0.442773 | AF13: 0.355294 | AG13: 0.355294 | AH13: 0.03 | AI13: 0.22193 | AJ13: 0.199318 | AK13: 0.355294 | AL13: #########
A14: Toys & Games_10-15 | B14: Activity Books_10-15 | C14: Toys & Games | D14: Activity Books | E14: 46310 | F14: 5 | G14: 0 | H14: 84 | I14: 0 | J14: 2.201923 | K14: 1.130963 | L14: 1.444915 | M14: 0.760965 | N14: 0.672847 | O14: 0.182884 | P14: 0.182884 | Q14: 0.182884 | R14: 0.187114 | S14: 0.760965 | T14: 0.182884 | U14: 0.182884 | V14: 0.182884 | W14: 0.187114 | X14: 0.760965 | Y14: 0.376988 | Z14: 0.325397 | AA14: 0.325397 | AB14: 0.410547 | AC14: 0.376988 | AD14: 0.760965 | AE14: 0.760965 | AF14: 1.224008 | AG14: 0.675455 | AH14: 0.03 | AI14: 0.22193 | AJ14: 0.199318 | AK14: 0.355294 | AL14: #########
A15: Toys & Games_15-20 | B15: Activity Books_15-20 | C15: Toys & Games | D15: Activity Books | E15: 15-20 | F15: 1 | G15: 0 | H15: 132 | I15: 0 | J15: 0 | K15: 0 | L15: 0 | M15: 0 | N15: 0 | O15: 0 | P15: 0 | Q15: 0 | R15: 0 | S15: 0 | T15: 0 | U15: 0 | V15: 0 | W15: 0 | X15: 0 | Y15: 0 | Z15: 0.325397 | AA15: 0.325397 | AB15: 0.410547 | AC15: 0.376988 | AD15: 0.822051 | AE15: 0.822051 | AF15: 0.427692 | AG15: 0.427692 | AH15: 0.03 | AI15: 0.22193 | AJ15: 0.199318 | AK15: 0.355294 | AL15: #########
A16: Toys & Games_20-25 | B16: Activity Books_20-25 | C16: Toys & Games | D16: Activity Books | E16: 20-25 | F16: 3 | G16: 0 | H16: 71 | I16: 0 | J16: 1.29478 | K16: 1.149588 | L16: 0.753493 | M16: 0.804391 | N16: 0.699721 | O16: 0.084483 | P16: 0.084483 | Q16: 0.084483 | R16: 0.260714 | S16: 0.804391 | T16: 0.084483 | U16: 0.084483 | V16: 0.084483 | W16: 0.260714 | X16: 0.804391 | Y16: 0.383196 | Z16: 0.325397 | AA16: 0.325397 | AB16: 0.410547 | AC16: 0.376988 | AD16: 0.260714 | AE16: 0.260714 | AF16: 0.383196 | AG16: 0.383196 | AH16: 0.03 | AI16: 0.22193 | AJ16: 0.199318 | AK16: 0.355294 | AL16: #########
A17: Toys & Games_25+ | B17: Activity Books_25+ | C17: Toys & Games | D17: Activity Books | E17: 25+ | F17: 7 | G17: 0 | H17: 727 | I17: 0 | J17: 0.953968 | K17: 1.589827 | L17: 0.432288 | M17: 1.180952 | N17: 0.742818 | O17: 0.083478 | P17: 0.083478 | Q17: 0.083478 | R17: 0.325397 | S17: 1.180952 | T17: 0.083478 | U17: 0.083478 | V17: 0.083478 | W17: 0.325397 | X17: 1.180952 | Y17: 0.529942 | Z17: 0.325397 | AA17: 0.325397 | AB17: 0.410547 | AC17: 0.376988 | AD17: 0.166667 | AE17: 0.180556 | AF17: 0.293106 | AG17: 0.298081 | AH17: 0.03 | AI17: 0.22193 | AJ17: 0.199318 | AK17: 0.355294 | AL17: #########
A18: Toys & Games_5-10 | B18: Activity Books_5-10 | C18: Toys & Games | D18: Activity Books | E18: 46300 | F18: 2 | G18: 0 | H18: 25 | I18: 0 | J18: 0.076923 | K18: 0.345594 | L18: 0.656876 | M18: 0.345594 | N18: 1 | O18: 0.345594 | P18: 0.345594 | Q18: 0.345594 | R18: 0.345594 | S18: 0.345594 | T18: 0.345594 | U18: 0.345594 | V18: 0.345594 | W18: 0.345594 | X18: 0.345594 | Y18: 0.345594 | Z18: 0.325397 | AA18: 0.325397 | AB18: 0.410547 | AC18: 0.376988 | AD18: 0.345594 | AE18: 0.345594 | AF18: 0.371547 | AG18: 0.384524 | AH18: 0.03 | AI18: 0.22193 | AJ18: 0.199318 | AK18: 0.355294 | AL18: #########
A19: Mobile Accessories_25+ | B19: Adapters_25+ | C19: Mobile Accessories | D19: Adapters | E19: 25+ | F19: 1 | G19: 1 | H19: 18 | I19: 18 | J19: 0 | K19: 0 | L19: 0 | M19: 0 | N19: 0 | O19: 0 | P19: 0 | Q19: 0 | R19: 0 | S19: 0 | T19: 0 | U19: 0 | V19: 0 | W19: 0 | X19: 0 | Y19: 0 | Z19: 0 | AA19: 0 | AB19: 0 | AC19: 0 | AD19: 0 | AE19: 0 | AF19: 0 | AG19: 0 | AH19: 0 | AI19: 0 | AJ19: 0 | AK19: 0 | AL19: #########
A20: Health & Wellness_20-25 | B20: Adult Diapers_20-25 | C20: Health & Wellness | D20: Adult Diapers | E20: 20-25 | F20: 1 | G20: 0 | H20: 68 | I20: 0 | J20: 0 | K20: 0 | L20: 0 | M20: 0 | N20: 0 | O20: 0 | P20: 0 | Q20: 0 | R20: 0 | S20: 0 | T20: 0 | U20: 0 | V20: 0 | W20: 0 | X20: 0 | Y20: 0 | Z20: 0.651892 | AA20: 0.737931 | AB20: 0.638584 | AC20: 0 | AD20: 1.632011 | AE20: 2.067834 | AF20: 3.67977 | AG20: 2.082105 | AH20: 0.505845 | AI20: 1.213843 | AJ20: 2.057336 | AK20: 1.071261 | AL20: #########
A21: Health & Wellness_25+ | B21: Adult Diapers_25+ | C21: Health & Wellness | D21: Adult Diapers | E21: 25+ | F21: 6 | G21: 0 | H21: 1029 | I21: 0 | J21: 2.579121 | K21: 3.192918 | L21: 2.394213 | M21: 1.260036 | N21: 0.394635 | O21: 0.543059 | P21: 0.543059 | Q21: 0.651892 | R21: 0.737931 | S21: 0.737931 | T21: 0.543059 | U21: 0.543059 | V21: 0.651892 | W21: 0.737931 | X21: 0.737931 | Y21: 0.798229 | Z21: 0.651892 | AA21: 0.737931 | AB21: 0.638584 | AC21: 0 | AD21: 0.637037 | AE21: 0.710256 | AF21: 1.319861 | AG21: 0.798229 | AH21: 0.505845 | AI21: 1.213843 | AJ21: 2.057336 | AK21: 1.071261 | AL21: #########
A22: Health & Wellness_Unknown | B22: Adult Diapers_Unknown | C22: Health & Wellness | D22: Adult Diapers | E22: Unknown | F22: 0 | G22: 0 | H22: 0 | I22: 0 | J22: 0 | K22: 0 | L22: 0 | M22: 0 | N22: 0 | O22: 0 | P22: 0 | Q22: 0 | R22: 0 | S22: 0 | T22: 0 | U22: 0 | V22: 0 | W22: 0 | X22: 0 | Y22: 0 | Z22: 0.651892 | AA22: 0.737931 | AB22: 0.638584 | AC22: 0 | AD22: 0 | AE22: 0 | AF22: 0 | AG22: 0 | AH22: 0.505845 | AI22: 1.213843 | AJ22: 2.057336 | AK22: 1.071261 | AL22: #########
A23: Cleaning & Household_10-15 | B23: Air fresheners & Candles_10-15 | C23: Cleaning & Household | D23: Air fresheners & Candles | E23: 46310 | F23: 6 | G23: 0 | H23: 1822 | I23: 0 | J23: 21.52431 | K23: 21.55762 | L23: 25.41022 | M23: 12.71697 | N23: 0.589906 | O23: 0 | P23: 0 | Q23: 0 | R23: 8.840644 | S23: 8.840644 | T23: 8.840644 | U23: 8.840644 | V23: 8.840644 | W23: 12.71697 | X23: 12.71697 | Y23: 5.389405 | Z23: 2.543504 | AA23: 3.862144 | AB23: 4.079673 | AC23: 5.389405 | AD23: 4.894091 | AE23: 5.226643 | AF23: 7.986467 | AG23: 7.2494 | AH23: 3.3173 | AI23: 3.964523 | AJ23: 6.529036 | AK23: 4.965673 | AL23: #########
A24: Cleaning & Household_15-20 | B24: Air fresheners & Candles_15-20 | C24: Cleaning & Household | D24: Air fresheners & Candles | E24: 15-20 | F24: 5 | G24: 0 | H24: 665 | I24: 0 | J24: 5.784799 | K24: 6.218119 | L24: 6.879249 | M24: 6.218119 | N24: 1 | O24: 6.218119 | P24: 6.218119 | Q24: 6.218119 | R24: 6.218119 | S24: 6.218119 | T24: 6.218119 | U24: 6.218119 | V24: 6.218119 | W24: 6.218119 | X24: 6.218119 | Y24: 6.218119 | Z24: 2.543504 | AA24: 3.862144 | AB24: 4.079673 | AC24: 5.389405 | AD24: 5.052628 | AE24: 5.052628 | AF24: 7.842166 | AG24: 6.218119 | AH24: 3.3173 | AI24: 3.964523 | AJ24: 6.529036 | AK24: 4.965673 | AL24: #########
A25: Cleaning & Household_20-25 | B25: Air fresheners & Candles_20-25 | C25: Cleaning & Household | D25: Air fresheners & Candles | E25: 20-25 | F25: 7 | G25: 0 | H25: 3006 | I25: 0 | J25: 34.38314 | K25: 31.21965 | L25: 34.51191 | M25: 11.37155 | N25: 0.364243 | O25: 1.538091 | P25: 3.862144 | Q25: 3.862144 | R25: 5.249068 | S25: 9.198795 | T25: 1.538091 | U25: 3.862144 | V25: 3.862144 | W25: 5.249068 | X25: 9.198795 | Y25: 6.24393 | Z25: 2.543504 | AA25: 3.862144 | AB25: 4.079673 | AC25: 5.389405 | AD25: 3.710598 | AE25: 3.710598 | AF25: 5.805307 | AG25: 6.24393 | AH25: 3.3173 | AI25: 3.964523 | AJ25: 6.529036 | AK25: 4.965673 | AL25: #########
A26: Cleaning & Household_25+ | B26: Air fresheners & Candles_25+ | C26: Cleaning & Household | D26: Air fresheners & Candles | E26: 25+ | F26: 10 | G26: 0 | H26: 3205 | I26: 0 | J26: 22.65445 | K26: 20.46992 | L26: 21.13496 | M26: 8.830748 | N26: 0.431401 | O26: 0.648148 | P26: 0.84 | Q26: 1.614049 | R26: 2.013431 | S26: 2.422359 | T26: 0.84 | U26: 1.614049 | V26: 1.929729 | W26: 2.171454 | X26: 2.513386 | Y26: 1.860902 | Z26: 2.543504 | AA26: 3.862144 | AB26: 4.079673 | AC26: 5.389405 | AD26: 2.441446 | AE26: 2.513386 | AF26: 4.153756 | AG26: 2.063496 | AH26: 3.3173 | AI26: 3.964523 | AJ26: 6.529036 | AK26: 4.965673 | AL26: #########
A27: Cleaning & Household_5-10 | B27: Air fresheners & Candles_5-10 | C27: Cleaning & Household | D27: Air fresheners & Candles | E27: 46300 | F27: 7 | G27: 1 | H27: 2629 | I27: 8 | J27: 35.21262 | K27: 34.76555 | L27: 37.46092 | M27: 16.06862 | N27: 0.4622 | O27: 0 | P27: 0 | Q27: 5.61187 | R27: 5.641307 | S27: 7.443752 | T27: 5.61187 | U27: 5.641307 | V27: 5.641307 | W27: 7.443752 | X27: 7.671792 | Y27: 4.966508 | Z27: 2.543504 | AA27: 3.862144 | AB27: 4.079673 | AC27: 5.389405 | AD27: 4.184219 | AE27: 5.641307 | AF27: 9.07508 | AG27: 5.477437 | AH27: 3.3173 | AI27: 3.964523 | AJ27: 6.529036 | AK27: 4.965673 | AL27: #########
A28: Cleaning & Household_Unknown | B28: Air fresheners & Candles_Unknown | C28: Cleaning & Household | D28: Air fresheners & Candles | E28: Unknown | F28: 1 | G28: 1 | H28: 75 | I28: 75 | J28: 0 | K28: 0 | L28: 0 | M28: 0 | N28: 0 | O28: 0 | P28: 0 | Q28: 0 | R28: 0 | S28: 0 | T28: 0 | U28: 0 | V28: 0 | W28: 0 | X28: 0 | Y28: 0 | Z28: 2.543504 | AA28: 3.862144 | AB28: 4.079673 | AC28: 5.389405 | AD28: 0 | AE28: 0 | AF28: 0 | AG28: 0 | AH28: 3.3173 | AI28: 3.964523 | AJ28: 6.529036 | AK28: 4.965673 | AL28: #########
A29: Home & Outdoor_25+ | B29: Air Purifier_25+ | C29: Home & Outdoor | D29: Air Purifier | E29: 25+ | F29: 2 | G29: 2 | H29: 3 | I29: 3 | J29: 0 | K29: 0 | L29: 0 | M29: 0 | N29: 0 | O29: 0 | P29: 0 | Q29: 0 | R29: 0 | S29: 0 | T29: 0 | U29: 0 | V29: 0 | W29: 0 | X29: 0 | Y29: 0 | Z29: 0 | AA29: 0 | AB29: 0 | AC29: 0 | AD29: 0.3 | AE29: 0.750182 | AF29: 1.37915 | AG29: 0.24636 | AH29: 0.625309 | AI29: 1.101178 | AJ29: 1.968989 | AK29: 0.808292 | AL29: #########
A30: Home & Outdoor_Unknown | B30: Air Purifier_Unknown | C30: Home & Outdoor | D30: Air Purifier | E30: Unknown | F30: 1 | G30: 1 | H30: 4 | I30: 4 | J30: 0 | K30: 0 | L30: 0 | M30: 0 | N30: 0 | O30: 0 | P30: 0 | Q30: 0 | R30: 0 | S30: 0 | T30: 0 | U30: 0 | V30: 0 | W30: 0 | X30: 0 | Y30: 0 | Z30: 0 | AA30: 0 | AB30: 0 | AC30: 0 | AD30: 0 | AE30: 0 | AF30: 0 | AG30: 0 | AH30: 0.625309 | AI30: 1.101178 | AJ30: 1.968989 | AK30: 0.808292 | AL30: #########
A31: Headphones_25+ | B31: Airpods_25+ | C31: Headphones | D31: Airpods | E31: 25+ | F31: 2 | G31: 2 | H31: 11 | I31: 11 | J31: 0 | K31: 0 | L31: 0 | M31: 0 | N31: 0 | O31: 0 | P31: 0 | Q31: 0 | R31: 0 | S31: 0 | T31: 0 | U31: 0 | V31: 0 | W31: 0 | X31: 0 | Y31: 0 | Z31: 0 | AA31: 0 | AB31: 0 | AC31: 0 | AD31: 0 | AE31: 0 | AF31: 0 | AG31: 0 | AH31: 0 | AI31: 0 | AJ31: 0 | AK31: 0 | AL31: #########
A32: Mobiles_Unknown | B32: Android Smartphone_Unknown | C32: Mobiles | D32: Android Smartphone | E32: Unknown | F32: 4 | G32: 4 | H32: 8 | I32: 8 | J32: 0 | K32: 0 | L32: 0 | M32: 0 | N32: 0 | O32: 0 | P32: 0 | Q32: 0 | R32: 0 | S32: 0 | T32: 0 | U32: 0 | V32: 0 | W32: 0 | X32: 0 | Y32: 0 | Z32: 0 | AA32: 0 | AB32: 0 | AC32: 0 | AD32: 0 | AE32: 0 | AF32: 0 | AG32: 0 | AH32: 0 | AI32: 0 | AJ32: 0 | AK32: 0 | AL32: #########
A33: Tablets_Unknown | B33: Apple iPads_Unknown | C33: Tablets | D33: Apple iPads | E33: Unknown | F33: 0 | G33: 0 | H33: 0 | I33: 0 | J33: 0 | K33: 0 | L33: 0 | M33: 0 | N33: 0 | O33: 0 | P33: 0 | Q33: 0 | R33: 0 | S33: 0 | T33: 0 | U33: 0 | V33: 0 | W33: 0 | X33: 0 | Y33: 0 | Z33: 0 | AA33: 0 | AB33: 0 | AC33: 0 | AD33: 0 | AE33: 0 | AF33: 0 | AG33: 0 | AH33: 0 | AI33: 0 | AJ33: 0 | AK33: 0 | AL33: #########
A34: Wearables_Unknown | B34: Apple Watch_Unknown | C34: Wearables | D34: Apple Watch | E34: Unknown | F34: 0 | G34: 0 | H34: 0 | I34: 0 | J34: 0 | K34: 0 | L34: 0 | M34: 0 | N34: 0 | O34: 0 | P34: 0 | Q34: 0 | R34: 0 | S34: 0 | T34: 0 | U34: 0 | V34: 0 | W34: 0 | X34: 0 | Y34: 0 | Z34: 0 | AA34: 0 | AB34: 0 | AC34: 0 | AD34: 0 | AE34: 0 | AF34: 0 | AG34: 0 | AH34: 0 | AI34: 0 | AJ34: 0 | AK34: 0 | AL34: #########
A35: Kitchenware_10-15 | B35: Appliances_10-15 | C35: Kitchenware | D35: Appliances | E35: 46310 | F35: 1 | G35: 0 | H35: 450 | I35: 0 | J35: 3.269231 | K35: 3.770451 | L35: 3.88997 | M35: 3.770451 | N35: 1 | O35: 3.770451 | P35: 3.770451 | Q35: 3.770451 | R35: 3.770451 | S35: 3.770451 | T35: 3.770451 | U35: 3.770451 | V35: 3.770451 | W35: 3.770451 | X35: 3.770451 | Y35: 3.770451 | Z35: 0 | AA35: 1.841635 | AB35: 0.416949 | AC35: 1.841635 | AD35: 3.770451 | AE35: 3.770451 | AF35: 3.770451 | AG35: 3.770451 | AH35: 0 | AI35: 1.207407 | AJ35: 0.804599 | AK35: 0 | AL35: #########
A36: Kitchenware_20-25 | B36: Appliances_20-25 | C36: Kitchenware | D36: Appliances | E36: 20-25 | F36: 1 | G36: 0 | H36: 269 | I36: 0 | J36: 1.767399 | K36: 1.841635 | L36: 2.00796 | M36: 1.841635 | N36: 1 | O36: 1.841635 | P36: 1.841635 | Q36: 1.841635 | R36: 1.841635 | S36: 1.841635 | T36: 1.841635 | U36: 1.841635 | V36: 1.841635 | W36: 1.841635 | X36: 1.841635 | Y36: 1.841635 | Z36: 0 | AA36: 1.841635 | AB36: 0.416949 | AC36: 1.841635 | AD36: 1.841635 | AE36: 1.841635 | AF36: 1.841635 | AG36: 1.841635 | AH36: 0 | AI36: 1.207407 | AJ36: 0.804599 | AK36: 0 | AL36: #########
A37: Kitchenware_25+ | B37: Appliances_25+ | C37: Kitchenware | D37: Appliances | E37: 25+ | F37: 6 | G37: 4 | H37: 124 | I37: 13 | J37: 0.607143 | K37: 0.642157 | L37: 0.508167 | M37: 0.642157 | N37: 1 | O37: 0 | P37: 0 | Q37: 0 | R37: 0 | S37: 0 | T37: 0.642157 | U37: 0.642157 | V37: 0.642157 | W37: 0.642157 | X37: 0.642157 | Y37: 0.08027 | Z37: 0 | AA37: 1.841635 | AB37: 0.416949 | AC37: 1.841635 | AD37: 0 | AE37: 0.642157 | AF37: 0.064216 | AG37: 0 | AH37: 0 | AI37: 1.207407 | AJ37: 0.804599 | AK37: 0 | AL37: #########
A38: Kitchenware_Unknown | B38: Appliances_Unknown | C38: Kitchenware | D38: Appliances | E38: Unknown | F38: 0 | G38: 0 | H38: 0 | I38: 0 | J38: 0 | K38: 0 | L38: 0 | M38: 0 | N38: 0 | O38: 0 | P38: 0 | Q38: 0 | R38: 0 | S38: 0 | T38: 0 | U38: 0 | V38: 0 | W38: 0 | X38: 0 | Y38: 0 | Z38: 0 | AA38: 1.841635 | AB38: 0.416949 | AC38: 1.841635 | AD38: 0 | AE38: 0 | AF38: 0 | AG38: 0 | AH38: 0 | AI38: 1.207407 | AJ38: 0.804599 | AK38: 0 | AL38: #########
A39: Bakery_0-5 | B39: Arabic & Flat Bread_0-5 | C39: Bakery | D39: Arabic & Flat Bread | E39: 0-5 | F39: 12 | G39: 0 | H39: 3242 | I39: 0 | J39: 570.2631 | K39: 567.4886 | L39: 566.1628 | M39: 290.9808 | N39: 0.512752 | O39: 17.63182 | P39: 28.40774 | Q39: 32.36113 | R39: 45.04631 | S39: 55.13658 | T39: 17.63182 | U39: 28.40774 | V39: 32.36113 | W39: 45.04631 | X39: 55.13658 | Y39: 63.05429 | Z39: 6.176916 | AA39: 28.40774 | AB39: 22.48322 | AC39: 12.90542 | AD39: 32.04884 | AE39: 36.00952 | AF39: 51.36789 | AG39: 52.47537 | AH39: 2.906413 | AI39: 12.98823 | AJ39: 17.4248 | AK39: 3.682801 | AL39: #########
A40: Bakery_10-15 | B40: Arabic & Flat Bread_10-15 | C40: Bakery | D40: Arabic & Flat Bread | E40: 46310 | F40: 3 | G40: 0 | H40: 285 | I40: 0 | J40: 21.19062 | K40: 23.22276 | L40: 23.66081 | M40: 17.04584 | N40: 0.734015 | O40: 6.176916 | P40: 6.176916 | Q40: 6.176916 | R40: 17.04584 | S40: 17.04584 | T40: 6.176916 | U40: 6.176916 | V40: 6.176916 | W40: 17.04584 | X40: 17.04584 | Y40: 11.61138 | Z40: 6.176916 | AA40: 28.40774 | AB40: 22.48322 | AC40: 12.90542 | AD40: 8.714901 | AE40: 8.714901 | AF40: 18.91489 | AG40: 9.997978 | AH40: 2.906413 | AI40: 12.98823 | AJ40: 17.4248 | AK40: 3.682801 | AL40: #########
A41: Bakery_15-20 | B41: Arabic & Flat Bread_15-20 | C41: Bakery | D41: Arabic & Flat Bread | E41: 15-20 | F41: 3 | G41: 0 | H41: 284 | I41: 0 | J41: 36.22261 | K41: 38.71627 | L41: 38.52515 | M41: 16.27549 | N41: 0.420379 | O41: 8.474045 | P41: 8.474045 | Q41: 8.474045 | R41: 13.96673 | S41: 16.27549 | T41: 8.474045 | U41: 8.474045 | V41: 8.474045 | W41: 13.96673 | X41: 16.27549 | Y41: 12.90542 | Z41: 6.176916 | AA41: 28.40774 | AB41: 22.48322 | AC41: 12.90542 | AD41: 5.525733 | AE41: 5.525733 | AF41: 16.11666 | AG41: 6.846322 | AH41: 2.906413 | AI41: 12.98823 | AJ41: 17.4248 | AK41: 3.682801 | AL41: #########
A42: Bakery_20-25 | B42: Arabic & Flat Bread_20-25 | C42: Bakery | D42: Arabic & Flat Bread | E42: 20-25 | F42: 1 | G42: 0 | H42: 101 | I42: 0 | J42: 18.14805 | K42: 17.71363 | L42: 19.09737 | M42: 17.71363 | N42: 1 | O42: 17.71363 | P42: 17.71363 | Q42: 17.71363 | R42: 17.71363 | S42: 17.71363 | T42: 17.71363 | U42: 17.71363 | V42: 17.71363 | W42: 17.71363 | X42: 17.71363 | Y42: 17.71363 | Z42: 6.176916 | AA42: 28.40774 | AB42: 22.48322 | AC42: 12.90542 | AD42: 3.320361 | AE42: 4.471176 | AF42: 5.639001 | AG42: 3.682801 | AH42: 2.906413 | AI42: 12.98823 | AJ42: 17.4248 | AK42: 3.682801 | AL42: #########
A43: Bakery_25+ | B43: Arabic & Flat Bread_25+ | C43: Bakery | D43: Arabic & Flat Bread | E43: 25+ | F43: 1 | G43: 0 | H43: 65 | I43: 0 | J43: 0 | K43: 0 | L43: 0 | M43: 0 | N43: 0 | O43: 0 | P43: 0 | Q43: 0 | R43: 0 | S43: 0 | T43: 0 | U43: 0 | V43: 0 | W43: 0 | X43: 0 | Y43: 0 | Z43: 6.176916 | AA43: 28.40774 | AB43: 22.48322 | AC43: 12.90542 | AD43: 2.697105 | AE43: 3.187913 | AF43: 4.680175 | AG43: 2.670885 | AH43: 2.906413 | AI43: 12.98823 | AJ43: 17.4248 | AK43: 3.682801 | AL43: #########
A44: Bakery_5-10 | B44: Arabic & Flat Bread_5-10 | C44: Bakery | D44: Arabic & Flat Bread | E44: 46300 | F44: 3 | G44: 0 | H44: 379 | I44: 0 | J44: 97.16974 | K44: 94.8048 | L44: 100.3338 | M44: 84.39802 | N44: 0.890229 | O44: 10.40678 | P44: 10.40678 | Q44: 10.40678 | R44: 84.39802 | S44: 84.39802 | T44: 10.40678 | U44: 10.40678 | V44: 10.40678 | W44: 84.39802 | X44: 84.39802 | Y44: 47.4024 | Z44: 6.176916 | AA44: 28.40774 | AB44: 22.48322 | AC44: 12.90542 | AD44: 14.80926 | AE44: 15.17651 | AF44: 33.02318 | AG44: 24.71847 | AH44: 2.906413 | AI44: 12.98823 | AJ44: 17.4248 | AK44: 3.682801 | AL44: #########
A45: Bakery_Unknown | B45: Arabic & Flat Bread_Unknown | C45: Bakery | D45: Arabic & Flat Bread | E45: Unknown | F45: 1 | G45: 1 | H45: 4 | I45: 4 | J45: 0 | K45: 0 | L45: 0 | M45: 0 | N45: 0 | O45: 0 | P45: 0 | Q45: 0 | R45: 0 | S45: 0 | T45: 0 | U45: 0 | V45: 0 | W45: 0 | X45: 0 | Y45: 0 | Z45: 6.176916 | AA45: 28.40774 | AB45: 22.48322 | AC45: 12.90542 | AD45: 0 | AE45: 0 | AF45: 0 | AG45: 0 | AH45: 2.906413 | AI45: 12.98823 | AJ45: 17.4248 | AK45: 3.682801 | AL45: #########
A46: Bakery_10-15 | B46: Arabic Sweets_10-15 | C46: Bakery | D46: Arabic Sweets | E46: 46310 | F46: 0 | G46: 0 | H46: 0 | I46: 0 | J46: 0 | K46: 0 | L46: 0 | M46: 0 | N46: 0 | O46: 0 | P46: 0 | Q46: 0 | R46: 0 | S46: 0 | T46: 0 | U46: 0 | V46: 0 | W46: 0 | X46: 0 | Y46: 0 | Z46: 0 | AA46: 1.618291 | AB46: 0.884486 | AC46: 0 | AD46: 8.714901 | AE46: 8.714901 | AF46: 18.91489 | AG46: 9.997978 | AH46: 2.906413 | AI46: 12.98823 | AJ46: 17.4248 | AK46: 3.682801 | AL46: #########
A47: Bakery_15-20 | B47: Arabic Sweets_15-20 | C47: Bakery | D47: Arabic Sweets | E47: 15-20 | F47: 1 | G47: 1 | H47: 1 | I47: 1 | J47: 0 | K47: 0 | L47: 0 | M47: 0 | N47: 0 | O47: 0 | P47: 0 | Q47: 0 | R47: 0 | S47: 0 | T47: 0 | U47: 0 | V47: 0 | W47: 0 | X47: 0 | Y47: 0 | Z47: 0 | AA47: 1.618291 | AB47: 0.884486 | AC47: 0 | AD47: 5.525733 | AE47: 5.525733 | AF47: 16.11666 | AG47: 6.846322 | AH47: 2.906413 | AI47: 12.98823 | AJ47: 17.4248 | AK47: 3.682801 | AL47: #########
A48: Bakery_25+ | B48: Arabic Sweets_25+ | C48: Bakery | D48: Arabic Sweets | E48: 25+ | F48: 8 | G48: 0 | H48: 2848 | I48: 0 | J48: 10.61116 | K48: 10.61383 | L48: 10.0945 | M48: 6.765729 | N48: 0.637445 | O48: 0 | P48: 1.035714 | Q48: 1.035714 | R48: 1.618291 | S48: 2.181711 | T48: 1.035714 | U48: 1.194098 | V48: 1.194098 | W48: 1.618291 | X48: 2.181711 | Y48: 1.768972 | Z48: 0 | AA48: 1.618291 | AB48: 0.884486 | AC48: 0 | AD48: 2.697105 | AE48: 3.187913 | AF48: 4.680175 | AG48: 2.670885 | AH48: 2.906413 | AI48: 12.98823 | AJ48: 17.4248 | AK48: 3.682801 | AL48: #########
A49: Sweet Snacks_25+ | B49: Arabic Sweets_25+ | C49: Sweet Snacks | D49: Arabic Sweets | E49: 25+ | F49: 1 | G49: 0 | H49: 1369 | I49: 0 | J49: 0 | K49: 0 | L49: 0 | M49: 0 | N49: 0 | O49: 0 | P49: 0 | Q49: 0 | R49: 0 | S49: 0 | T49: 0 | U49: 0 | V49: 0 | W49: 0 | X49: 0 | Y49: 0 | Z49: 0 | AA49: 1.618291 | AB49: 0.884486 | AC49: 0 | AD49: 1.363137 | AE49: 2.771641 | AF49: 3.601276 | AG49: 2.685376 | AH49: 1.047933 | AI49: 8.263598 | AJ49: 9.7295 | AK49: 6.074441 | AL49: #########
A50: Bakery_Unknown | B50: Arabic Sweets_Unknown | C50: Bakery | D50: Arabic Sweets | E50: Unknown | F50: 0 | G50: 0 | H50: 0 | I50: 0 | J50: 0 | K50: 0 | L50: 0 | M50: 0 | N50: 0 | O50: 0 | P50: 0 | Q50: 0 | R50: 0 | S50: 0 | T50: 0 | U50: 0 | V50: 0 | W50: 0 | X50: 0 | Y50: 0 | Z50: 0 | AA50: 1.618291 | AB50: 0.884486 | AC50: 0 | AD50: 0 | AE50: 0 | AF50: 0 | AG50: 0 | AH50: 2.906413 | AI50: 12.98823 | AJ50: 17.4248 | AK50: 3.682801 | AL50: #########
A51: Baby Essentials_0-5 | B51: Baby Bath & Shower_0-5 | C51: Baby Essentials | D51: Baby Bath & Shower | E51: 0-5 | F51: 1 | G51: 0 | H51: 741 | I51: 0 | J51: 7.526557 | K51: 7.278673 | L51: 6.779705 | M51: 7.278673 | N51: 1 | O51: 7.278673 | P51: 7.278673 | Q51: 7.278673 | R51: 7.278673 | S51: 7.278673 | T51: 7.278673 | U51: 7.278673 | V51: 7.278673 | W51: 7.278673 | X51: 7.278673 | Y51: 7.278673 | Z51: 1.448531 | AA51: 1.448531 | AB51: 2.345403 | AC51: 0.807407 | AD51: 14.02401 | AE51: 14.02401 | AF51: 14.90467 | AG51: 18.71767 | AH51: 1.676256 | AI51: 2.685552 | AJ51: 3.945268 | AK51: 1.527828 | AL51: #########
A52: Baby Essentials_10-15 | B52: Baby Bath & Shower_10-15 | C52: Baby Essentials | D52: Baby Bath & Shower | E52: 46310 | F52: 3 | G52: 0 | H52: 107 | I52: 0 | J52: 0 | K52: 0 | L52: 0 | M52: 0 | N52: 0 | O52: 0 | P52: 0 | Q52: 0 | R52: 0 | S52: 0 | T52: 0 | U52: 0 | V52: 0 | W52: 0 | X52: 0 | Y52: 0 | Z52: 1.448531 | AA52: 1.448531 | AB52: 2.345403 | AC52: 0.807407 | AD52: 7.627767 | AE52: 7.627767 | AF52: 9.097527 | AG52: 6.363411 | AH52: 1.676256 | AI52: 2.685552 | AJ52: 3.945268 | AK52: 1.527828 | AL52: #########
A53: Baby Essentials_15-20 | B53: Baby Bath & Shower_15-20 | C53: Baby Essentials | D53: Baby Bath & Shower | E53: 15-20 | F53: 1 | G53: 0 | H53: 145 | I53: 0 | J53: 1.741758 | K53: 1.448531 | L53: 0.974725 | M53: 1.448531 | N53: 1 | O53: 1.448531 | P53: 1.448531 | Q53: 1.448531 | R53: 1.448531 | S53: 1.448531 | T53: 1.448531 | U53: 1.448531 | V53: 1.448531 | W53: 1.448531 | X53: 1.448531 | Y53: 1.448531 | Z53: 1.448531 | AA53: 1.448531 | AB53: 2.345403 | AC53: 0.807407 | AD53: 2.079566 | AE53: 2.079566 | AF53: 3.576828 | AG53: 1.448531 | AH53: 1.676256 | AI53: 2.685552 | AJ53: 3.945268 | AK53: 1.527828 | AL53: #########
A54: Baby Essentials_20-25 | B54: Baby Bath & Shower_20-25 | C54: Baby Essentials | D54: Baby Bath & Shower | E54: 20-25 | F54: 6 | G54: 0 | H54: 998 | I54: 0 | J54: 3.850733 | K54: 3.730402 | L54: 3.286919 | M54: 3.730402 | N54: 1 | O54: 3.730402 | P54: 3.730402 | Q54: 3.730402 | R54: 3.730402 | S54: 3.730402 | T54: 3.730402 | U54: 3.730402 | V54: 3.730402 | W54: 3.730402 | X54: 3.730402 | Y54: 3.730402 | Z54: 1.448531 | AA54: 1.448531 | AB54: 2.345403 | AC54: 0.807407 | AD54: 3.730402 | AE54: 3.730402 | AF54: 9.685922 | AG54: 3.730402 | AH54: 1.676256 | AI54: 2.685552 | AJ54: 3.945268 | AK54: 1.527828 | AL54: #########
A55: Baby Essentials_25+ | B55: Baby Bath & Shower_25+ | C55: Baby Essentials | D55: Baby Bath & Shower | E55: 25+ | F55: 10 | G55: 0 | H55: 1038 | I55: 0 | J55: 1.714286 | K55: 1.614815 | L55: 1.406562 | M55: 0.814815 | N55: 0.504587 | O55: 0.8 | P55: 0.8 | Q55: 0.8 | R55: 0.814815 | S55: 0.814815 | T55: 0.8 | U55: 0.8 | V55: 0.8 | W55: 0.814815 | X55: 0.814815 | Y55: 0.807407 | Z55: 1.448531 | AA55: 1.448531 | AB55: 2.345403 | AC55: 0.807407 | AD55: 1.502309 | AE55: 1.642939 | AF55: 2.168828 | AG55: 1.988423 | AH55: 1.676256 | AI55: 2.685552 | AJ55: 3.945268 | AK55: 1.527828 | AL55: #########
A56: Baby Essentials_5-10 | B56: Baby Bath & Shower_5-10 | C56: Baby Essentials | D56: Baby Bath & Shower | E56: 46300 | F56: 1 | G56: 0 | H56: 90 | I56: 0 | J56: 0 | K56: 0 | L56: 0 | M56: 0 | N56: 0 | O56: 0 | P56: 0 | Q56: 0 | R56: 0 | S56: 0 | T56: 0 | U56: 0 | V56: 0 | W56: 0 | X56: 0 | Y56: 0 | Z56: 1.448531 | AA56: 1.448531 | AB56: 2.345403 | AC56: 0.807407 | AD56: 5.957213 | AE56: 6.065433 | AF56: 10.35763 | AG56: 8.401408 | AH56: 1.676256 | AI56: 2.685552 | AJ56: 3.945268 | AK56: 1.527828 | AL56: #########
A57: Baby Essentials_Unknown | B57: Baby Bath & Shower_Unknown | C57: Baby Essentials | D57: Baby Bath & Shower | E57: Unknown | F57: 2 | G57: 2 | H57: 19 | I57: 19 | J57: 0 | K57: 0 | L57: 0 | M57: 0 | N57: 0 | O57: 0 | P57: 0 | Q57: 0 | R57: 0 | S57: 0 | T57: 0 | U57: 0 | V57: 0 | W57: 0 | X57: 0 | Y57: 0 | Z57: 1.448531 | AA57: 1.448531 | AB57: 2.345403 | AC57: 0.807407 | AD57: 0 | AE57: 0 | AF57: 0 | AG57: 0 | AH57: 1.676256 | AI57: 2.685552 | AJ57: 3.945268 | AK57: 1.527828 | AL57: #########
A58: Baby Essentials_10-15 | B58: Baby Care_10-15 | C58: Baby Essentials | D58: Baby Care | E58: 46310 | F58: 4 | G58: 2 | H58: 214 | I58: 25 | J58: 0.142857 | K58: 0.138095 | L58: 0.138095 | M58: 0.138095 | N58: 1 | O58: 0.138095 | P58: 0.138095 | Q58: 0.138095 | R58: 0.138095 | S58: 0.138095 | T58: 0.138095 | U58: 0.138095 | V58: 0.138095 | W58: 0.138095 | X58: 0.138095 | Y58: 0.138095 | Z58: 0 | AA58: 0.903704 | AB58: 0.555517 | AC58: 0 | AD58: 7.627767 | AE58: 7.627767 | AF58: 9.097527 | AG58: 6.363411 | AH58: 1.676256 | AI58: 2.685552 | AJ58: 3.945268 | AK58: 1.527828 | AL58: #########
A59: Baby Essentials_15-20 | B59: Baby Care_15-20 | C59: Baby Essentials | D59: Baby Care | E59: 15-20 | F59: 3 | G59: 0 | H59: 386 | I59: 0 | J59: 0 | K59: 0 | L59: 0 | M59: 0 | N59: 0 | O59: 0 | P59: 0 | Q59: 0 | R59: 0 | S59: 0 | T59: 0 | U59: 0 | V59: 0 | W59: 0 | X59: 0 | Y59: 0 | Z59: 0 | AA59: 0.903704 | AB59: 0.555517 | AC59: 0 | AD59: 2.079566 | AE59: 2.079566 | AF59: 3.576828 | AG59: 1.448531 | AH59: 1.676256 | AI59: 2.685552 | AJ59: 3.945268 | AK59: 1.527828 | AL59: #########
A60: Baby Essentials_20-25 | B60: Baby Care_20-25 | C60: Baby Essentials | D60: Baby Care | E60: 20-25 | F60: 3 | G60: 0 | H60: 348 | I60: 0 | J60: 0 | K60: 0 | L60: 0 | M60: 0 | N60: 0 | O60: 0 | P60: 0 | Q60: 0 | R60: 0 | S60: 0 | T60: 0 | U60: 0 | V60: 0 | W60: 0 | X60: 0 | Y60: 0 | Z60: 0 | AA60: 0.903704 | AB60: 0.555517 | AC60: 0 | AD60: 3.730402 | AE60: 3.730402 | AF60: 9.685922 | AG60: 3.730402 | AH60: 1.676256 | AI60: 2.685552 | AJ60: 3.945268 | AK60: 1.527828 | AL60: #########
A61: Baby Essentials_25+ | B61: Baby Care_25+ | C61: Baby Essentials | D61: Baby Care | E61: 25+ | F61: 11 | G61: 4 | H61: 1419 | I61: 191 | J61: 7.787332 | K61: 7.639141 | L61: 7.412615 | M61: 3.402717 | N61: 0.445432 | O61: 0.693386 | P61: 0.738833 | Q61: 0.738833 | R61: 0.903704 | S61: 1.900502 | T61: 0.693386 | U61: 0.738833 | V61: 0.738833 | W61: 0.903704 | X61: 1.900502 | Y61: 1.527828 | Z61: 0 | AA61: 0.903704 | AB61: 0.555517 | AC61: 0 | AD61: 1.502309 | AE61: 1.642939 | AF61: 2.168828 | AG61: 1.988423 | AH61: 1.676256 | AI61: 2.685552 | AJ61: 3.945268 | AK61: 1.527828 | AL61: #########
A62: Baby Essentials_5-10 | B62: Baby Care_5-10 | C62: Baby Essentials | D62: Baby Care | E62: 46300 | F62: 2 | G62: 0 | H62: 85 | I62: 0 | J62: 0 | K62: 0 | L62: 0 | M62: 0 | N62: 0 | O62: 0 | P62: 0 | Q62: 0 | R62: 0 | S62: 0 | T62: 0 | U62: 0 | V62: 0 | W62: 0 | X62: 0 | Y62: 0 | Z62: 0 | AA62: 0.903704 | AB62: 0.555517 | AC62: 0 | AD62: 5.957213 | AE62: 6.065433 | AF62: 10.35763 | AG62: 8.401408 | AH62: 1.676256 | AI62: 2.685552 | AJ62: 3.945268 | AK62: 1.527828 | AL62: #########
A63: Baby Essentials_Unknown | B63: Baby Care_Unknown | C63: Baby Essentials | D63: Baby Care | E63: Unknown | F63: 6 | G63: 6 | H63: 380 | I63: 380 | J63: 0 | K63: 0 | L63: 0 | M63: 0 | N63: 0 | O63: 0 | P63: 0 | Q63: 0 | R63: 0 | S63: 0 | T63: 0 | U63: 0 | V63: 0 | W63: 0 | X63: 0 | Y63: 0 | Z63: 0 | AA63: 0.903704 | AB63: 0.555517 | AC63: 0 | AD63: 0 | AE63: 0 | AF63: 0 | AG63: 0 | AH63: 1.676256 | AI63: 2.685552 | AJ63: 3.945268 | AK63: 1.527828 | AL63: #########
A64: Baby Essentials_0-5 | B64: Baby Food_0-5 | C64: Baby Essentials | D64: Baby Food | E64: 0-5 | F64: 2 | G64: 0 | H64: 3071 | I64: 0 | J64: 37.47169 | K64: 37.43535 | L64: 35.96864 | M64: 23.41134 | N64: 0.625381 | O64: 14.02401 | P64: 14.02401 | Q64: 14.02401 | R64: 23.41134 | S64: 23.41134 | T64: 14.02401 | U64: 14.02401 | V64: 14.02401 | W64: 23.41134 | X64: 23.41134 | Y64: 18.71767 | Z64: 3.927619 | AA64: 4.684542 | AB64: 5.259385 | AC64: 3.358529 | AD64: 14.02401 | AE64: 14.02401 | AF64: 14.90467 | AG64: 18.71767 | AH64: 1.676256 | AI64: 2.685552 | AJ64: 3.945268 | AK64: 1.527828 | AL64: #########
A65: Baby Essentials_10-15 | B65: Baby Food_10-15 | C65: Baby Essentials | D65: Baby Food | E65: 46310 | F65: 14 | G65: 0 | H65: 5272 | I65: 0 | J65: 86.01796 | K65: 76.36093 | L65: 66.1063 | M65: 30.00458 | N65: 0.392931 | O65: 2.827753 | P65: 3.582619 | Q65: 3.927619 | R65: 7.627767 | S65: 8.039877 | T65: 2.827753 | U65: 3.582619 | V65: 3.927619 | W65: 7.627767 | X65: 8.039877 | Y65: 6.363411 | Z65: 3.927619 | AA65: 4.684542 | AB65: 5.259385 | AC65: 3.358529 | AD65: 7.627767 | AE65: 7.627767 | AF65: 9.097527 | AG65: 6.363411 | AH65: 1.676256 | AI65: 2.685552 | AJ65: 3.945268 | AK65: 1.527828 | AL65: #########
A66: Baby Essentials_15-20 | B66: Baby Food_15-20 | C66: Baby Essentials | D66: Baby Food | E66: 15-20 | F66: 5 | G66: 0 | H66: 1723 | I66: 0 | J66: 17.45596 | K66: 16.79265 | L66: 15.0443 | M66: 7.815164 | N66: 0.465392 | O66: 1.021693 | P66: 2.073216 | Q66: 2.073216 | R66: 2.079566 | S66: 3.803008 | T66: 1.021693 | U66: 2.073216 | V66: 2.073216 | W66: 2.079566 | X66: 3.803008 | Y66: 3.358529 | Z66: 3.927619 | AA66: 4.684542 | AB66: 5.259385 | AC66: 3.358529 | AD66: 2.079566 | AE66: 2.079566 | AF66: 3.576828 | AG66: 1.448531 | AH66: 1.676256 | AI66: 2.685552 | AJ66: 3.945268 | AK66: 1.527828 | AL66: #########
A67: Baby Essentials_20-25 | B67: Baby Food_20-25 | C67: Baby Essentials | D67: Baby Food | E67: 20-25 | F67: 4 | G67: 0 | H67: 576 | I67: 0 | J67: 1.546703 | K67: 1.59428 | L67: 1.675995 | M67: 1.59428 | N67: 1 | O67: 1.59428 | P67: 1.59428 | Q67: 1.59428 | R67: 1.59428 | S67: 1.59428 | T67: 1.59428 | U67: 1.59428 | V67: 1.59428 | W67: 1.59428 | X67: 1.59428 | Y67: 1.59428 | Z67: 3.927619 | AA67: 4.684542 | AB67: 5.259385 | AC67: 3.358529 | AD67: 3.730402 | AE67: 3.730402 | AF67: 9.685922 | AG67: 3.730402 | AH67: 1.676256 | AI67: 2.685552 | AJ67: 3.945268 | AK67: 1.527828 | AL67: #########
A68: Baby Essentials_25+ | B68: Baby Food_25+ | C68: Baby Essentials | D68: Baby Food | E68: 25+ | F68: 18 | G68: 0 | H68: 4067 | I68: 0 | J68: 22.43798 | K68: 22.7965 | L68: 21.96157 | M68: 8.820881 | N68: 0.38694 | O68: 0.682202 | P68: 0.835632 | Q68: 1.021456 | R68: 1.447845 | S68: 1.656003 | T68: 0.682202 | U68: 0.835632 | V68: 1.021456 | W68: 1.447845 | X68: 1.656003 | Y68: 1.424781 | Z68: 3.927619 | AA68: 4.684542 | AB68: 5.259385 | AC68: 3.358529 | AD68: 1.502309 | AE68: 1.642939 | AF68: 2.168828 | AG68: 1.988423 | AH68: 1.676256 | AI68: 2.685552 | AJ68: 3.945268 | AK68: 1.527828 | AL68: #########
A69: Baby Essentials_5-10 | B69: Baby Food_5-10 | C69: Baby Essentials | D69: Baby Food | E69: 46300 | F69: 32 | G69: 0 | H69: 18270 | I69: 0 | J69: 212.9548 | K69: 218.4366 | L69: 202.3046 | M69: 102.0009 | N69: 0.466959 | O69: 3.982691 | P69: 4.684542 | Q69: 4.766189 | R69: 6.065433 | S69: 9.39926 | T69: 3.982691 | U69: 4.684542 | V69: 4.766189 | W69: 6.065433 | X69: 9.39926 | Y69: 8.401408 | Z69: 3.927619 | AA69: 4.684542 | AB69: 5.259385 | AC69: 3.358529 | AD69: 5.957213 | AE69: 6.065433 | AF69: 10.35763 | AG69: 8.401408 | AH69: 1.676256 | AI69: 2.685552 | AJ69: 3.945268 | AK69: 1.527828 | AL69: #########
A70: Baby Essentials_Unknown | B70: Baby Food_Unknown | C70: Baby Essentials | D70: Baby Food | E70: Unknown | F70: 5 | G70: 5 | H70: 72 | I70: 72 | J70: 0 | K70: 0 | L70: 0 | M70: 0 | N70: 0 | O70: 0 | P70: 0 | Q70: 0 | R70: 0 | S70: 0 | T70: 0 | U70: 0 | V70: 0 | W70: 0 | X70: 0 | Y70: 0 | Z70: 3.927619 | AA70: 4.684542 | AB70: 5.259385 | AC70: 3.358529 | AD70: 0 | AE70: 0 | AF70: 0 | AG70: 0 | AH70: 1.676256 | AI70: 2.685552 | AJ70: 3.945268 | AK70: 1.527828 | AL70: #########
A71: Baking Ingredients_0-5 | B71: Baking Agents_0-5 | C71: Baking Ingredients | D71: Baking Agents | E71: 0-5 | F71: 4 | G71: 0 | H71: 1054 | I71: 0 | J71: 53.94115 | K71: 47.40272 | L71: 38.98111 | M71: 33.71719 | N71: 0.711292 | O71: 13.68553 | P71: 13.68553 | Q71: 13.68553 | R71: 33.71719 | S71: 33.71719 | T71: 13.68553 | U71: 13.68553 | V71: 13.68553 | W71: 33.71719 | X71: 33.71719 | Y71: 23.70136 | Z71: 0.2 | AA71: 13.68553 | AB71: 7.266546 | AC71: 10.75749 | AD71: 2.042629 | AE71: 10.23283 | AF71: 10.58818 | AG71: 18.89822 | AH71: 1.799201 | AI71: 3.762862 | AJ71: 6.908866 | AK71: 2.312813 | AL71: #########
A72: Baking Ingredients_10-15 | B72: Baking Agents_10-15 | C72: Baking Ingredients | D72: Baking Agents | E72: 46310 | F72: 2 | G72: 0 | H72: 1645 | I72: 0 | J72: 22.30871 | K72: 21.85645 | L72: 19.93341 | M72: 21.85645 | N72: 1 | O72: 0 | P72: 0 | Q72: 0 | R72: 21.85645 | S72: 21.85645 | T72: 21.85645 | U72: 21.85645 | V72: 21.85645 | W72: 21.85645 | X72: 21.85645 | Y72: 10.92822 | Z72: 0.2 | AA72: 13.68553 | AB72: 7.266546 | AC72: 10.75749 | AD72: 5.281533 | AE72: 5.297133 | AF72: 6.518016 | AG72: 5.167611 | AH72: 1.799201 | AI72: 3.762862 | AJ72: 6.908866 | AK72: 2.312813 | AL72: #########
A73: Baking Ingredients_15-20 | B73: Baking Agents_15-20 | C73: Baking Ingredients | D73: Baking Agents | E73: 15-20 | F73: 1 | G73: 0 | H73: 141 | I73: 0 | J73: 0 | K73: 0.2 | L73: 1.694538 | M73: 0.2 | N73: 1 | O73: 0.2 | P73: 0.2 | Q73: 0.2 | R73: 0.2 | S73: 0.2 | T73: 0.2 | U73: 0.2 | V73: 0.2 | W73: 0.2 | X73: 0.2 | Y73: 0.2 | Z73: 0.2 | AA73: 13.68553 | AB73: 7.266546 | AC73: 10.75749 | AD73: 1.636782 | AE73: 2.529082 | AF73: 4.0422 | AG73: 3.235953 | AH73: 1.799201 | AI73: 3.762862 | AJ73: 6.908866 | AK73: 2.312813 | AL73: #########
A74: Baking Ingredients_25+ | B74: Baking Agents_25+ | C74: Baking Ingredients | D74: Baking Agents | E74: 25+ | F74: 1 | G74: 0 | H74: 16 | I74: 0 | J74: 0 | K74: 0 | L74: 0 | M74: 0 | N74: 0 | O74: 0 | P74: 0 | Q74: 0 | R74: 0 | S74: 0 | T74: 0 | U74: 0 | V74: 0 | W74: 0 | X74: 0 | Y74: 0 | Z74: 0.2 | AA74: 13.68553 | AB74: 7.266546 | AC74: 10.75749 | AD74: 1.696923 | AE74: 1.752299 | AF74: 3.14088 | AG74: 1.446922 | AH74: 1.799201 | AI74: 3.762862 | AJ74: 6.908866 | AK74: 2.312813 | AL74: #########
A75: Baking Ingredients_5-10 | B75: Baking Agents_5-10 | C75: Baking Ingredients | D75: Baking Agents | E75: 46300 | F75: 6 | G75: 0 | H75: 2389 | I75: 0 | J75: 33.00874 | K75: 32.27248 | L75: 32.67518 | M75: 19.87978 | N75: 0.615998 | O75: 2.285915 | P75: 2.285915 | Q75: 2.285915 | R75: 10.10679 | S75: 19.87978 | T75: 2.285915 | U75: 2.285915 | V75: 2.285915 | W75: 10.10679 | X75: 19.87978 | Y75: 10.75749 | Z75: 0.2 | AA75: 13.68553 | AB75: 7.266546 | AC75: 10.75749 | AD75: 4.03742 | AE75: 5.365483 | AF75: 11.45161 | AG75: 10.75749 | AH75: 1.799201 | AI75: 3.762862 | AJ75: 6.908866 | AK75: 2.312813 | AL75: #########
A76: Baking Ingredients_Unknown | B76: Baking Agents_Unknown | C76: Baking Ingredients | D76: Baking Agents | E76: Unknown | F76: 0 | G76: 0 | H76: 0 | I76: 0 | J76: 0 | K76: 0 | L76: 0 | M76: 0 | N76: 0 | O76: 0 | P76: 0 | Q76: 0 | R76: 0 | S76: 0 | T76: 0 | U76: 0 | V76: 0 | W76: 0 | X76: 0 | Y76: 0 | Z76: 0.2 | AA76: 13.68553 | AB76: 7.266546 | AC76: 10.75749 | AD76: 0 | AE76: 0 | AF76: 0 | AG76: 0 | AH76: 1.799201 | AI76: 3.762862 | AJ76: 6.908866 | AK76: 2.312813 | AL76: #########
A77: Baking Ingredients_0-5 | B77: Baking Mixes_0-5 | C77: Baking Ingredients | D77: Baking Mixes | E77: 0-5 | F77: 7 | G77: 5 | H77: 680 | I77: 88 | J77: 0 | K77: 0 | L77: 0.5 | M77: 0 | N77: 0 | O77: 0 | P77: 0 | Q77: 0 | R77: 0 | S77: 0 | T77: 0 | U77: 0 | V77: 0 | W77: 0 | X77: 0 | Y77: 0 | Z77: 0 | AA77: 5.950889 | AB77: 7.864114 | AC77: 1.111111 | AD77: 2.042629 | AE77: 10.23283 | AF77: 10.58818 | AG77: 18.89822 | AH77: 1.799201 | AI77: 3.762862 | AJ77: 6.908866 | AK77: 2.312813 | AL77: #########
A78: Baking Ingredients_10-15 | B78: Baking Mixes_10-15 | C78: Baking Ingredients | D78: Baking Mixes | E78: 46310 | F78: 15 | G78: 0 | H78: 2279 | I78: 0 | J78: 4.9662 | K78: 4.24325 | L78: 2.834232 | M78: 4.24325 | N78: 1 | O78: 0 | P78: 0 | Q78: 0 | R78: 4.24325 | S78: 4.24325 | T78: 4.24325 | U78: 4.24325 | V78: 4.24325 | W78: 4.24325 | X78: 4.24325 | Y78: 2.121625 | Z78: 0 | AA78: 5.950889 | AB78: 7.864114 | AC78: 1.111111 | AD78: 5.281533 | AE78: 5.297133 | AF78: 6.518016 | AG78: 5.167611 | AH78: 1.799201 | AI78: 3.762862 | AJ78: 6.908866 | AK78: 2.312813 | AL78: #########
A79: Baking Ingredients_15-20 | B79: Baking Mixes_15-20 | C79: Baking Ingredients | D79: Baking Mixes | E79: 15-20 | F79: 13 | G79: 0 | H79: 4240 | I79: 0 | J79: 49.05698 | K79: 47.79646 | L79: 47.95868 | M79: 27.30635 | N79: 0.571305 | O79: 0 | P79: 1.129872 | Q79: 1.3 | R79: 5.950889 | S79: 6.308986 | T79: 1.129872 | U79: 1.3 | V79: 5.800364 | W79: 5.950889 | X79: 6.308986 | Y79: 5.974557 | Z79: 0 | AA79: 5.950889 | AB79: 7.864114 | AC79: 1.111111 | AD79: 1.636782 | AE79: 2.529082 | AF79: 4.0422 | AG79: 3.235953 | AH79: 1.799201 | AI79: 3.762862 | AJ79: 6.908866 | AK79: 2.312813 | AL79: #########
A80: Baking Ingredients_20-25 | B80: Baking Mixes_20-25 | C80: Baking Ingredients | D80: Baking Mixes | E80: 20-25 | F80: 2 | G80: 0 | H80: 221 | I80: 0 | J80: 0 | K80: 0 | L80: 0 | M80: 0 | N80: 0 | O80: 0 | P80: 0 | Q80: 0 | R80: 0 | S80: 0 | T80: 0 | U80: 0 | V80: 0 | W80: 0 | X80: 0 | Y80: 0 | Z80: 0 | AA80: 5.950889 | AB80: 7.864114 | AC80: 1.111111 | AD80: 2.138133 | AE80: 2.138133 | AF80: 3.403903 | AG80: 2.312813 | AH80: 1.799201 | AI80: 3.762862 | AJ80: 6.908866 | AK80: 2.312813 | AL80: #########
A81: Baking Ingredients_25+ | B81: Baking Mixes_25+ | C81: Baking Ingredients | D81: Baking Mixes | E81: 25+ | F81: 3 | G81: 0 | H81: 284 | I81: 0 | J81: 1.142857 | K81: 1.111111 | L81: 1.532925 | M81: 1.111111 | N81: 1 | O81: 1.111111 | P81: 1.111111 | Q81: 1.111111 | R81: 1.111111 | S81: 1.111111 | T81: 1.111111 | U81: 1.111111 | V81: 1.111111 | W81: 1.111111 | X81: 1.111111 | Y81: 1.111111 | Z81: 0 | AA81: 5.950889 | AB81: 7.864114 | AC81: 1.111111 | AD81: 1.696923 | AE81: 1.752299 | AF81: 3.14088 | AG81: 1.446922 | AH81: 1.799201 | AI81: 3.762862 | AJ81: 6.908866 | AK81: 2.312813 | AL81: #########
A82: Baking Ingredients_5-10 | B82: Baking Mixes_5-10 | C82: Baking Ingredients | D82: Baking Mixes | E82: 46300 | F82: 13 | G82: 0 | H82: 3540 | I82: 0 | J82: 210.9739 | K82: 206.365 | L82: 207.5141 | M82: 160.3784 | N82: 0.777159 | O82: 0 | P82: 0 | Q82: 0.164286 | R82: 3.795636 | S82: 26.07929 | T82: 0.164286 | U82: 1.959469 | V82: 3.795636 | W82: 13.9879 | X82: 26.07929 | Y82: 22.92944 | Z82: 0 | AA82: 5.950889 | AB82: 7.864114 | AC82: 1.111111 | AD82: 4.03742 | AE82: 5.365483 | AF82: 11.45161 | AG82: 10.75749 | AH82: 1.799201 | AI82: 3.762862 | AJ82: 6.908866 | AK82: 2.312813 | AL82: #########
A83: Baking Ingredients_Unknown | B83: Baking Mixes_Unknown | C83: Baking Ingredients | D83: Baking Mixes | E83: Unknown | F83: 5 | G83: 5 | H83: 325 | I83: 325 | J83: 0 | K83: 0 | L83: 0 | M83: 0 | N83: 0 | O83: 0 | P83: 0 | Q83: 0 | R83: 0 | S83: 0 | T83: 0 | U83: 0 | V83: 0 | W83: 0 | X83: 0 | Y83: 0 | Z83: 0 | AA83: 5.950889 | AB83: 7.864114 | AC83: 1.111111 | AD83: 0 | AE83: 0 | AF83: 0 | AG83: 0 | AH83: 1.799201 | AI83: 3.762862 | AJ83: 6.908866 | AK83: 2.312813 | AL83: #########
A84: Ice Cream_0-5 | B84: Bars & Sandwiches_0-5 | C84: Ice Cream | D84: Bars & Sandwiches | E84: 0-5 | F84: 2 | G84: 0 | H84: 34396 | I84: 0 | J84: 369.2588 | K84: 417.4509 | L84: 438.2272 | M84: 240.4793 | N84: 0.576066 | O84: 176.9716 | P84: 176.9716 | Q84: 176.9716 | R84: 240.4793 | S84: 240.4793 | T84: 176.9716 | U84: 176.9716 | V84: 176.9716 | W84: 240.4793 | X84: 240.4793 | Y84: 208.7254 | Z84: 11.61683 | AA84: 17.66038 | AB84: 31.75083 | AC84: 8.415313 | AD84: 7.570912 | AE84: 54.27197 | AF84: 50.93045 | AG84: 28.66634 | AH84: 3.456086 | AI84: 6.043321 | AJ84: 10.55322 | AK84: 5.937096 | AL84: #########
A85: Ice Cream_10-15 | B85: Bars & Sandwiches_10-15 | C85: Ice Cream | D85: Bars & Sandwiches | E85: 46310 | F85: 7 | G85: 0 | H85: 5277 | I85: 0 | J85: 50.21254 | K85: 50.49188 | L85: 46.48683 | M85: 27.75334 | N85: 0.549659 | O85: 0 | P85: 4.350029 | Q85: 4.350029 | R85: 9.317087 | S85: 9.649595 | T85: 4.350029 | U85: 9.071427 | V85: 9.071427 | W85: 9.317087 | X85: 9.649595 | Y85: 8.415313 | Z85: 11.61683 | AA85: 17.66038 | AB85: 31.75083 | AC85: 8.415313 | AD85: 9.317087 | AE85: 17.08451 | AF85: 12.56671 | AG85: 9.496488 | AH85: 3.456086 | AI85: 6.043321 | AJ85: 10.55322 | AK85: 5.937096 | AL85: #########
A86: Ice Cream_25+ | B86: Bars & Sandwiches_25+ | C86: Ice Cream | D86: Bars & Sandwiches | E86: 25+ | F86: 1 | G86: 0 | H86: 471 | I86: 0 | J86: 1.593407 | K86: 2.381612 | L86: 3.398922 | M86: 2.381612 | N86: 1 | O86: 2.381612 | P86: 2.381612 | Q86: 2.381612 | R86: 2.381612 | S86: 2.381612 | T86: 2.381612 | U86: 2.381612 | V86: 2.381612 | W86: 2.381612 | X86: 2.381612 | Y86: 2.381612 | Z86: 11.61683 | AA86: 17.66038 | AB86: 31.75083 | AC86: 8.415313 | AD86: 3.451433 | AE86: 3.574683 | AF86: 7.074557 | AG86: 5.936095 | AH86: 3.456086 | AI86: 6.043321 | AJ86: 10.55322 | AK86: 5.937096 | AL86: #########
A87: Ice Cream_5-10 | B87: Bars & Sandwiches_5-10 | C87: Ice Cream | D87: Bars & Sandwiches | E87: 46300 | F87: 7 | G87: 0 | H87: 17536 | I87: 0 | J87: 143.314 | K87: 132.9415 | L87: 135.5658 | M87: 55.98414 | N87: 0.421119 | O87: 11.61683 | P87: 11.93708 | Q87: 17.66038 | R87: 17.68617 | S87: 18.05687 | T87: 11.61683 | U87: 11.93708 | V87: 17.66038 | W87: 17.68617 | X87: 18.05687 | Y87: 18.99164 | Z87: 11.61683 | AA87: 17.66038 | AB87: 31.75083 | AC87: 8.415313 | AD87: 15.23553 | AE87: 15.23553 | AF87: 23.22342 | AG87: 19.49878 | AH87: 3.456086 | AI87: 6.043321 | AJ87: 10.55322 | AK87: 5.937096 | AL87: #########
A88: Ice Cream_Unknown | B88: Bars & Sandwiches_Unknown | C88: Ice Cream | D88: Bars & Sandwiches | E88: Unknown | F88: 3 | G88: 3 | H88: 650 | I88: 650 | J88: 0 | K88: 0 | L88: 0 | M88: 0 | N88: 0 | O88: 0 | P88: 0 | Q88: 0 | R88: 0 | S88: 0 | T88: 0 | U88: 0 | V88: 0 | W88: 0 | X88: 0 | Y88: 0 | Z88: 11.61683 | AA88: 17.66038 | AB88: 31.75083 | AC88: 8.415313 | AD88: 0 | AE88: 0 | AF88: 0 | AG88: 0 | AH88: 3.456086 | AI88: 6.043321 | AJ88: 10.55322 | AK88: 5.937096 | AL88: #########
A89: Hygiene & Personal Care_0-5 | B89: Bath & Shower_0-5 | C89: Hygiene & Personal Care | D89: Bath & Shower | E89: 0-5 | F89: 1 | G89: 0 | H89: 1806 | I89: 0 | J89: 17.89136 | K89: 20.84812 | L89: 20.36251 | M89: 20.84812 | N89: 1 | O89: 0 | P89: 0 | Q89: 0 | R89: 0 | S89: 20.84812 | T89: 20.84812 | U89: 20.84812 | V89: 20.84812 | W89: 20.84812 | X89: 20.84812 | Y89: 6.949375 | Z89: 2.875716 | AA89: 4.906504 | AB89: 5.1096 | AC89: 5.620519 | AD89: 0 | AE89: 20.84812 | AF89: 1.843325 | AG89: 0.275447 | AH89: 0.822472 | AI89: 2.340114 | AJ89: 3.508074 | AK89: 4.338341 | AL89: #########
A90: Hygiene & Personal Care_10-15 | B90: Bath & Shower_10-15 | C90: Hygiene & Personal Care | D90: Bath & Shower | E90: 46310 | F90: 9 | G90: 0 | H90: 1217 | I90: 0 | J90: 9.4552 | K90: 9.069412 | L90: 11.12147 | M90: 9.069412 | N90: 1 | O90: 0 | P90: 0 | Q90: 0 | R90: 9.069412 | S90: 9.069412 | T90: 9.069412 | U90: 9.069412 | V90: 9.069412 | W90: 9.069412 | X90: 9.069412 | Y90: 4.534706 | Z90: 2.875716 | AA90: 4.906504 | AB90: 5.1096 | AC90: 5.620519 | AD90: 5.611754 | AE90: 6.325606 | AF90: 9.719525 | AG90: 9.03104 | AH90: 0.822472 | AI90: 2.340114 | AJ90: 3.508074 | AK90: 4.338341 | AL90: #########
A91: Hygiene & Personal Care_15-20 | B91: Bath & Shower_15-20 | C91: Hygiene & Personal Care | D91: Bath & Shower | E91: 15-20 | F91: 24 | G91: 0 | H91: 11511 | I91: 0 | J91: 126.7235 | K91: 127.983 | L91: 129.9851 | M91: 65.18944 | N91: 0.50936 | O91: 2.224389 | P91: 3.09179 | Q91: 3.68608 | R91: 6.128387 | S91: 7.806256 | T91: 2.224389 | U91: 3.09179 | V91: 3.68608 | W91: 6.128387 | X91: 7.806256 | Y91: 7.528413 | Z91: 2.875716 | AA91: 4.906504 | AB91: 5.1096 | AC91: 5.620519 | AD91: 5.622099 | AE91: 5.646151 | AF91: 6.762857 | AG91: 6.74817 | AH91: 0.822472 | AI91: 2.340114 | AJ91: 3.508074 | AK91: 4.338341 | AL91: #########
A92: Hygiene & Personal Care_20-25 | B92: Bath & Shower_20-25 | C92: Hygiene & Personal Care | D92: Bath & Shower | E92: 20-25 | F92: 11 | G92: 0 | H92: 3798 | I92: 0 | J92: 44.82002 | K92: 44.96415 | L92: 40.07549 | M92: 25.99171 | N92: 0.578054 | O92: 1.041626 | P92: 1.309615 | Q92: 2.875716 | R92: 4.880229 | S92: 5.916189 | T92: 1.041626 | U92: 1.309615 | V92: 2.875716 | W92: 4.880229 | X92: 5.916189 | Y92: 5.620519 | Z92: 2.875716 | AA92: 4.906504 | AB92: 5.1096 | AC92: 5.620519 | AD92: 2.708493 | AE92: 2.733229 | AF92: 4.678482 | AG92: 5.620519 | AH92: 0.822472 | AI92: 2.340114 | AJ92: 3.508074 | AK92: 4.338341 | AL92: #########
A93: Hygiene & Personal Care_25+ | B93: Bath & Shower_25+ | C93: Hygiene & Personal Care | D93: Bath & Shower | E93: 25+ | F93: 33 | G93: 0 | H93: 9061 | I93: 0 | J93: 105.1058 | K93: 99.7827 | L93: 95.37371 | M93: 55.99834 | N93: 0.561203 | O93: 1.080971 | P93: 1.327442 | Q93: 1.684236 | R93: 2.742261 | S93: 6.51866 | T93: 1.080971 | U93: 1.327442 | V93: 1.684236 | W93: 2.742261 | X93: 6.51866 | Y93: 4.535577 | Z93: 2.875716 | AA93: 4.906504 | AB93: 5.1096 | AC93: 5.620519 | AD93: 0.963542 | AE93: 1.038964 | AF93: 1.928436 | AG93: 2.805134 | AH93: 0.822472 | AI93: 2.340114 | AJ93: 3.508074 | AK93: 4.338341 | AL93: #########
A94: Hygiene & Personal Care_5-10 | B94: Bath & Shower_5-10 | C94: Hygiene & Personal Care | D94: Bath & Shower | E94: 46300 | F94: 6 | G94: 0 | H94: 2922 | I94: 0 | J94: 40.56481 | K94: 39.69582 | L94: 38.24644 | M94: 31.18768 | N94: 0.785667 | O94: 8.508143 | P94: 8.508143 | Q94: 8.508143 | R94: 31.18768 | S94: 31.18768 | T94: 8.508143 | U94: 8.508143 | V94: 8.508143 | W94: 31.18768 | X94: 31.18768 | Y94: 19.84791 | Z94: 2.875716 | AA94: 4.906504 | AB94: 5.1096 | AC94: 5.620519 | AD94: 2.286111 | AE94: 9.349282 | AF94: 10.19788 | AG94: 6.066643 | AH94: 0.822472 | AI94: 2.340114 | AJ94: 3.508074 | AK94: 4.338341 | AL94: #########
A95: Hygiene & Personal Care_Unknown | B95: Bath & Shower_Unknown | C95: Hygiene & Personal Care | D95: Bath & Shower | E95: Unknown | F95: 10 | G95: 10 | H95: 652 | I95: 652 | J95: 0 | K95: 0 | L95: 0 | M95: 0 | N95: 0 | O95: 0 | P95: 0 | Q95: 0 | R95: 0 | S95: 0 | T95: 0 | U95: 0 | V95: 0 | W95: 0 | X95: 0 | Y95: 0 | Z95: 2.875716 | AA95: 4.906504 | AB95: 5.1096 | AC95: 5.620519 | AD95: 0 | AE95: 0 | AF95: 0 | AG95: 0 | AH95: 0.822472 | AI95: 2.340114 | AJ95: 3.508074 | AK95: 4.338341 | AL95: #########
A96: Cleaning & Household_10-15 | B96: Bathroom Cleaners_10-15 | C96: Cleaning & Household | D96: Bathroom Cleaners | E96: 46310 | F96: 11 | G96: 1 | H96: 4559 | I96: 37 | J96: 62.48543 | K96: 59.79506 | L96: 50.42461 | M96: 41.57147 | N96: 0.695232 | O96: 1.3 | P96: 4.096748 | Q96: 4.096748 | R96: 8.258912 | S96: 15.28038 | T96: 1.3 | U96: 4.096748 | V96: 4.096748 | W96: 8.258912 | X96: 15.28038 | Y96: 9.965844 | Z96: 4.203645 | AA96: 4.567935 | AB96: 5.867836 | AC96: 5.477437 | AD96: 4.894091 | AE96: 5.226643 | AF96: 7.986467 | AG96: 7.2494 | AH96: 3.3173 | AI96: 3.964523 | AJ96: 6.529036 | AK96: 4.965673 | AL96: #########
A97: Cleaning & Household_15-20 | B97: Bathroom Cleaners_15-20 | C97: Cleaning & Household | D97: Bathroom Cleaners | E97: 15-20 | F97: 15 | G97: 2 | H97: 5608 | I97: 22 | J97: 65.75338 | K97: 58.09834 | L97: 56.70076 | M97: 26.5255 | N97: 0.456562 | O97: 1.417661 | P97: 2.031452 | Q97: 2.617406 | R97: 4.757624 | S97: 6.511105 | T97: 1.417661 | U97: 2.031452 | V97: 2.617406 | W97: 4.757624 | X97: 6.511105 | Y97: 4.841529 | Z97: 4.203645 | AA97: 4.567935 | AB97: 5.867836 | AC97: 5.477437 | AD97: 5.052628 | AE97: 5.052628 | AF97: 7.842166 | AG97: 6.218119 | AH97: 3.3173 | AI97: 3.964523 | AJ97: 6.529036 | AK97: 4.965673 | AL97: #########
A98: Cleaning & Household_20-25 | B98: Bathroom Cleaners_20-25 | C98: Cleaning & Household | D98: Bathroom Cleaners | E98: 20-25 | F98: 9 | G98: 2 | H98: 4313 | I98: 26 | J98: 43.87885 | K98: 39.74426 | L98: 41.36835 | M98: 21.90862 | N98: 0.55124 | O98: 1.999845 | P98: 3.072839 | Q98: 3.072839 | R98: 9.273395 | S98: 10.41343 | T98: 1.999845 | U98: 3.072839 | V98: 3.072839 | W98: 9.273395 | X98: 10.41343 | Y98: 6.624043 | Z98: 4.203645 | AA98: 4.567935 | AB98: 5.867836 | AC98: 5.477437 | AD98: 3.710598 | AE98: 3.710598 | AF98: 5.805307 | AG98: 6.24393 | AH98: 3.3173 | AI98: 3.964523 | AJ98: 6.529036 | AK98: 4.965673 | AL98: #########
A99: Cleaning & Household_25+ | B99: Bathroom Cleaners_25+ | C99: Cleaning & Household | D99: Bathroom Cleaners | E99: 25+ | F99: 8 | G99: 1 | H99: 2856 | I99: 16 | J99: 34.76501 | K99: 31.30428 | L99: 31.20566 | M99: 22.19551 | N99: 0.709025 | O99: 0 | P99: 0.767816 | Q99: 0.771264 | R99: 3.366048 | S99: 4.203645 | T99: 0.767816 | U99: 0.771264 | V99: 0.771264 | W99: 4.203645 | X99: 7.062821 | Y99: 4.472041 | Z99: 4.203645 | AA99: 4.567935 | AB99: 5.867836 | AC99: 5.477437 | AD99: 2.441446 | AE99: 2.513386 | AF99: 4.153756 | AG99: 2.063496 | AH99: 3.3173 | AI99: 3.964523 | AJ99: 6.529036 | AK99: 4.965673 | AL99: #########
A100: Cleaning & Household_5-10 | B100: Bathroom Cleaners_5-10 | C100: Cleaning & Household | D100: Bathroom Cleaners | E100: 46300 | F100: 6 | G100: 0 | H100: 970 | I100: 0 | J100: 18.20403 | K100: 16.43231 | L100: 15.982 | M100: 16.43231 | N100: 1 | O100: 0 | P100: 0 | Q100: 0 | R100: 0 | S100: 16.43231 | T100: 16.43231 | U100: 16.43231 | V100: 16.43231 | W100: 16.43231 | X100: 16.43231 | Y100: 5.477437 | Z100: 4.203645 | AA100: 4.567935 | AB100: 5.867836 | AC100: 5.477437 | AD100: 4.184219 | AE100: 5.641307 | AF100: 9.07508 | AG100: 5.477437 | AH100: 3.3173 | AI100: 3.964523 | AJ100: 6.529036 | AK100: 4.965673 | AL100: #########
...

Sheet New Launch Success Rate
A1: Subcat_ASP Bucket | B1: Total New Launches (Last 180d) | C1: Successful Launches | D1: Aggregation Level Used | E1: Launch Success Rate | F1: Revised
A2: Accessories_20-25 | B2: 3 | C2: 2 | D2: Fallback: ParentCategory | E2: 0.667 | F2: =if(D2="Fallback: ParentCategory_ASP",E2*0.75, IF(D2="Fallback: ParentCategory",E2*0.5,E2)) -> 0.3335
A3: Accessories_25+ | B3: 0 | C3: 0 | D3: No Launches in Entire Category | E3: Not Applicable | F3: =if(D3="Fallback: ParentCategory_ASP",E3*0.75, IF(D3="Fallback: ParentCategory",E3*0.5,E3)) -> Not Applicable
A4: Accessories_25+ | B4: 3 | C4: 2 | D4: Fallback: ParentCategory_ASP | E4: 0.667 | F4: =if(D4="Fallback: ParentCategory_ASP",E4*0.75, IF(D4="Fallback: ParentCategory",E4*0.5,E4)) -> 0.50025
A5: Accessories_Unknown | B5: 3 | C5: 2 | D5: Fallback: ParentCategory | E5: 0.667 | F5: =if(D5="Fallback: ParentCategory_ASP",E5*0.75, IF(D5="Fallback: ParentCategory",E5*0.5,E5)) -> 0.3335
A6: Accessories_Unknown | B6: 0 | C6: 0 | D6: No Launches in Entire Category | E6: Not Applicable | F6: =if(D6="Fallback: ParentCategory_ASP",E6*0.75, IF(D6="Fallback: ParentCategory",E6*0.5,E6)) -> Not Applicable
A7: Activity Books_0-5 | B7: 97 | C7: 70 | D7: Fallback: ParentCategory | E7: 0.722 | F7: =if(D7="Fallback: ParentCategory_ASP",E7*0.75, IF(D7="Fallback: ParentCategory",E7*0.5,E7)) -> 0.361
A8: Activity Books_10-15 | B8: 3 | C8: 3 | D8: Exact Subcat_ASP Match | E8: 1 | F8: =if(D8="Fallback: ParentCategory_ASP",E8*0.75, IF(D8="Fallback: ParentCategory",E8*0.5,E8)) -> 1
A9: Activity Books_15-20 | B9: 97 | C9: 70 | D9: Fallback: ParentCategory | E9: 0.722 | F9: =if(D9="Fallback: ParentCategory_ASP",E9*0.75, IF(D9="Fallback: ParentCategory",E9*0.5,E9)) -> 0.361
A10: Activity Books_20-25 | B10: 3 | C10: 3 | D10: Exact Subcat_ASP Match | E10: 1 | F10: =if(D10="Fallback: ParentCategory_ASP",E10*0.75, IF(D10="Fallback: ParentCategory",E10*0.5,E10)) -> 1
A11: Activity Books_25+ | B11: 3 | C11: 3 | D11: Exact Subcat_ASP Match | E11: 1 | F11: =if(D11="Fallback: ParentCategory_ASP",E11*0.75, IF(D11="Fallback: ParentCategory",E11*0.5,E11)) -> 1
A12: Activity Books_5-10 | B12: 97 | C12: 70 | D12: Fallback: ParentCategory | E12: 0.722 | F12: =if(D12="Fallback: ParentCategory_ASP",E12*0.75, IF(D12="Fallback: ParentCategory",E12*0.5,E12)) -> 0.361
A13: Adapters_25+ | B13: 1 | C13: 0 | D13: Fallback: ParentCategory | E13: Not Applicable | F13: =if(D13="Fallback: ParentCategory_ASP",E13*0.75, IF(D13="Fallback: ParentCategory",E13*0.5,E13)) -> #VALUE!
A14: Adult Diapers_20-25 | B14: 6 | C14: 6 | D14: Fallback: ParentCategory_ASP | E14: 1 | F14: =if(D14="Fallback: ParentCategory_ASP",E14*0.75, IF(D14="Fallback: ParentCategory",E14*0.5,E14)) -> 0.75
A15: Adult Diapers_25+ | B15: 27 | C15: 24 | D15: Fallback: ParentCategory_ASP | E15: 0.889 | F15: =if(D15="Fallback: ParentCategory_ASP",E15*0.75, IF(D15="Fallback: ParentCategory",E15*0.5,E15)) -> 0.66675
A16: Adult Diapers_Unknown | B16: 4 | C16: 0 | D16: Fallback: ParentCategory_ASP | E16: 0 | F16: =if(D16="Fallback: ParentCategory_ASP",E16*0.75, IF(D16="Fallback: ParentCategory",E16*0.5,E16)) -> 0
A17: Air Purifier_25+ | B17: 12 | C17: 3 | D17: Fallback: ParentCategory_ASP | E17: 0.25 | F17: =if(D17="Fallback: ParentCategory_ASP",E17*0.75, IF(D17="Fallback: ParentCategory",E17*0.5,E17)) -> 0.1875
A18: Air Purifier_Unknown | B18: 9 | C18: 0 | D18: Fallback: ParentCategory_ASP | E18: 0 | F18: =if(D18="Fallback: ParentCategory_ASP",E18*0.75, IF(D18="Fallback: ParentCategory",E18*0.5,E18)) -> 0
A19: Air fresheners & Candles_10-15 | B19: 8 | C19: 7 | D19: Fallback: ParentCategory_ASP | E19: 0.875 | F19: =if(D19="Fallback: ParentCategory_ASP",E19*0.75, IF(D19="Fallback: ParentCategory",E19*0.5,E19)) -> 0.65625
A20: Air fresheners & Candles_15-20 | B20: 5 | C20: 3 | D20: Fallback: ParentCategory_ASP | E20: 0.6 | F20: =if(D20="Fallback: ParentCategory_ASP",E20*0.75, IF(D20="Fallback: ParentCategory",E20*0.5,E20)) -> 0.45
A21: Air fresheners & Candles_20-25 | B21: 5 | C21: 4 | D21: Fallback: ParentCategory_ASP | E21: 0.8 | F21: =if(D21="Fallback: ParentCategory_ASP",E21*0.75, IF(D21="Fallback: ParentCategory",E21*0.5,E21)) -> 0.6
A22: Air fresheners & Candles_25+ | B22: 5 | C22: 4 | D22: Exact Subcat_ASP Match | E22: 0.8 | F22: =if(D22="Fallback: ParentCategory_ASP",E22*0.75, IF(D22="Fallback: ParentCategory",E22*0.5,E22)) -> 0.8
A23: Air fresheners & Candles_5-10 | B23: 9 | C23: 7 | D23: Fallback: ParentCategory_ASP | E23: 0.778 | F23: =if(D23="Fallback: ParentCategory_ASP",E23*0.75, IF(D23="Fallback: ParentCategory",E23*0.5,E23)) -> 0.5835
A24: Air fresheners & Candles_Unknown | B24: 47 | C24: 35 | D24: Fallback: ParentCategory | E24: 0.745 | F24: =if(D24="Fallback: ParentCategory_ASP",E24*0.75, IF(D24="Fallback: ParentCategory",E24*0.5,E24)) -> 0.3725
A25: Airpods_25+ | B25: 0 | C25: 0 | D25: No Launches in Entire Category | E25: Not Applicable | F25: =if(D25="Fallback: ParentCategory_ASP",E25*0.75, IF(D25="Fallback: ParentCategory",E25*0.5,E25)) -> Not Applicable
A26: Android Smartphone_Unknown | B26: 0 | C26: 0 | D26: No Launches in Entire Category | E26: Not Applicable | F26: =if(D26="Fallback: ParentCategory_ASP",E26*0.75, IF(D26="Fallback: ParentCategory",E26*0.5,E26)) -> Not Applicable
A27: Apple Watch_Unknown | B27: 16 | C27: 0 | D27: Fallback: ParentCategory_ASP | E27: 0 | F27: =if(D27="Fallback: ParentCategory_ASP",E27*0.75, IF(D27="Fallback: ParentCategory",E27*0.5,E27)) -> 0
A28: Apple iPads_Unknown | B28: 0 | C28: 0 | D28: No Launches in Entire Category | E28: Not Applicable | F28: =if(D28="Fallback: ParentCategory_ASP",E28*0.75, IF(D28="Fallback: ParentCategory",E28*0.5,E28)) -> Not Applicable
A29: Appliances_10-15 | B29: 6 | C29: 1 | D29: Fallback: ParentCategory | E29: 0.167 | F29: =if(D29="Fallback: ParentCategory_ASP",E29*0.75, IF(D29="Fallback: ParentCategory",E29*0.5,E29)) -> 0.0835
A30: Appliances_20-25 | B30: 6 | C30: 1 | D30: Fallback: ParentCategory | E30: 0.167 | F30: =if(D30="Fallback: ParentCategory_ASP",E30*0.75, IF(D30="Fallback: ParentCategory",E30*0.5,E30)) -> 0.0835
A31: Appliances_25+ | B31: 4 | C31: 0 | D31: Exact Subcat_ASP Match | E31: 0 | F31: =if(D31="Fallback: ParentCategory_ASP",E31*0.75, IF(D31="Fallback: ParentCategory",E31*0.5,E31)) -> 0
A32: Appliances_Unknown | B32: 6 | C32: 1 | D32: Fallback: ParentCategory | E32: 0.167 | F32: =if(D32="Fallback: ParentCategory_ASP",E32*0.75, IF(D32="Fallback: ParentCategory",E32*0.5,E32)) -> 0.0835
A33: Arabic & Flat Bread_0-5 | B33: 8 | C33: 6 | D33: Fallback: ParentCategory_ASP | E33: 0.75 | F33: =if(D33="Fallback: ParentCategory_ASP",E33*0.75, IF(D33="Fallback: ParentCategory",E33*0.5,E33)) -> 0.5625
A34: Arabic & Flat Bread_10-15 | B34: 21 | C34: 19 | D34: Fallback: ParentCategory_ASP | E34: 0.905 | F34: =if(D34="Fallback: ParentCategory_ASP",E34*0.75, IF(D34="Fallback: ParentCategory",E34*0.5,E34)) -> 0.67875
A35: Arabic & Flat Bread_15-20 | B35: 17 | C35: 16 | D35: Fallback: ParentCategory_ASP | E35: 0.941 | F35: =if(D35="Fallback: ParentCategory_ASP",E35*0.75, IF(D35="Fallback: ParentCategory",E35*0.5,E35)) -> 0.70575
A36: Arabic & Flat Bread_20-25 | B36: 4 | C36: 4 | D36: Fallback: ParentCategory_ASP | E36: 1 | F36: =if(D36="Fallback: ParentCategory_ASP",E36*0.75, IF(D36="Fallback: ParentCategory",E36*0.5,E36)) -> 0.75
A37: Arabic & Flat Bread_25+ | B37: 5 | C37: 4 | D37: Fallback: ParentCategory_ASP | E37: 0.8 | F37: =if(D37="Fallback: ParentCategory_ASP",E37*0.75, IF(D37="Fallback: ParentCategory",E37*0.5,E37)) -> 0.6
A38: Arabic & Flat Bread_5-10 | B38: 25 | C38: 21 | D38: Fallback: ParentCategory_ASP | E38: 0.84 | F38: =if(D38="Fallback: ParentCategory_ASP",E38*0.75, IF(D38="Fallback: ParentCategory",E38*0.5,E38)) -> 0.63
A39: Arabic & Flat Bread_Unknown | B39: 80 | C39: 70 | D39: Fallback: ParentCategory | E39: 0.875 | F39: =if(D39="Fallback: ParentCategory_ASP",E39*0.75, IF(D39="Fallback: ParentCategory",E39*0.5,E39)) -> 0.4375
A40: Arabic Sweets_10-15 | B40: 21 | C40: 19 | D40: Fallback: ParentCategory_ASP | E40: 0.905 | F40: =if(D40="Fallback: ParentCategory_ASP",E40*0.75, IF(D40="Fallback: ParentCategory",E40*0.5,E40)) -> 0.67875
... A117: Beef_Unknown | B117: 5 | C117: 5 | D117: Fallback: ParentCategory | E117: 1 | F117: =if(D117="Fallback: ParentCategory_ASP",E117*0.75, IF(D117="Fallback: ParentCategory",E117*0.5,E117)) -> 0.5
A118: Birds & Others Food_Unknown | B118: 0 | C118: 0 | D118: No Launches in Entire Category | E118: Not Applicable | F118: =if(D118="Fallback: ParentCategory_ASP",E118*0.75, IF(D118="Fallback: ParentCategory",E118*0.5,E118)) -> Not Applicable
A119: Biscuits & Cookies_0-5 | B119: 12 | C119: 7 | D119: Fallback: ParentCategory_ASP | E119: 0.583 | F119: =if(D119="Fallback: ParentCategory_ASP",E119*0.75, IF(D119="Fallback: ParentCategory",E119*0.5,E119)) -> 0.43725
A120: Biscuits & Cookies_10-15 | B120: 6 | C120: 4 | D120: Exact Subcat_ASP Match | E120: 0.667 | F120: =if(D120="Fallback: ParentCategory_ASP",E120*0.75, IF(D120="Fallback: ParentCategory",E120*0.5,E120)) -> 0.667
A121: Biscuits & Cookies_15-20 | B121: 14 | C121: 9 | D121: Fallback: ParentCategory_ASP | E121: 0.643 | F121: =if(D121="Fallback: ParentCategory_ASP",E121*0.75, IF(D121="Fallback: ParentCategory",E121*0.5,E121)) -> 0.48225
A122: Biscuits & Cookies_20-25 | B122: 13 | C122: 12 | D122: Fallback: ParentCategory_ASP | E122: 0.923 | F122: =if(D122="Fallback: ParentCategory_ASP",E122*0.75, IF(D122="Fallback: ParentCategory",E122*0.5,E122)) -> 0.69225
A123: Biscuits & Cookies_25+ | B123: 4 | C123: 4 | D123: Exact Subcat_ASP Match | E123: 1 | F123: =if(D123="Fallback: ParentCategory_ASP",E123*0.75, IF(D123="Fallback: ParentCategory",E123*0.5,E123)) -> 1
A124: Biscuits & Cookies_5-10 | B124: 4 | C124: 0 | D124: Exact Subcat_ASP Match | E124: 0 | F124: =if(D124="Fallback: ParentCategory_ASP",E124*0.75, IF(D124="Fallback: ParentCategory",E124*0.5,E124)) -> 0
A125: Biscuits & Cookies_Unknown | B125: 5 | C125: 0 | D125: Fallback: ParentCategory_ASP | E125: 0 | F125: =if(D125="Fallback: ParentCategory_ASP",E125*0.75, IF(D125="Fallback: ParentCategory",E125*0.5,E125)) -> 0
A126: Biscuits_Unknown | B126: 38 | C126: 26 | D126: Fallback: ParentCategory | E126: 0.684 | F126: =if(D126="Fallback: ParentCategory_ASP",E126*0.75, IF(D126="Fallback: ParentCategory",E126*0.5,E126)) -> 0.342
A127: Bleach & Starch_10-15 | B127: 24 | C127: 20 | D127: Fallback: ParentCategory | E127: 0.833 | F127: =if(D127="Fallback: ParentCategory_ASP",E127*0.75, IF(D127="Fallback: ParentCategory",E127*0.5,E127)) -> 0.4165
A128: Bleach & Starch_25+ | B128: 15 | C128: 13 | D128: Fallback: ParentCategory_ASP | E128: 0.867 | F128: =if(D128="Fallback: ParentCategory_ASP",E128*0.75, IF(D128="Fallback: ParentCategory",E128*0.5,E128)) -> 0.65025
A129: Bleach & Starch_5-10 | B129: 24 | C129: 20 | D129: Fallback: ParentCategory | E129: 0.833 | F129: =if(D129="Fallback: ParentCategory_ASP",E129*0.75, IF(D129="Fallback: ParentCategory",E129*0.5,E129)) -> 0.4165
A130: Bleach & Starch_Unknown | B130: 24 | C130: 20 | D130: Fallback: ParentCategory | E130: 0.833 | F130: =if(D130="Fallback: ParentCategory_ASP",E130*0.75, IF(D130="Fallback: ParentCategory",E130*0.5,E130)) -> 0.4165
... A132: Blenders, Mixers & Food Processors_Unknown | B132: 9 | C132: 0 | D132: Fallback: ParentCategory_ASP | E132: 0 | F132: =if(D132="Fallback: ParentCategory_ASP",E132*0.75, IF(D132="Fallback: ParentCategory",E132*0.5,E132)) -> 0
A133: Block Cheese | Bouquets & Gifts_Unknown | B133: 0 | C133: 0 | D133: No Launches in Entire Category | E133: Not Applicable | F133: =if(D133="Fallback: ParentCategory_ASP",E133*0.75, IF(D133="Fallback: ParentCategory",E133*0.5,E133)) -> Not Applicable
A134: Block Cheese_0-5 | B134: 5 | C134: 3 | D134: Fallback: ParentCategory | E134: 0.6 | F134: =if(D134="Fallback: ParentCategory_ASP",E134*0.75, IF(D134="Fallback: ParentCategory",E134*0.5,E134)) -> 0.3
A135: Block Cheese_10-15 | B135: 5 | C135: 3 | D135: Fallback: ParentCategory | E135: 0.6 | F135: =if(D135="Fallback: ParentCategory_ASP",E135*0.75, IF(D135="Fallback: ParentCategory",E135*0.5,E135)) -> 0.3
A136: Block Cheese_15-20 | B136: 5 | C136: 3 | D136: Fallback: ParentCategory | E136: 0.6 | F136: =if(D136="Fallback: ParentCategory_ASP",E136*0.75, IF(D136="Fallback: ParentCategory",E136*0.5,E136)) -> 0.3
A137: Block Cheese_20-25 | B137: 5 | C137: 3 | D137: Fallback: ParentCategory | E137: 0.6 | F137: =if(D137="Fallback: ParentCategory_ASP",E137*0.75, IF(D137="Fallback: ParentCategory",E137*0.5,E137)) -> 0.3
A138: Block Cheese_25+ | B138: 5 | C138: 3 | D138: Fallback: ParentCategory | E138: 0.6 | F138: =if(D138="Fallback: ParentCategory_ASP",E138*0.75, IF(D138="Fallback: ParentCategory",E138*0.5,E138)) -> 0.3
A139: Block Cheese_5-10 | B139: 5 | C139: 3 | D139: Fallback: ParentCategory | E139: 0.6 | F139: =if(D139="Fallback: ParentCategory_ASP",E139*0.75, IF(D139="Fallback: ParentCategory",E139*0.5,E139)) -> 0.3
A140: Block Cheese_Unknown | B140: 5 | C140: 3 | D140: Fallback: ParentCategory | E140: 0.6 | F140: =if(D140="Fallback: ParentCategory_ASP",E140*0.75, IF(D140="Fallback: ParentCategory",E140*0.5,E140)) -> 0.3
A141: Board Games_25+ | B141: 71 | C141: 59 | D141: Fallback: ParentCategory_ASP | E141: 0.831 | F141: =if(D141="Fallback: ParentCategory_ASP",E141*0.75, IF(D141="Fallback: ParentCategory",E141*0.5,E141)) -> 0.62325
A142: Board Games_Unknown | B142: 15 | C142: 0 | D142: Fallback: ParentCategory_ASP | E142: 0 | F142: =if(D142="Fallback: ParentCategory_ASP",E142*0.75, IF(D142="Fallback: ParentCategory",E142*0.5,E142)) -> 0
A143: Body & Skin Care | Hair Studio | Skin & Treatments_15-20 | B143: 0 | C143: 0 | D143: No Launches in Entire Category | E143: Not Applicable | F143: =if(D143="Fallback: ParentCategory_ASP",E143*0.75, IF(D143="Fallback: ParentCategory",E143*0.5,E143)) -> Not Applicable
A144: Body & Skin Care | Skin & Treatments_25+ | B144: 0 | C144: 0 | D144: No Launches in Entire Category | E144: Not Applicable | F144: =if(D144="Fallback: ParentCategory_ASP",E144*0.75, IF(D144="Fallback: ParentCategory",E144*0.5,E144)) -> Not Applicable
A145: Body & Skin Care_0-5 | B145: 206 | C145: 152 | D145: Fallback: ParentCategory | E145: 0.738 | F145: =if(D145="Fallback: ParentCategory_ASP",E145*0.75, IF(D145="Fallback: ParentCategory",E145*0.5,E145)) -> 0.369
A146: Body & Skin Care_10-15 | B146: 8 | C146: 6 | D146: Exact Subcat_ASP Match | E146: 0.75 | F146: =if(D146="Fallback: ParentCategory_ASP",E146*0.75, IF(D146="Fallback: ParentCategory",E146*0.5,E146)) -> 0.75
A147: Body & Skin Care_15-20 | B147: 3 | C147: 2 | D147: Exact Subcat_ASP Match | E147: 0.667 | F147: =if(D147="Fallback: ParentCategory_ASP",E147*0.75, IF(D147="Fallback: ParentCategory",E147*0.5,E147)) -> 0.667
A148: Body & Skin Care_20-25 | B148: 6 | C148: 3 | D148: Exact Subcat_ASP Match | E148: 0.5 | F148: =if(D148="Fallback: ParentCategory_ASP",E148*0.75, IF(D148="Fallback: ParentCategory",E148*0.5,E148)) -> 0.5
A149: Body & Skin Care_25+ | B149: 65 | C149: 56 | D149: Exact Subcat_ASP Match | E149: 0.862 | F149: =if(D149="Fallback: ParentCategory_ASP",E149*0.75, IF(D149="Fallback: ParentCategory",E149*0.5,E149)) -> 0.862
A150: Body & Skin Care_5-10 | B150: 3 | C150: 3 | D150: Fallback: ParentCategory_ASP | E150: 1 | F150: =if(D150="Fallback: ParentCategory_ASP",E150*0.75, IF(D150="Fallback: ParentCategory",E150*0.5,E150)) -> 0.75
A151: Body & Skin Care_Unknown | B151: 4 | C151: 0 | D151: Exact Subcat_ASP Match | E151: 0 | F151: =if(D151="Fallback: ParentCategory_ASP",E151*0.75, IF(D151="Fallback: ParentCategory",E151*0.5,E151)) -> 0
A152: Bouquets & Gifts_20-25 | B152: 5 | C152: 5 | D152: Fallback: ParentCategory | E152: 1 | F152: =if(D152="Fallback: ParentCategory_ASP",E152*0.75, IF(D152="Fallback: ParentCategory",E152*0.5,E152)) -> 0.5
A153: Bouquets & Gifts_25+ | B153: 3 | C153: 3 | D153: Exact Subcat_ASP Match | E153: 1 | F153: =if(D153="Fallback: ParentCategory_ASP",E153*0.75, IF(D153="Fallback: ParentCategory",E153*0.5,E153)) -> 1
A154: Breaded_Unknown | B154: 3 | C154: 0 | D154: Fallback: ParentCategory_ASP | E154: 0 | F154: =if(D154="Fallback: ParentCategory_ASP",E154*0.75, IF(D154="Fallback: ParentCategory",E154*0.5,E154)) -> 0
A155: Breads & Bakes | Puff Pastry, Dough & Pizza Bases_Unknown | B155: 0 | C155: 0 | D155: No Launches in Entire Category | E155: Not Applicable | F155: =if(D155="Fallback: ParentCategory_ASP",E155*0.75, IF(D155="Fallback: ParentCategory",E155*0.5,E155)) -> Not Applicable
A156: Breads & Bakes_10-15 | B156: 25 | C156: 17 | D156: Fallback: ParentCategory | E156: 0.68 | F156: =if(D156="Fallback: ParentCategory_ASP",E156*0.75, IF(D156="Fallback: ParentCategory",E156*0.5,E156)) -> 0.34
A157: Breads & Bakes_15-20 | B157: 25 | C157: 17 | D157: Fallback: ParentCategory | E157: 0.68 | F157: =if(D157="Fallback: ParentCategory_ASP",E157*0.75, IF(D157="Fallback: ParentCategory",E157*0.5,E157)) -> 0.34
A158: Breads & Bakes_20-25 | B158: 25 | C158: 17 | D158: Fallback: ParentCategory | E158: 0.68 | F158: =if(D158="Fallback: ParentCategory_ASP",E158*0.75, IF(D158="Fallback: ParentCategory",E158*0.5,E158)) -> 0.34
A159: Breads & Bakes_25+ | B159: 6 | C159: 6 | D159: Exact Subcat_ASP Match | E159: 1 | F159: =if(D159="Fallback: ParentCategory_ASP",E159*0.75, IF(D159="Fallback: ParentCategory",E159*0.5,E159)) -> 1
A160: Breads & Bakes_5-10 | B160: 25 | C160: 17 | D160: Fallback: ParentCategory | E160: 0.68 | F160: =if(D160="Fallback: ParentCategory_ASP",E160*0.75, IF(D160="Fallback: ParentCategory",E160*0.5,E160)) -> 0.34
A161: Breads & Bakes_Unknown | B161: 3 | C161: 0 | D161: Fallback: ParentCategory_ASP | E161: 0 | F161: =if(D161="Fallback: ParentCategory_ASP",E161*0.75, IF(D161="Fallback: ParentCategory",E161*0.5,E161)) -> 0
A162: Brown_15-20 | B162: 1 | C162: 1 | D162: Fallback: ParentCategory | E162: Not Applicable | F162: =if(D162="Fallback: ParentCategory_ASP",E162*0.75, IF(D162="Fallback: ParentCategory",E162*0.5,E162)) -> #VALUE!
A163: Brown_20-25 | B163: 1 | C163: 1 | D163: Fallback: ParentCategory | E163: Not Applicable | F163: =if(D163="Fallback: ParentCategory_ASP",E163*0.75, IF(D163="Fallback: ParentCategory",E163*0.5,E163)) -> #VALUE!
A164: Brown_25+ | B164: 1 | C164: 1 | D164: Fallback: ParentCategory | E164: Not Applicable | F164: =if(D164="Fallback: ParentCategory_ASP",E164*0.75, IF(D164="Fallback: ParentCategory",E164*0.5,E164)) -> #VALUE!
A165: Brown_5-10 | B165: 1 | C165: 1 | D165: Fallback: ParentCategory | E165: Not Applicable | F165: =if(D165="Fallback: ParentCategory_ASP",E165*0.75, IF(D165="Fallback: ParentCategory",E165*0.5,E165)) -> #VALUE!
A166: Brown_Unknown | B166: 1 | C166: 1 | D166: Fallback: ParentCategory | E166: Not Applicable | F166: =if(D166="Fallback: ParentCategory_ASP",E166*0.75, IF(D166="Fallback: ParentCategory",E166*0.5,E166)) -> #VALUE!
A167: Buns & Rolls_0-5 | B167: 8 | C167: 6 | D167: Fallback: ParentCategory_ASP | E167: 0.75 | F167: =if(D167="Fallback: ParentCategory_ASP",E167*0.75, IF(D167="Fallback: ParentCategory",E167*0.5,E167)) -> 0.5625
A168: Buns & Rolls_15-20 | B168: 3 | C168: 3 | D168: Exact Subcat_ASP Match | E168: 1 | F168: =if(D168="Fallback: ParentCategory_ASP",E168*0.75, IF(D168="Fallback: ParentCategory",E168*0.5,E168)) -> 1
A169: Buns & Rolls_20-25 | B169: 4 | C169: 4 | D169: Fallback: ParentCategory_ASP | E169: 1 | F169: =if(D169="Fallback: ParentCategory_ASP",E169*0.75, IF(D169="Fallback: ParentCategory",E169*0.5,E169)) -> 0.75
A170: Buns & Rolls_5-10 | B170: 25 | C170: 21 | D170: Fallback: ParentCategory_ASP | E170: 0.84 | F170: =if(D170="Fallback: ParentCategory_ASP",E170*0.75, IF(D170="Fallback: ParentCategory",E170*0.5,E170)) -> 0.63
A171: Buns & Rolls_Unknown | B171: 80 | C171: 70 | D171: Fallback: ParentCategory | E171: 0.875 | F171: =if(D171="Fallback: ParentCategory_ASP",E171*0.75, IF(D171="Fallback: ParentCategory",E171*0.5,E171)) -> 0.4375
A172: Burgers & Sausage_0-5 | B172: 25 | C172: 17 | D172: Fallback: ParentCategory | E172: 0.68 | F172: =if(D172="Fallback: ParentCategory_ASP",E172*0.75, IF(D172="Fallback: ParentCategory",E172*0.5,E172)) -> 0.34
A173: Burgers & Sausage_10-15 | B173: 25 | C173: 17 | D173: Fallback: ParentCategory | E173: 0.68 | F173: =if(D173="Fallback: ParentCategory_ASP",E173*0.75, IF(D173="Fallback: ParentCategory",E173*0.5,E173)) -> 0.34
A174: Burgers & Sausage_15-20 | B174: 25 | C174: 17 | D174: Fallback: ParentCategory | E174: 0.68 | F174: =if(D174="Fallback: ParentCategory_ASP",E174*0.75, IF(D174="Fallback: ParentCategory",E174*0.5,E174)) -> 0.34
A175: Burgers & Sausage_25+ | B175: 16 | C175: 12 | D175: Fallback: ParentCategory_ASP | E175: 0.75 | F175: =if(D175="Fallback: ParentCategory_ASP",E175*0.75, IF(D175="Fallback: ParentCategory",E175*0.5,E175)) -> 0.5625
A176: Burgers & Sausage_5-10 | B176: 25 | C176: 17 | D176: Fallback: ParentCategory | E176: 0.68 | F176: =if(D176="Fallback: ParentCategory_ASP",E176*0.75, IF(D176="Fallback: ParentCategory",E176*0.5,E176)) -> 0.34
A177: Burgers & Sausage_Unknown | B177: 3 | C177: 0 | D177: Fallback: ParentCategory_ASP | E177: 0 | F177: =if(D177="Fallback: ParentCategory_ASP",E177*0.75, IF(D177="Fallback: ParentCategory",E177*0.5,E177)) -> 0
...

Sheet Main Working
BC3: M3 | BN3: Threshold | BO3: 50
B5: 📥 CM INPUTS + AUTO | T5: SCORE 1: CQ | Vel 40% + Sat 40% + Launch 20% | AL5: Score 2: Category Health | AS5: SCORE 3: SP
T6: 1A. VELOCITY | X6: 1B. SATURATION | AG6: 1C. LAUNCH | AJ6: CQ | AL6: 2A. NMI | AQ6: CH | AS6: SP | AV6: SP | BH6: Accuracy calculation for SKUs available for >30% time in Feb First half
A7: Ship Tp | B7: SKU Name | C7: Category | D7: Subcategory | E7: Supplier | F7: MOQ | G7: ASP | H7: RTV Terms | I7: Monetisation Terms | J7: Shelf Life | K7: New Format? | L7: New Brand? | M7: New Flavour? | N7: New Size? | O7: New Ingredient? | P7: New Price Point? | Q7: Subcat ASP Key | R7: ASP Bucket | S7: Width or Depth | T7: Vel Floor | U7: Benchmark | V7: Vel Score | X7: Conc Index | Y7: Conc Level | Z7: Cat- ASP Median SKU EFF | AA7: SKU Eff | AB7: SKU Eff | AC7: Width or Depth | AD7: Key | AE7: Sat Score | AG7: Launch Success % | AH7: Launch Score | AJ7: CQ SCORE | AL7: NMI Unit% | AM7: 2A | AN7: NMI SKU% | AO7: 2B | AQ7: CH SCORE | AS7: Return Score | AT7: Mon Score | AV7: SP SCORE | AX7: Final Score | AY7: Range | AZ7: Range2 | BA7: Availability | BB7: Total SKU | BC7: Jan ROS | BD7: Feb ROS | BE7: Bucket P10 MV ROS | BF7: Success | BG7: TP CQ | BH7: SCore Range | BI7: Total SKUs | BJ7: Success | BK7: Fail | BL7: Correct Prediction | BM7: Accuracy | BO7: True Positives | BQ7: Result | BS7: CQ Score
A8: DC | B8: Kamasutra Condom Ultrathin Pack of 3 pcs | C8: Adult Care | D8: Condoms | E8: Blue Ocean General Trading LLC | F8: 1 | G8: 7.179167 | H8: Yes | J8: 730 | Q8: =D8&"_"&R8 -> Condoms_5-10 | R8: =IF(G8<5,"0-5",IF(G8<10,"5-10",IF(G8<15,"10-15",IF(G8<20,"15-20",IF(G8<25,"20-25","25+"))))) -> 5-10 | S8: {=XLOOKUP(B8,Availability!K:K,Availability!Q:Q)} -> Depth | T8: =If(OR(A8="DC",A8="Careem DC"),MAX(F8,150)/(60),MAX(F8,80)/(J8*0.5)) -> 2.5 | U8: {=iferror(XLOOKUP(Q8,'Refrence Data'!B:B,'Refrence Data'!W:W),"NA")} -> 11.62304 | V8: =IFERROR(IF(OR(T8=0,U8=0),0,IF(U8/T8>=1,100,IF(U8/T8>=0.75,75,IF(U8/T8>=0.5,50,IF(U8/T8>=0.25,25,0))))), "NA") -> 100 | X8: {=IFERROR(XLOOKUP(Q8,'Refrence Data'!B:B,'Refrence Data'!N:N),"NA")} -> 0.504094 | Y8: =IF(X8>0.8,"HIGH",IF(X8>0.5,"MEDIUM","LOW")) -> MEDIUM | Z8: {=XLOOKUP(Q8,'Refrence Data'!B:B,'Refrence Data'!AG:AG)} -> 7.685756 | AA8: {=IFERROR(XLOOKUP(Q8,'Refrence Data'!B:B,'Refrence Data'!Y:Y),"NA")} -> 7.685756 | AB8: =IF(AA8<Z8*0.5,"Low","High") -> High | AC8: =S8 -> Depth | AD8: =Y8&AB8&AC8 -> MEDIUMHighDepth | AE8: {=XLOOKUP(AD8,'Category Saturation'!A:A,'Category Saturation'!E:E)} -> 60 | AG8: {=iferror(XLOOKUP(Q8,'New Launch Success Rate'!A:A,'New Launch Success Rate'!F:F),"NA")} -> 0.3335 | AH8: =if(OR(AG8="Not Applicable",AG8="NA"),"NA",IF(AG8<10%,0,IF(AG8<25%,25,IF(AG8<50%,50,IF(AG8<80%,75,100))))) -> 50 | AJ8: =if(AH8="NA",(V8*60%+AE8*40%),(V8*60%+AE8*30%+AH8*10%)) -> 83 | AL8: {=XLOOKUP(Q8,'Non Moving'!C:C,'Non Moving'!I:I)/100} -> 0 | AM8: =IF(AL8<0.05,100,IF(AL8<0.1,75,IF(AL8<0.25,50,0))) -> 100 | AN8: {=XLOOKUP(Q8,'Non Moving'!C:C,'Non Moving'!F:F)/100} -> 0 | AO8: =IF(AN8<0.05,100,IF(AN8<0.1,75,IF(AN8<0.25,50,0))) -> 100 | AQ8: =AM8*0.5+AO8*0.5 -> 100 | AS8: =IF(H8="Yes",100,0) -> 100 | AT8: {=iferror(XLOOKUP(I8,Monetization!A:A,Monetization!B:B),25)} -> 25 | AV8: =AS8*0.7+AT8*0.3 -> 77.5 | AX8: =AJ8*1+AQ8*0+AV8*0 -> 83 | AY8: =IF(AX8<25,"0-25",IF(AX8<50,"25-50",IF(AX8<75,"50-75","75-100"))) -> 75-100 | AZ8: =IF(AJ8<25,"0-25",IF(AJ8<50,"25-50",IF(AJ8<75,"50-75","75-100"))) -> 75-100 | BA8: {=iferror(XLOOKUP(B8,Availability!A:A,Availability!E:E),0%)} -> 0.02 | BB8: 1 | BC8: {=XLOOKUP(B8,ROS!C:C,ROS!O:O)} -> 0 | BD8: {=IFERROR(XLOOKUP(B8,ROS!Z:Z,ROS!AA:AA),0)} -> 0 | BE8: {=XLOOKUP(Q8,'Refrence Data'!B:B,'Refrence Data'!T:T)} -> 11.43423 | BF8: =IF(max(BD8,BC8)>max(min(BE8,T8),1),1,0) -> 0 | BG8: =if(BA8>70%, IF(AND(AJ8>$BO$3,BF8=1),"TP",IF(AND(AJ8>$BO$3,BF8=0),"FP",IF(AND(AJ8<$BO$3,BF8=0), "TN", "FN"))),"") | BH8: 0-25 | BI8: =SUMIFS(BB:BB,AY:AY,BH8,BA:BA,">30%") -> 6 | BJ8: =SUMIFS(BF:BF,AY:AY,BH8,BA:BA,">30%") -> 2 | BK8: =BI8-BJ8 -> 4 | BL8: =BK8 -> 4 | BM8: =BL8/BI8 -> 0.66666667 | BO8: =if(BA8>70%, IF(AND(AX8>$BO$3,BF8=1),"TP",IF(AND(AX8>$BO$3,BF8=0),"FP",IF(AND(AX8<$BO$3,BF8=0), "TN", "FN"))),"") | BQ8: TP | BR8: =COUNTIFS(BO:BO,BQ8) -> 69 | BS8: =COUNTIFS(BG:BG,BQ8) -> 69
A9: DC | B9: Kamasutra Condom Ribbed Pack of 3 pcs | C9: Adult Care | D9: Condoms | E9: Blue Ocean General Trading LLC | F9: 1 | G9: 5.895021 | H9: Yes | J9: 730 | Q9: =D9&"_"&R9 -> Condoms_5-10 | R9: =IF(G9<5,"0-5",IF(G9<10,"5-10",IF(G9<15,"10-15",IF(G9<20,"15-20",IF(G9<25,"20-25","25+"))))) -> 5-10 | S9: {=XLOOKUP(B9,Availability!K:K,Availability!Q:Q)} -> Depth | T9: =If(OR(A9="DC",A9="Careem DC"),MAX(F9,150)/(60),MAX(F9,80)/(J9*0.5)) -> 2.5 | U9: {=iferror(XLOOKUP(Q9,'Refrence Data'!B:B,'Refrence Data'!W:W),"NA")} -> 11.62304 | V9: =IFERROR(IF(OR(T9=0,U9=0),0,IF(U9/T9>=1,100,IF(U9/T9>=0.75,75,IF(U9/T9>=0.5,50,IF(U9/T9>=0.25,25,0))))), "NA") -> 100 | X9: {=IFERROR(XLOOKUP(Q9,'Refrence Data'!B:B,'Refrence Data'!N:N),"NA")} -> 0.504094 | Y9: =IF(X9>0.8,"HIGH",IF(X9>0.5,"MEDIUM","LOW")) -> MEDIUM | Z9: {=XLOOKUP(Q9,'Refrence Data'!B:B,'Refrence Data'!AG:AG)} -> 7.685756 | AA9: {=IFERROR(XLOOKUP(Q9,'Refrence Data'!B:B,'Refrence Data'!Y:Y),"NA")} -> 7.685756 | AB9: =IF(AA9<Z9*0.5,"Low","High") -> High | AC9: =S9 -> Depth | AD9: =Y9&AB9&AC9 -> MEDIUMHighDepth | AE9: {=XLOOKUP(AD9,'Category Saturation'!A:A,'Category Saturation'!E:E)} -> 60 | AG9: {=iferror(XLOOKUP(Q9,'New Launch Success Rate'!A:A,'New Launch Success Rate'!F:F),"NA")} -> 0.3335 | AH9: =if(OR(AG9="Not Applicable",AG9="NA"),"NA",IF(AG9<10%,0,IF(AG9<25%,25,IF(AG9<50%,50,IF(AG9<80%,75,100))))) -> 50 | AJ9: =if(AH9="NA",(V9*60%+AE9*40%),(V9*60%+AE9*30%+AH9*10%)) -> 83 | AL9: {=XLOOKUP(Q9,'Non Moving'!C:C,'Non Moving'!I:I)/100} -> 0 | AM9: =IF(AL9<0.05,100,IF(AL9<0.1,75,IF(AL9<0.25,50,0))) -> 100 | AN9: {=XLOOKUP(Q9,'Non Moving'!C:C,'Non Moving'!F:F)/100} -> 0 | AO9: =IF(AN9<0.05,100,IF(AN9<0.1,75,IF(AN9<0.25,50,0))) -> 100 | AQ9: =AM9*0.5+AO9*0.5 -> 100 | AS9: =IF(H9="Yes",100,0) -> 100 | AT9: {=iferror(XLOOKUP(I9,Monetization!A:A,Monetization!B:B),25)} -> 25 | AV9: =AS9*0.7+AT9*0.3 -> 77.5 | AX9: =AJ9*1+AQ9*0+AV9*0 -> 83 | AY9: =IF(AX9<25,"0-25",IF(AX9<50,"25-50",IF(AX9<75,"50-75","75-100"))) -> 75-100 | AZ9: =IF(AJ9<25,"0-25",IF(AJ9<50,"25-50",IF(AJ9<75,"50-75","75-100"))) -> 75-100 | BA9: {=iferror(XLOOKUP(B9,Availability!A:A,Availability!E:E),0%)} -> 0 | BB9: 1 | BC9: {=XLOOKUP(B9,ROS!C:C,ROS!O:O)} -> 0 | BD9: {=IFERROR(XLOOKUP(B9,ROS!Z:Z,ROS!AA:AA),0)} -> 0 | BE9: {=XLOOKUP(Q9,'Refrence Data'!B:B,'Refrence Data'!T:T)} -> 11.43423 | BF9: =IF(max(BD9,BC9)>max(min(BE9,T9),1),1,0) -> 0 | BG9: =if(BA9>70%, IF(AND(AJ9>$BO$3,BF9=1),"TP",IF(AND(AJ9>$BO$3,BF9=0),"FP",IF(AND(AJ9<$BO$3,BF9=0), "TN", "FN"))),"") | BH9: 25-50 | BI9: =SUMIFS(BB:BB,AY:AY,BH9,BA:BA,">30%") -> 44 | BJ9: =SUMIFS(BF:BF,AY:AY,BH9,BA:BA,">30%") -> 11 | BK9: =BI9-BJ9 -> 33 | BL9: =BK9 -> 33 | BM9: =BL9/BI9 -> 0.75 | BO9: =if(BA9>70%, IF(AND(AX9>$BO$3,BF9=1),"TP",IF(AND(AX9>$BO$3,BF9=0),"FP",IF(AND(AX9<$BO$3,BF9=0), "TN", "FN"))),"") | BQ9: TN | BR9: =COUNTIFS(BO:BO,BQ9) -> 25 | BS9: =COUNTIFS(BG:BG,BQ9) -> 25
A10: DC | B10: Kamasutra Condom Intensity Pack of 3 pcs | C10: Adult Care | D10: Condoms | E10: Blue Ocean General Trading LLC | F10: 1 | G10: 9.327875 | H10: Yes | J10: 730 | Q10: =D10&"_"&R10 -> Condoms_5-10 | R10: =IF(G10<5,"0-5",IF(G10<10,"5-10",IF(G10<15,"10-15",IF(G10<20,"15-20",IF(G10<25,"20-25","25+"))))) -> 5-10 | S10: {=XLOOKUP(B10,Availability!K:K,Availability!Q:Q)} -> Depth | T10: =If(OR(A10="DC",A10="Careem DC"),MAX(F10,150)/(60),MAX(F10,80)/(J10*0.5)) -> 2.5 | U10: {=iferror(XLOOKUP(Q10,'Refrence Data'!B:B,'Refrence Data'!W:W),"NA")} -> 11.62304 | V10: =IFERROR(IF(OR(T10=0,U10=0),0,IF(U10/T10>=1,100,IF(U10/T10>=0.75,75,IF(U10/T10>=0.5,50,IF(U10/T10>=0.25,25,0))))), "NA") -> 100 | X10: {=IFERROR(XLOOKUP(Q10,'Refrence Data'!B:B,'Refrence Data'!N:N),"NA")} -> 0.504094 | Y10: =IF(X10>0.8,"HIGH",IF(X10>0.5,"MEDIUM","LOW")) -> MEDIUM | Z10: {=XLOOKUP(Q10,'Refrence Data'!B:B,'Refrence Data'!AG:AG)} -> 7.685756 | AA10: {=IFERROR(XLOOKUP(Q10,'Refrence Data'!B:B,'Refrence Data'!Y:Y),"NA")} -> 7.685756 | AB10: =IF(AA10<Z10*0.5,"Low","High") -> High | AC10: =S10 -> Depth | AD10: =Y10&AB10&AC10 -> MEDIUMHighDepth | AE10: {=XLOOKUP(AD10,'Category Saturation'!A:A,'Category Saturation'!E:E)} -> 60 | AG10: {=iferror(XLOOKUP(Q10,'New Launch Success Rate'!A:A,'New Launch Success Rate'!F:F),"NA")} -> 0.3335 | AH10: =if(OR(AG10="Not Applicable",AG10="NA"),"NA",IF(AG10<10%,0,IF(AG10<25%,25,IF(AG10<50%,50,IF(AG10<80%,75,100))))) -> 50 | AJ10: =if(AH10="NA",(V10*60%+AE10*40%),(V10*60%+AE10*30%+AH10*10%)) -> 83 | AL10: {=XLOOKUP(Q10,'Non Moving'!C:C,'Non Moving'!I:I)/100} -> 0 | AM10: =IF(AL10<0.05,100,IF(AL10<0.1,75,IF(AL10<0.25,50,0))) -> 100 | AN10: {=XLOOKUP(Q10,'Non Moving'!C:C,'Non Moving'!F:F)/100} -> 0 | AO10: =IF(AN10<0.05,100,IF(AN10<0.1,75,IF(AN10<0.25,50,0))) -> 100 | AQ10: =AM10*0.5+AO10*0.5 -> 100 | AS10: =IF(H10="Yes",100,0) -> 100 | AT10: {=iferror(XLOOKUP(I10,Monetization!A:A,Monetization!B:B),25)} -> 25 | AV10: =AS10*0.7+AT10*0.3 -> 77.5 | AX10: =AJ10*1+AQ10*0+AV10*0 -> 83 | AY10: =IF(AX10<25,"0-25",IF(AX10<50,"25-50",IF(AX10<75,"50-75","75-100"))) -> 75-100 | AZ10: =IF(AJ10<25,"0-25",IF(AJ10<50,"25-50",IF(AJ10<75,"50-75","75-100"))) -> 75-100 | BA10: {=iferror(XLOOKUP(B10,Availability!A:A,Availability!E:E),0%)} -> 0 | BB10: 1 | BC10: {=XLOOKUP(B10,ROS!C:C,ROS!O:O)} -> 0 | BD10: {=IFERROR(XLOOKUP(B10,ROS!Z:Z,ROS!AA:AA),0)} -> 0 | BE10: {=XLOOKUP(Q10,'Refrence Data'!B:B,'Refrence Data'!T:T)} -> 11.43423 | BF10: =IF(max(BD10,BC10)>max(min(BE10,T10),1),1,0) -> 0 | BG10: =if(BA10>70%, IF(AND(AJ10>$BO$3,BF10=1),"TP",IF(AND(AJ10>$BO$3,BF10=0),"FP",IF(AND(AJ10<$BO$3,BF10=0), "TN", "FN"))),"") | BH10: 50-75 | BI10: =SUMIFS(BB:BB,AY:AY,BH10,BA:BA,">30%") -> 29 | BJ10: =SUMIFS(BF:BF,AY:AY,BH10,BA:BA,">30%") -> 15 | BK10: =BI10-BJ10 -> 14 | BL10: =BJ10 -> 15 | BM10: =BL10/BI10 -> 0.51724138 | BO10: =if(BA10>70%, IF(AND(AX10>$BO$3,BF10=1),"TP",IF(AND(AX10>$BO$3,BF10=0),"FP",IF(AND(AX10<$BO$3,BF10=0), "TN", "FN"))),"") | BQ10: FP | BR10: =COUNTIFS(BO:BO,BQ10) -> 36 | BS10: =COUNTIFS(BG:BG,BQ10) -> 36
A11: DC | B11: Kamasutra Condom Xtra Pleasure Pack of 12 pcs | C11: Adult Care | D11: Condoms | E11: Blue Ocean General Trading LLC | F11: 1 | G11: 23.7497 | H11: Yes | J11: 730 | Q11: =D11&"_"&R11 -> Condoms_20-25 | R11: =IF(G11<5,"0-5",IF(G11<10,"5-10",IF(G11<15,"10-15",IF(G11<20,"15-20",IF(G11<25,"20-25","25+"))))) -> 20-25 | S11: {=XLOOKUP(B11,Availability!K:K,Availability!Q:Q)} -> Depth | T11: =If(OR(A11="DC",A11="Careem DC"),MAX(F11,150)/(60),MAX(F11,80)/(J11*0.5)) -> 2.5 | U11: {=iferror(XLOOKUP(Q11,'Refrence Data'!B:B,'Refrence Data'!W:W),"NA")} -> 1.930624 | V11: =IFERROR(IF(OR(T11=0,U11=0),0,IF(U11/T11>=1,100,IF(U11/T11>=0.75,75,IF(U11/T11>=0.5,50,IF(U11/T11>=0.25,25,0))))), "NA") -> 75 | X11: {=IFERROR(XLOOKUP(Q11,'Refrence Data'!B:B,'Refrence Data'!N:N),"NA")} -> 1 | Y11: =IF(X11>0.8,"HIGH",IF(X11>0.5,"MEDIUM","LOW")) -> HIGH | Z11: {=XLOOKUP(Q11,'Refrence Data'!B:B,'Refrence Data'!AG:AG)} -> 1.930624 | AA11: {=IFERROR(XLOOKUP(Q11,'Refrence Data'!B:B,'Refrence Data'!Y:Y),"NA")} -> 1.930624 | AB11: =IF(AA11<Z11*0.5,"Low","High") -> High | AC11: =S11 -> Depth | AD11: =Y11&AB11&AC11 -> HIGHHighDepth | AE11: {=XLOOKUP(AD11,'Category Saturation'!A:A,'Category Saturation'!E:E)} -> 0 | AG11: {=iferror(XLOOKUP(Q11,'New Launch Success Rate'!A:A,'New Launch Success Rate'!F:F),"NA")} -> 0.3335 | AH11: =if(OR(AG11="Not Applicable",AG11="NA"),"NA",IF(AG11<10%,0,IF(AG11<25%,25,IF(AG11<50%,50,IF(AG11<80%,75,100))))) -> 50 | AJ11: =if(AH11="NA",(V11*60%+AE11*40%),(V11*60%+AE11*30%+AH11*10%)) -> 50 | AL11: {=XLOOKUP(Q11,'Non Moving'!C:C,'Non Moving'!I:I)/100} -> #N/A | AM11: =IF(AL11<0.05,100,IF(AL11<0.1,75,IF(AL11<0.25,50,0))) -> #N/A | AN11: {=XLOOKUP(Q11,'Non Moving'!C:C,'Non Moving'!F:F)/100} -> #N/A | AO11: =IF(AN11<0.05,100,IF(AN11<0.1,75,IF(AN11<0.25,50,0))) -> #N/A | AQ11: =AM11*0.5+AO11*0.5 -> #N/A | AS11: =IF(H11="Yes",100,0) -> 100 | AT11: {=iferror(XLOOKUP(I11,Monetization!A:A,Monetization!B:B),25)} -> 25 | AV11: =AS11*0.7+AT11*0.3 -> 77.5 | AX11: =AJ11*1+AQ11*0+AV11*0 -> #N/A | AY11: =IF(AX11<25,"0-25",IF(AX11<50,"25-50",IF(AX11<75,"50-75","75-100"))) -> #N/A | AZ11: =IF(AJ11<25,"0-25",IF(AJ11<50,"25-50",IF(AJ11<75,"50-75","75-100"))) -> 50-75 | BA11: {=iferror(XLOOKUP(B11,Availability!A:A,Availability!E:E),0%)} -> 0 | BB11: 1 | BC11: {=XLOOKUP(B11,ROS!C:C,ROS!O:O)} -> 0 | BD11: {=IFERROR(XLOOKUP(B11,ROS!Z:Z,ROS!AA:AA),0)} -> 0 | BE11: {=XLOOKUP(Q11,'Refrence Data'!B:B,'Refrence Data'!T:T)} -> 1.930624 | BF11: =IF(max(BD11,BC11)>max(min(BE11,T11),1),1,0) -> 0 | BG11: =if(BA11>70%, IF(AND(AJ11>$BO$3,BF11=1),"TP",IF(AND(AJ11>$BO$3,BF11=0),"FP",IF(AND(AJ11<$BO$3,BF11=0), "TN", "FN"))),"") | BH11: 75-100 | BI11: =SUMIFS(BB:BB,AY:AY,BH11,BA:BA,">30%") -> 102 | BJ11: =SUMIFS(BF:BF,AY:AY,BH11,BA:BA,">30%") -> 63 | BK11: =BI11-BJ11 -> 39 | BL11: =BJ11 -> 63 | BM11: =BL11/BI11 -> 0.61764706 | BO11: =if(BA11>70%, IF(AND(AX11>$BO$3,BF11=1),"TP",IF(AND(AX11>$BO$3,BF11=0),"FP",IF(AND(AX11<$BO$3,BF11=0), "TN", "FN"))),"") | BQ11: FN | BR11: =COUNTIFS(BO:BO,BQ11) -> 6 | BS11: =COUNTIFS(BG:BG,BQ11) -> 6
A12: DC | B12: Kamasutra Condom Xtra Pleasure Pack of 3 pcs | C12: Adult Care | D12: Condoms | E12: Blue Ocean General Trading LLC | F12: 1 | G12: 9.926166 | H12: Yes | J12: 730 | Q12: =D12&"_"&R12 -> Condoms_5-10 | R12: =IF(G12<5,"0-5",IF(G12<10,"5-10",IF(G12<15,"10-15",IF(G12<20,"15-20",IF(G12<25,"20-25","25+"))))) -> 5-10 | S12: {=XLOOKUP(B12,Availability!K:K,Availability!Q:Q)} -> Depth | T12: =If(OR(A12="DC",A12="Careem DC"),MAX(F12,150)/(60),MAX(F12,80)/(J12*0.5)) -> 2.5 | U12: {=iferror(XLOOKUP(Q12,'Refrence Data'!B:B,'Refrence Data'!W:W),"NA")} -> 11.62304 | V12: =IFERROR(IF(OR(T12=0,U12=0),0,IF(U12/T12>=1,100,IF(U12/T12>=0.75,75,IF(U12/T12>=0.5,50,IF(U12/T12>=0.25,25,0))))), "NA") -> 100 | X12: {=IFERROR(XLOOKUP(Q12,'Refrence Data'!B:B,'Refrence Data'!N:N),"NA")} -> 0.504094 | Y12: =IF(X12>0.8,"HIGH",IF(X12>0.5,"MEDIUM","LOW")) -> MEDIUM | Z12: {=XLOOKUP(Q12,'Refrence Data'!B:B,'Refrence Data'!AG:AG)} -> 7.685756 | AA12: {=IFERROR(XLOOKUP(Q12,'Refrence Data'!B:B,'Refrence Data'!Y:Y),"NA")} -> 7.685756 | AB12: =IF(AA12<Z12*0.5,"Low","High") -> High | AC12: =S12 -> Depth | AD12: =Y12&AB12&AC12 -> MEDIUMHighDepth | AE12: {=XLOOKUP(AD12,'Category Saturation'!A:A,'Category Saturation'!E:E)} -> 60 | AG12: {=iferror(XLOOKUP(Q12,'New Launch Success Rate'!A:A,'New Launch Success Rate'!F:F),"NA")} -> 0.3335 | AH12: =if(OR(AG12="Not Applicable",AG12="NA"),"NA",IF(AG12<10%,0,IF(AG12<25%,25,IF(AG12<50%,50,IF(AG12<80%,75,100))))) -> 50 | AJ12: =if(AH12="NA",(V12*60%+AE12*40%),(V12*60%+AE12*30%+AH12*10%)) -> 83 | AL12: {=XLOOKUP(Q12,'Non Moving'!C:C,'Non Moving'!I:I)/100} -> 0 | AM12: =IF(AL12<0.05,100,IF(AL12<0.1,75,IF(AL12<0.25,50,0))) -> 100 | AN12: {=XLOOKUP(Q12,'Non Moving'!C:C,'Non Moving'!F:F)/100} -> 0 | AO12: =IF(AN12<0.05,100,IF(AN12<0.1,75,IF(AN12<0.25,50,0))) -> 100 | AQ12: =AM12*0.5+AO12*0.5 -> 100 | AS12: =IF(H12="Yes",100,0) -> 100 | AT12: {=iferror(XLOOKUP(I12,Monetization!A:A,Monetization!B:B),25)} -> 25 | AV12: =AS12*0.7+AT12*0.3 -> 77.5 | AX12: =AJ12*1+AQ12*0+AV12*0 -> 83 | AY12: =IF(AX12<25,"0-25",IF(AX12<50,"25-50",IF(AX12<75,"50-75","75-100"))) -> 75-100 | AZ12: =IF(AJ12<25,"0-25",IF(AJ12<50,"25-50",IF(AJ12<75,"50-75","75-100"))) -> 75-100 | BA12: {=iferror(XLOOKUP(B12,Availability!A:A,Availability!E:E),0%)} -> 0.02 | BB12: 1 | BC12: {=XLOOKUP(B12,ROS!C:C,ROS!O:O)} -> 0 | BD12: {=IFERROR(XLOOKUP(B12,ROS!Z:Z,ROS!AA:AA),0)} -> 0 | BE12: {=XLOOKUP(Q12,'Refrence Data'!B:B,'Refrence Data'!T:T)} -> 11.43423 | BF12: =IF(max(BD12,BC12)>max(min(BE12,T12),1),1,0) -> 0 | BG12: =if(BA12>70%, IF(AND(AJ12>$BO$3,BF12=1),"TP",IF(AND(AJ12>$BO$3,BF12=0),"FP",IF(AND(AJ12<$BO$3,BF12=0), "TN", "FN"))),"") | BH12: Total | BI12: =SUM(BI8:BI11) -> 181 | BJ12: =SUM(BJ8:BJ11) -> 91 | BK12: =SUM(BK8:BK11) -> 90 | BL12: =SUM(BL8:BL11) -> 115 | BM12: =BL12/BI12 -> 0.63535912 | BO12: =if(BA12>70%, IF(AND(AX12>$BO$3,BF12=1),"TP",IF(AND(AX12>$BO$3,BF12=0),"FP",IF(AND(AX12<$BO$3,BF12=0), "TN", "FN"))),"") | BQ12: total | BR12: =SUM(BR8:BR11) -> 136 | BS12: =COUNTIFS(BG:BG,BQ12) -> 0
A13: DC | B13: Kamasutra Condom Ribbed Pack of 12 pcs | C13: Adult Care | D13: Condoms | E13: Blue Ocean General Trading LLC | F13: 1 | G13: 17.53519 | H13: Yes | J13: 730 | Q13: =D13&"_"&R13 -> Condoms_15-20 | R13: =IF(G13<5,"0-5",IF(G13<10,"5-10",IF(G13<15,"10-15",IF(G13<20,"15-20",IF(G13<25,"20-25","25+"))))) -> 15-20 | S13: {=XLOOKUP(B13,Availability!K:K,Availability!Q:Q)} -> Depth | T13: =If(OR(A13="DC",A13="Careem DC"),MAX(F13,150)/(60),MAX(F13,80)/(J13*0.5)) -> 2.5 | U13: {=iferror(XLOOKUP(Q13,'Refrence Data'!B:B,'Refrence Data'!W:W),"NA")} -> 3.638295 | V13: =IFERROR(IF(OR(T13=0,U13=0),0,IF(U13/T13>=1,100,IF(U13/T13>=0.75,75,IF(U13/T13>=0.5,50,IF(U13/T13>=0.25,25,0))))), "NA") -> 100 | X13: {=IFERROR(XLOOKUP(Q13,'Refrence Data'!B:B,'Refrence Data'!N:N),"NA")} -> 0.604607 | Y13: =IF(X13>0.8,"HIGH",IF(X13>0.5,"MEDIUM","LOW")) -> MEDIUM | Z13: {=XLOOKUP(Q13,'Refrence Data'!B:B,'Refrence Data'!AG:AG)} -> 4.798049 | AA13: {=IFERROR(XLOOKUP(Q13,'Refrence Data'!B:B,'Refrence Data'!Y:Y),"NA")} -> 4.798049 | AB13: =IF(AA13<Z13*0.5,"Low","High") -> High | AC13: =S13 -> Depth | AD13: =Y13&AB13&AC13 -> MEDIUMHighDepth | AE13: {=XLOOKUP(AD13,'Category Saturation'!A:A,'Category Saturation'!E:E)} -> 60 | AG13: {=iferror(XLOOKUP(Q13,'New Launch Success Rate'!A:A,'New Launch Success Rate'!F:F),"NA")} -> 0.3335 | AH13: =if(OR(AG13="Not Applicable",AG13="NA"),"NA",IF(AG13<10%,0,IF(AG13<25%,25,IF(AG13<50%,50,IF(AG13<80%,75,100))))) -> 50 | AJ13: =if(AH13="NA",(V13*60%+AE13*40%),(V13*60%+AE13*30%+AH13*10%)) -> 83 | AL13: {=XLOOKUP(Q13,'Non Moving'!C:C,'Non Moving'!I:I)/100} -> 0.1 | AM13: =IF(AL13<0.05,100,IF(AL13<0.1,75,IF(AL13<0.25,50,0))) -> 50 | AN13: {=XLOOKUP(Q13,'Non Moving'!C:C,'Non Moving'!F:F)/100} -> 0.103 | AO13: =IF(AN13<0.05,100,IF(AN13<0.1,75,IF(AN13<0.25,50,0))) -> 50 | AQ13: =AM13*0.5+AO13*0.5 -> 50 | AS13: =IF(H13="Yes",100,0) -> 100 | AT13: {=iferror(XLOOKUP(I13,Monetization!A:A,Monetization!B:B),25)} -> 25 | AV13: =AS13*0.7+AT13*0.3 -> 77.5 | AX13: =AJ13*1+AQ13*0+AV13*0 -> 83 | AY13: =IF(AX13<25,"0-25",IF(AX13<50,"25-50",IF(AX13<75,"50-75","75-100"))) -> 75-100 | AZ13: =IF(AJ13<25,"0-25",IF(AJ13<50,"25-50",IF(AJ13<75,"50-75","75-100"))) -> 75-100 | BA13: {=iferror(XLOOKUP(B13,Availability!A:A,Availability!E:E),0%)} -> 0 | BB13: 1 | BC13: {=XLOOKUP(B13,ROS!C:C,ROS!O:O)} -> 0.2 | BD13: {=IFERROR(XLOOKUP(B13,ROS!Z:Z,ROS!AA:AA),0)} -> 0.071428571 | BE13: {=XLOOKUP(Q13,'Refrence Data'!B:B,'Refrence Data'!T:T)} -> 2.053049 | BF13: =IF(max(BD13,BC13)>max(min(BE13,T13),1),1,0) -> 0 | BG13: =if(BA13>70%, IF(AND(AJ13>$BO$3,BF13=1),"TP",IF(AND(AJ13>$BO$3,BF13=0),"FP",IF(AND(AJ13<$BO$3,BF13=0), "TN", "FN"))),"") | BO13: =if(BA13>70%, IF(AND(AX13>$BO$3,BF13=1),"TP",IF(AND(AX13>$BO$3,BF13=0),"FP",IF(AND(AX13<$BO$3,BF13=0), "TN", "FN"))),"")
A14: DC | B14: Kamasutra Condom Dotted Pack of 3 pcs | C14: Adult Care | D14: Condoms | E14: Blue Ocean General Trading LLC | F14: 1 | G14: 6.944134 | H14: Yes | J14: 730 | Q14: =D14&"_"&R14 -> Condoms_5-10 | R14: =IF(G14<5,"0-5",IF(G14<10,"5-10",IF(G14<15,"10-15",IF(G14<20,"15-20",IF(G14<25,"20-25","25+"))))) -> 5-10 | S14: {=XLOOKUP(B14,Availability!K:K,Availability!Q:Q)} -> Depth | T14: =If(OR(A14="DC",A14="Careem DC"),MAX(F14,150)/(60),MAX(F14,80)/(J14*0.5)) -> 2.5 | U14: {=iferror(XLOOKUP(Q14,'Refrence Data'!B:B,'Refrence Data'!W:W),"NA")} -> 11.62304 | V14: =IFERROR(IF(OR(T14=0,U14=0),0,IF(U14/T14>=1,100,IF(U14/T14>=0.75,75,IF(U14/T14>=0.5,50,IF(U14/T14>=0.25,25,0))))), "NA") -> 100 | X14: {=IFERROR(XLOOKUP(Q14,'Refrence Data'!B:B,'Refrence Data'!N:N),"NA")} -> 0.504094 | Y14: =IF(X14>0.8,"HIGH",IF(X14>0.5,"MEDIUM","LOW")) -> MEDIUM | Z14: {=XLOOKUP(Q14,'Refrence Data'!B:B,'Refrence Data'!AG:AG)} -> 7.685756 | AA14: {=IFERROR(XLOOKUP(Q14,'Refrence Data'!B:B,'Refrence Data'!Y:Y),"NA")} -> 7.685756 | AB14: =IF(AA14<Z14*0.5,"Low","High") -> High | AC14: =S14 -> Depth | AD14: =Y14&AB14&AC14 -> MEDIUMHighDepth | AE14: {=XLOOKUP(AD14,'Category Saturation'!A:A,'Category Saturation'!E:E)} -> 60 | AG14: {=iferror(XLOOKUP(Q14,'New Launch Success Rate'!A:A,'New Launch Success Rate'!F:F),"NA")} -> 0.3335 | AH14: =if(OR(AG14="Not Applicable",AG14="NA"),"NA",IF(AG14<10%,0,IF(AG14<25%,25,IF(AG14<50%,50,IF(AG14<80%,75,100))))) -> 50 | AJ14: =if(AH14="NA",(V14*60%+AE14*40%),(V14*60%+AE14*30%+AH14*10%)) -> 83 | AL14: {=XLOOKUP(Q14,'Non Moving'!C:C,'Non Moving'!I:I)/100} -> 0 | AM14: =IF(AL14<0.05,100,IF(AL14<0.1,75,IF(AL14<0.25,50,0))) -> 100 | AN14: {=XLOOKUP(Q14,'Non Moving'!C:C,'Non Moving'!F:F)/100} -> 0 | AO14: =IF(AN14<0.05,100,IF(AN14<0.1,75,IF(AN14<0.25,50,0))) -> 100 | AQ14: =AM14*0.5+AO14*0.5 -> 100 | AS14: =IF(H14="Yes",100,0) -> 100 | AT14: {=iferror(XLOOKUP(I14,Monetization!A:A,Monetization!B:B),25)} -> 25 | AV14: =AS14*0.7+AT14*0.3 -> 77.5 | AX14: =AJ14*1+AQ14*0+AV14*0 -> 83 | AY14: =IF(AX14<25,"0-25",IF(AX14<50,"25-50",IF(AX14<75,"50-75","75-100"))) -> 75-100 | AZ14: =IF(AJ14<25,"0-25",IF(AJ14<50,"25-50",IF(AJ14<75,"50-75","75-100"))) -> 75-100 | BA14: {=iferror(XLOOKUP(B14,Availability!A:A,Availability!E:E),0%)} -> 0.99 | BB14: 1 | BC14: {=XLOOKUP(B14,ROS!C:C,ROS!O:O)} -> 0 | BD14: {=IFERROR(XLOOKUP(B14,ROS!Z:Z,ROS!AA:AA),0)} -> 2.4395604 | BE14: {=XLOOKUP(Q14,'Refrence Data'!B:B,'Refrence Data'!T:T)} -> 11.43423 | BF14: =IF(max(BD14,BC14)>max(min(BE14,T14),1),1,0) -> 0 | BG14: =if(BA14>70%, IF(AND(AJ14>$BO$3,BF14=1),"TP",IF(AND(AJ14>$BO$3,BF14=0),"FP",IF(AND(AJ14<$BO$3,BF14=0), "TN", "FN"))),"") -> FP | BO14: =if(BA14>70%, IF(AND(AX14>$BO$3,BF14=1),"TP",IF(AND(AX14>$BO$3,BF14=0),"FP",IF(AND(AX14<$BO$3,BF14=0), "TN", "FN"))),"") -> FP
A15: DC | B15: Kamasutra Condom Wet N Wild Pack of 12 pcs | C15: Adult Care | D15: Condoms | E15: Blue Ocean General Trading LLC | F15: 1 | G15: 15.73714 | H15: Yes | J15: 730 | Q15: =D15&"_"&R15 -> Condoms_15-20 | R15: =IF(G15<5,"0-5",IF(G15<10,"5-10",IF(G15<15,"10-15",IF(G15<20,"15-20",IF(G15<25,"20-25","25+"))))) -> 15-20 | S15: {=XLOOKUP(B15,Availability!K:K,Availability!Q:Q)} -> Depth | T15: =If(OR(A15="DC",A15="Careem DC"),MAX(F15,150)/(60),MAX(F15,80)/(J15*0.5)) -> 2.5 | U15: {=iferror(XLOOKUP(Q15,'Refrence Data'!B:B,'Refrence Data'!W:W),"NA")} -> 3.638295 | V15: =IFERROR(IF(OR(T15=0,U15=0),0,IF(U15/T15>=1,100,IF(U15/T15>=0.75,75,IF(U15/T15>=0.5,50,IF(U15/T15>=0.25,25,0))))), "NA") -> 100 | X15: {=IFERROR(XLOOKUP(Q15,'Refrence Data'!B:B,'Refrence Data'!N:N),"NA")} -> 0.604607 | Y15: =IF(X15>0.8,"HIGH",IF(X15>0.5,"MEDIUM","LOW")) -> MEDIUM | Z15: {=XLOOKUP(Q15,'Refrence Data'!B:B,'Refrence Data'!AG:AG)} -> 4.798049 | AA15: {=IFERROR(XLOOKUP(Q15,'Refrence Data'!B:B,'Refrence Data'!Y:Y),"NA")} -> 4.798049 | AB15: =IF(AA15<Z15*0.5,"Low","High") -> High | AC15: =S15 -> Depth | AD15: =Y15&AB15&AC15 -> MEDIUMHighDepth | AE15: {=XLOOKUP(AD15,'Category Saturation'!A:A,'Category Saturation'!E:E)} -> 60 | AG15: {=iferror(XLOOKUP(Q15,'New Launch Success Rate'!A:A,'New Launch Success Rate'!F:F),"NA")} -> 0.3335 | AH15: =if(OR(AG15="Not Applicable",AG15="NA"),"NA",IF(AG15<10%,0,IF(AG15<25%,25,IF(AG15<50%,50,IF(AG15<80%,75,100))))) -> 50 | AJ15: =if(AH15="NA",(V15*60%+AE15*40%),(V15*60%+AE15*30%+AH15*10%)) -> 83 | AL15: {=XLOOKUP(Q15,'Non Moving'!C:C,'Non Moving'!I:I)/100} -> 0.1 | AM15: =IF(AL15<0.05,100,IF(AL15<0.1,75,IF(AL15<0.25,50,0))) -> 50 | AN15: {=XLOOKUP(Q15,'Non Moving'!C:C,'Non Moving'!F:F)/100} -> 0.103 | AO15: =IF(AN15<0.05,100,IF(AN15<0.1,75,IF(AN15<0.25,50,0))) -> 50 | AQ15: =AM15*0.5+AO15*0.5 -> 50 | AS15: =IF(H15="Yes",100,0) -> 100 | AT15: {=iferror(XLOOKUP(I15,Monetization!A:A,Monetization!B:B),25)} -> 25 | AV15: =AS15*0.7+AT15*0.3 -> 77.5 | AX15: =AJ15*1+AQ15*0+AV15*0 -> 83 | AY15: =IF(AX15<25,"0-25",IF(AX15<50,"25-50",IF(AX15<75,"50-75","75-100"))) -> 75-100 | AZ15: =IF(AJ15<25,"0-25",IF(AJ15<50,"25-50",IF(AJ15<75,"50-75","75-100"))) -> 75-100 | BA15: {=iferror(XLOOKUP(B15,Availability!A:A,Availability!E:E),0%)} -> 0.99 | BB15: 1 | BC15: {=XLOOKUP(B15,ROS!C:C,ROS!O:O)} -> 1.461905 | BD15: {=IFERROR(XLOOKUP(B15,ROS!Z:Z,ROS!AA:AA),0)} -> 0.8021978 | BE15: {=XLOOKUP(Q15,'Refrence Data'!B:B,'Refrence Data'!T:T)} -> 2.053049 | BF15: =IF(max(BD15,BC15)>max(min(BE15,T15),1),1,0) -> 0 | BG15: =if(BA15>70%, IF(AND(AJ15>$BO$3,BF15=1),"TP",IF(AND(AJ15>$BO$3,BF15=0),"FP",IF(AND(AJ15<$BO$3,BF15=0), "TN", "FN"))),"") -> FP | BO15: =if(BA15>70%, IF(AND(AX15>$BO$3,BF15=1),"TP",IF(AND(AX15>$BO$3,BF15=0),"FP",IF(AND(AX15<$BO$3,BF15=0), "TN", "FN"))),"") -> FP | BQ15: True prediction | BR15: =SUM(BR8:BR9)/SUM(BR8:BR11) -> 0.69117647 | BS15: =SUM(BS8:BS9)/SUM(BS8:BS11) -> 0.69117647
A16: DC | B16: Kamasutra Condom Wet N Wild Pack of 3 pcs | C16: Adult Care | D16: Condoms | E16: Blue Ocean General Trading LLC | F16: 1 | G16: 9.647707 | H16: Yes | J16: 730 | Q16: =D16&"_"&R16 -> Condoms_5-10 | R16: =IF(G16<5,"0-5",IF(G16<10,"5-10",IF(G16<15,"10-15",IF(G16<20,"15-20",IF(G16<25,"20-25","25+"))))) -> 5-10 | S16: {=XLOOKUP(B16,Availability!K:K,Availability!Q:Q)} -> Depth | T16: =If(OR(A16="DC",A16="Careem DC"),MAX(F16,150)/(60),MAX(F16,80)/(J16*0.5)) -> 2.5 | U16: {=iferror(XLOOKUP(Q16,'Refrence Data'!B:B,'Refrence Data'!W:W),"NA")} -> 11.62304 | V16: =IFERROR(IF(OR(T16=0,U16=0),0,IF(U16/T16>=1,100,IF(U16/T16>=0.75,75,IF(U16/T16>=0.5,50,IF(U16/T16>=0.25,25,0))))), "NA") -> 100 | X16: {=IFERROR(XLOOKUP(Q16,'Refrence Data'!B:B,'Refrence Data'!N:N),"NA")} -> 0.504094 | Y16: =IF(X16>0.8,"HIGH",IF(X16>0.5,"MEDIUM","LOW")) -> MEDIUM | Z16: {=XLOOKUP(Q16,'Refrence Data'!B:B,'Refrence Data'!AG:AG)} -> 7.685756 | AA16: {=IFERROR(XLOOKUP(Q16,'Refrence Data'!B:B,'Refrence Data'!Y:Y),"NA")} -> 7.685756 | AB16: =IF(AA16<Z16*0.5,"Low","High") -> High | AC16: =S16 -> Depth | AD16: =Y16&AB16&AC16 -> MEDIUMHighDepth | AE16: {=XLOOKUP(AD16,'Category Saturation'!A:A,'Category Saturation'!E:E)} -> 60 | AG16: {=iferror(XLOOKUP(Q16,'New Launch Success Rate'!A:A,'New Launch Success Rate'!F:F),"NA")} -> 0.3335 | AH16: =if(OR(AG16="Not Applicable",AG16="NA"),"NA",IF(AG16<10%,0,IF(AG16<25%,25,IF(AG16<50%,50,IF(AG16<80%,75,100))))) -> 50 | AJ16: =if(AH16="NA",(V16*60%+AE16*40%),(V16*60%+AE16*30%+AH16*10%)) -> 83 | AL16: {=XLOOKUP(Q16,'Non Moving'!C:C,'Non Moving'!I:I)/100} -> 0 | AM16: =IF(AL16<0.05,100,IF(AL16<0.1,75,IF(AL16<0.25,50,0))) -> 100 | AN16: {=XLOOKUP(Q16,'Non Moving'!C:C,'Non Moving'!F:F)/100} -> 0 | AO16: =IF(AN16<0.05,100,IF(AN16<0.1,75,IF(AN16<0.25,50,0))) -> 100 | AQ16: =AM16*0.5+AO16*0.5 -> 100 | AS16: =IF(H16="Yes",100,0) -> 100 | AT16: {=iferror(XLOOKUP(I16,Monetization!A:A,Monetization!B:B),25)} -> 25 | AV16: =AS16*0.7+AT16*0.3 -> 77.5 | AX16: =AJ16*1+AQ16*0+AV16*0 -> 83 | AY16: =IF(AX16<25,"0-25",IF(AX16<50,"25-50",IF(AX16<75,"50-75","75-100"))) -> 75-100 | AZ16: =IF(AJ16<25,"0-25",IF(AJ16<50,"25-50",IF(AJ16<75,"50-75","75-100"))) -> 75-100 | BA16: {=iferror(XLOOKUP(B16,Availability!A:A,Availability!E:E),0%)} -> 1 | BB16: 1 | BC16: {=XLOOKUP(B16,ROS!C:C,ROS!O:O)} -> 1.214286 | BD16: {=IFERROR(XLOOKUP(B16,ROS!Z:Z,ROS!AA:AA),0)} -> 1.5 | BE16: {=XLOOKUP(Q16,'Refrence Data'!B:B,'Refrence Data'!T:T)} -> 11.43423 | BF16: =IF(max(BD16,BC16)>max(min(BE16,T16),1),1,0) -> 0 | BG16: =if(BA16>70%, IF(AND(AJ16>$BO$3,BF16=1),"TP",IF(AND(AJ16>$BO$3,BF16=0),"FP",IF(AND(AJ16<$BO$3,BF16=0), "TN", "FN"))),"") -> FP | BO16: =if(BA16>70%, IF(AND(AX16>$BO$3,BF16=1),"TP",IF(AND(AX16>$BO$3,BF16=0),"FP",IF(AND(AX16<$BO$3,BF16=0), "TN", "FN"))),"") -> FP | BS16: Are we recommending good SKUs?
A17: DC | B17: S-26 Gold Stage 4 ProKids, 3-6 Years 800 g | C17: Baby Essentials | D17: Milk Formula | E17: Nestle UAE L.L.C | F17: 18 | G17: 78.68704 | H17: No | J17: 720 | Q17: =D17&"_"&R17 -> Milk Formula_25+ | R17: =IF(G17<5,"0-5",IF(G17<10,"5-10",IF(G17<15,"10-15",IF(G17<20,"15-20",IF(G17<25,"20-25","25+"))))) -> 25+ | S17: {=XLOOKUP(B17,Availability!K:K,Availability!Q:Q)} -> Depth | T17: =If(OR(A17="DC",A17="Careem DC"),MAX(F17,150)/(60),MAX(F17,80)/(J17*0.5)) -> 2.5 | U17: {=iferror(XLOOKUP(Q17,'Refrence Data'!B:B,'Refrence Data'!W:W),"NA")} -> 1.460673 | V17: =IFERROR(IF(OR(T17=0,U17=0),0,IF(U17/T17>=1,100,IF(U17/T17>=0.75,75,IF(U17/T17>=0.5,50,IF(U17/T17>=0.25,25,0))))), "NA") -> 50 | X17: {=IFERROR(XLOOKUP(Q17,'Refrence Data'!B:B,'Refrence Data'!N:N),"NA")} -> 0.626324 | Y17: =IF(X17>0.8,"HIGH",IF(X17>0.5,"MEDIUM","LOW")) -> MEDIUM | Z17: {=XLOOKUP(Q17,'Refrence Data'!B:B,'Refrence Data'!AG:AG)} -> 1.427557 | AA17: {=IFERROR(XLOOKUP(Q17,'Refrence Data'!B:B,'Refrence Data'!Y:Y),"NA")} -> 1.427557 | AB17: =IF(AA17<Z17*0.5,"Low","High") -> High | AC17: =S17 -> Depth | AD17: =Y17&AB17&AC17 -> MEDIUMHighDepth | AE17: {=XLOOKUP(AD17,'Category Saturation'!A:A,'Category Saturation'!E:E)} -> 60 | AG17: {=iferror(XLOOKUP(Q17,'New Launch Success Rate'!A:A,'New Launch Success Rate'!F:F),"NA")} -> 0.375 | AH17: =if(OR(AG17="Not Applicable",AG17="NA"),"NA",IF(AG17<10%,0,IF(AG17<25%,25,IF(AG17<50%,50,IF(AG17<80%,75,100))))) -> 50 | AJ17: =if(AH17="NA",(V17*60%+AE17*40%),(V17*60%+AE17*30%+AH17*10%)) -> 53 | AL17: {=XLOOKUP(Q17,'Non Moving'!C:C,'Non Moving'!I:I)/100} -> 0.378 | AM17: =IF(AL17<0.05,100,IF(AL17<0.1,75,IF(AL17<0.25,50,0))) -> 0 | AN17: {=XLOOKUP(Q17,'Non Moving'!C:C,'Non Moving'!F:F)/100} -> 0.36 | AO17: =IF(AN17<0.05,100,IF(AN17<0.1,75,IF(AN17<0.25,50,0))) -> 0 | AQ17: =AM17*0.5+AO17*0.5 -> 0 | AS17: =IF(H17="Yes",100,0) -> 0 | AT17: {=iferror(XLOOKUP(I17,Monetization!A:A,Monetization!B:B),25)} -> 25 | AV17: =AS17*0.7+AT17*0.3 -> 7.5 | AX17: =AJ17*1+AQ17*0+AV17*0 -> 53 | AY17: =IF(AX17<25,"0-25",IF(AX17<50,"25-50",IF(AX17<75,"50-75","75-100"))) -> 50-75 | AZ17: =IF(AJ17<25,"0-25",IF(AJ17<50,"25-50",IF(AJ17<75,"50-75","75-100"))) -> 50-75 | BA17: {=iferror(XLOOKUP(B17,Availability!A:A,Availability!E:E),0%)} -> 0.99 | BB17: 1 | BC17: {=XLOOKUP(B17,ROS!C:C,ROS!O:O)} -> 0 | BD17: {=IFERROR(XLOOKUP(B17,ROS!Z:Z,ROS!AA:AA),0)} -> 0.21428571 | BE17: {=XLOOKUP(Q17,'Refrence Data'!B:B,'Refrence Data'!T:T)} -> 0.074176 | BF17: =IF(max(BD17,BC17)>max(min(BE17,T17),1),1,0) -> 0 | BG17: =if(BA17>70%, IF(AND(AJ17>$BO$3,BF17=1),"TP",IF(AND(AJ17>$BO$3,BF17=0),"FP",IF(AND(AJ17<$BO$3,BF17=0), "TN", "FN"))),"") -> FP | BO17: =if(BA17>70%, IF(AND(AX17>$BO$3,BF17=1),"TP",IF(AND(AX17>$BO$3,BF17=0),"FP",IF(AND(AX17<$BO$3,BF17=0), "TN", "FN"))),"") -> FP | BS17: Are we missing good SKUs?
A18: DC | B18: S-26 Gold Stage 3, 1-3 Years 1.6 kg | C18: Baby Essentials | D18: Milk Formula | E18: Nestle UAE L.L.C | F18: 0 | G18: 170.1063 | H18: No | J18: 720 | Q18: =D18&"_"&R18 -> Milk Formula_25+ | R18: =IF(G18<5,"0-5",IF(G18<10,"5-10",IF(G18<15,"10-15",IF(G18<20,"15-20",IF(G18<25,"20-25","25+"))))) -> 25+ | S18: {=XLOOKUP(B18,Availability!K:K,Availability!Q:Q)} -> Depth | T18: =If(OR(A18="DC",A18="Careem DC"),MAX(F18,150)/(60),MAX(F18,80)/(J18*0.5)) -> 2.5 | U18: {=iferror(XLOOKUP(Q18,'Refrence Data'!B:B,'Refrence Data'!W:W),"NA")} -> 1.460673 | V18: =IFERROR(IF(OR(T18=0,U18=0),0,IF(U18/T18>=1,100,IF(U18/T18>=0.75,75,IF(U18/T18>=0.5,50,IF(U18/T18>=0.25,25,0))))), "NA") -> 50 | X18: {=IFERROR(XLOOKUP(Q18,'Refrence Data'!B:B,'Refrence Data'!N:N),"NA")} -> 0.626324 | Y18: =IF(X18>0.8,"HIGH",IF(X18>0.5,"MEDIUM","LOW")) -> MEDIUM | Z18: {=XLOOKUP(Q18,'Refrence Data'!B:B,'Refrence Data'!AG:AG)} -> 1.427557 | AA18: {=IFERROR(XLOOKUP(Q18,'Refrence Data'!B:B,'Refrence Data'!Y:Y),"NA")} -> 1.427557 | AB18: =IF(AA18<Z18*0.5,"Low","High") -> High | AC18: =S18 -> Depth | AD18: =Y18&AB18&AC18 -> MEDIUMHighDepth | AE18: {=XLOOKUP(AD18,'Category Saturation'!A:A,'Category Saturation'!E:E)} -> 60 | AG18: {=iferror(XLOOKUP(Q18,'New Launch Success Rate'!A:A,'New Launch Success Rate'!F:F),"NA")} -> 0.375 | AH18: =if(OR(AG18="Not Applicable",AG18="NA"),"NA",IF(AG18<10%,0,IF(AG18<25%,25,IF(AG18<50%,50,IF(AG18<80%,75,100))))) -> 50 | AJ18: =if(AH18="NA",(V18*60%+AE18*40%),(V18*60%+AE18*30%+AH18*10%)) -> 53 | AL18: {=XLOOKUP(Q18,'Non Moving'!C:C,'Non Moving'!I:I)/100} -> 0.378 | AM18: =IF(AL18<0.05,100,IF(AL18<0.1,75,IF(AL18<0.25,50,0))) -> 0 | AN18: {=XLOOKUP(Q18,'Non Moving'!C:C,'Non Moving'!F:F)/100} -> 0.36 | AO18: =IF(AN18<0.05,100,IF(AN18<0.1,75,IF(AN18<0.25,50,0))) -> 0 | AQ18: =AM18*0.5+AO18*0.5 -> 0 | AS18: =IF(H18="Yes",100,0) -> 0 | AT18: {=iferror(XLOOKUP(I18,Monetization!A:A,Monetization!B:B),25)} -> 25 | AV18: =AS18*0.7+AT18*0.3 -> 7.5 | AX18: =AJ18*1+AQ18*0+AV18*0 -> 53 | AY18: =IF(AX18<25,"0-25",IF(AX18<50,"25-50",IF(AX18<75,"50-75","75-100"))) -> 50-75 | AZ18: =IF(AJ18<25,"0-25",IF(AJ18<50,"25-50",IF(AJ18<75,"50-75","75-100"))) -> 50-75 | BA18: {=iferror(XLOOKUP(B18,Availability!A:A,Availability!E:E),0%)} -> 0.99 | BB18: 1 | BC18: {=XLOOKUP(B18,ROS!C:C,ROS!O:O)} -> 0 | BD18: {=IFERROR(XLOOKUP(B18,ROS!Z:Z,ROS!AA:AA),0)} -> 0 | BE18: {=XLOOKUP(Q18,'Refrence Data'!B:B,'Refrence Data'!T:T)} -> 0.074176 | BF18: =IF(max(BD18,BC18)>max(min(BE18,T18),1),1,0) -> 0 | BG18: =if(BA18>70%, IF(AND(AJ18>$BO$3,BF18=1),"TP",IF(AND(AJ18>$BO$3,BF18=0),"FP",IF(AND(AJ18<$BO$3,BF18=0), "TN", "FN"))),"") -> FP | BH18: CQ | BI18: Total SKUs | BJ18: Success | BK18: Fail | BL18: Correct Prediction | BM18: Accuracy | BO18: =if(BA18>70%, IF(AND(AX18>$BO$3,BF18=1),"TP",IF(AND(AX18>$BO$3,BF18=0),"FP",IF(AND(AX18<$BO$3,BF18=0), "TN", "FN"))),"") -> FP
A19: DC | B19: S-26 Gold Stage 1, 0-6 Months 800 g | C19: Baby Essentials | D19: Milk Formula | E19: Nestle UAE L.L.C | F19: 18 | G19: 119.14 | H19: No | J19: 720 | Q19: =D19&"_"&R19 -> Milk Formula_25+ | R19: =IF(G19<5,"0-5",IF(G19<10,"5-10",IF(G19<15,"10-15",IF(G19<20,"15-20",IF(G19<25,"20-25","25+"))))) -> 25+ | S19: {=XLOOKUP(B19,Availability!K:K,Availability!Q:Q)} -> Depth | T19: =If(OR(A19="DC",A19="Careem DC"),MAX(F19,150)/(60),MAX(F19,80)/(J19*0.5)) -> 2.5 | U19: {=iferror(XLOOKUP(Q19,'Refrence Data'!B:B,'Refrence Data'!W:W),"NA")} -> 1.460673 | V19: =IFERROR(IF(OR(T19=0,U19=0),0,IF(U19/T19>=1,100,IF(U19/T19>=0.75,75,IF(U19/T19>=0.5,50,IF(U19/T19>=0.25,25,0))))), "NA") -> 50 | X19: {=IFERROR(XLOOKUP(Q19,'Refrence Data'!B:B,'Refrence Data'!N:N),"NA")} -> 0.626324 | Y19: =IF(X19>0.8,"HIGH",IF(X19>0.5,"MEDIUM","LOW")) -> MEDIUM | Z19: {=XLOOKUP(Q19,'Refrence Data'!B:B,'Refrence Data'!AG:AG)} -> 1.427557 | AA19: {=IFERROR(XLOOKUP(Q19,'Refrence Data'!B:B,'Refrence Data'!Y:Y),"NA")} -> 1.427557 | AB19: =IF(AA19<Z19*0.5,"Low","High") -> High | AC19: =S19 -> Depth | AD19: =Y19&AB19&AC19 -> MEDIUMHighDepth | AE19: {=XLOOKUP(AD19,'Category Saturation'!A:A,'Category Saturation'!E:E)} -> 60 | AG19: {=iferror(XLOOKUP(Q19,'New Launch Success Rate'!A:A,'New Launch Success Rate'!F:F),"NA")} -> 0.375 | AH19: =if(OR(AG19="Not Applicable",AG19="NA"),"NA",IF(AG19<10%,0,IF(AG19<25%,25,IF(AG19<50%,50,IF(AG19<80%,75,100))))) -> 50 | AJ19: =if(AH19="NA",(V19*60%+AE19*40%),(V19*60%+AE19*30%+AH19*10%)) -> 53 | AL19: {=XLOOKUP(Q19,'Non Moving'!C:C,'Non Moving'!I:I)/100} -> 0.378 | AM19: =IF(AL19<0.05,100,IF(AL19<0.1,75,IF(AL19<0.25,50,0))) -> 0 | AN19: {=XLOOKUP(Q19,'Non Moving'!C:C,'Non Moving'!F:F)/100} -> 0.36 | AO19: =IF(AN19<0.05,100,IF(AN19<0.1,75,IF(AN19<0.25,50,0))) -> 0 | AQ19: =AM19*0.5+AO19*0.5 -> 0 | AS19: =IF(H19="Yes",100,0) -> 0 | AT19: {=iferror(XLOOKUP(I19,Monetization!A:A,Monetization!B:B),25)} -> 25 | AV19: =AS19*0.7+AT19*0.3 -> 7.5 | AX19: =AJ19*1+AQ19*0+AV19*0 -> 53 | AY19: =IF(AX19<25,"0-25",IF(AX19<50,"25-50",IF(AX19<75,"50-75","75-100"))) -> 50-75 | AZ19: =IF(AJ19<25,"0-25",IF(AJ19<50,"25-50",IF(AJ19<75,"50-75","75-100"))) -> 50-75 | BA19: {=iferror(XLOOKUP(B19,Availability!A:A,Availability!E:E),0%)} -> 0.59 | BB19: 1 | BC19: {=XLOOKUP(B19,ROS!C:C,ROS!O:O)} -> 0 | BD19: {=IFERROR(XLOOKUP(B19,ROS!Z:Z,ROS!AA:AA),0)} -> 0 | BE19: {=XLOOKUP(Q19,'Refrence Data'!B:B,'Refrence Data'!T:T)} -> 0.074176 | BF19: =IF(max(BD19,BC19)>max(min(BE19,T19),1),1,0) -> 0 | BG19: =if(BA19>70%, IF(AND(AJ19>$BO$3,BF19=1),"TP",IF(AND(AJ19>$BO$3,BF19=0),"FP",IF(AND(AJ19<$BO$3,BF19=0), "TN", "FN"))),"") | BH19: 0-25 | BI19: =SUMIFS(BB:BB,AZ:AZ,BH19,BA:BA,">30%") -> 6 | BJ19: =SUMIFS(BF:BF,AZ:AZ,BH19,BA:BA,">30%") -> 2 | BK19: =BI19-BJ19 -> 4 | BL19: =BK19 -> 4 | BM19: =BL19/BI19 -> 0.66666667 | BO19: =if(BA19>70%, IF(AND(AX19>$BO$3,BF19=1),"TP",IF(AND(AX19>$BO$3,BF19=0),"FP",IF(AND(AX19<$BO$3,BF19=0), "TN", "FN"))),"")
A20: DC | B20: Cerelac Grains & Milk Pouch in Wheat & Honey 110 g | C20: Baby Essentials | D20: Baby Food | E20: Nestle UAE L.L.C | F20: 0 | G20: 9.242619 | H20: No | J20: 365 | Q20: =D20&"_"&R20 -> Baby Food_5-10 | R20: =IF(G20<5,"0-5",IF(G20<10,"5-10",IF(G20<15,"10-15",IF(G20<20,"15-20",IF(G20<25,"20-25","25+"))))) -> 5-10 | S20: {=XLOOKUP(B20,Availability!K:K,Availability!Q:Q)} -> Depth | T20: =If(OR(A20="DC",A20="Careem DC"),MAX(F20,150)/(60),MAX(F20,80)/(J20*0.5)) -> 2.5 | U20: {=iferror(XLOOKUP(Q20,'Refrence Data'!B:B,'Refrence Data'!W:W),"NA")} -> 6.065433 | V20: =IFERROR(IF(OR(T20=0,U20=0),0,IF(U20/T20>=1,100,IF(U20/T20>=0.75,75,IF(U20/T20>=0.5,50,IF(U20/T20>=0.25,25,0))))), "NA") -> 100 | X20: {=IFERROR(XLOOKUP(Q20,'Refrence Data'!B:B,'Refrence Data'!N:N),"NA")} -> 0.494648 | Y20: =IF(X20>0.8,"HIGH",IF(X20>0.5,"MEDIUM","LOW")) -> LOW | Z20: {=XLOOKUP(Q20,'Refrence Data'!B:B,'Refrence Data'!AG:AG)} -> 14.66427 | AA20: {=IFERROR(XLOOKUP(Q20,'Refrence Data'!B:B,'Refrence Data'!Y:Y),"NA")} -> 6.109142 | AB20: =IF(AA20<Z20*0.5,"Low","High") -> Low | AC20: =S20 -> Depth | AD20: =Y20&AB20&AC20 -> LOWLowDepth | AE20: {=XLOOKUP(AD20,'Category Saturation'!A:A,'Category Saturation'!E:E)} -> 15 | AG20: {=iferror(XLOOKUP(Q20,'New Launch Success Rate'!A:A,'New Launch Success Rate'!F:F),"NA")} -> 0.219 | AH20: =if(OR(AG20="Not Applicable",AG20="NA"),"NA",IF(AG20<10%,0,IF(AG20<25%,25,IF(AG20<50%,50,IF(AG20<80%,75,100))))) -> 25 | AJ20: =if(AH20="NA",(V20*60%+AE20*40%),(V20*60%+AE20*30%+AH20*10%)) -> 67 | AL20: {=XLOOKUP(Q20,'Non Moving'!C:C,'Non Moving'!I:I)/100} -> 0.061 | AM20: =IF(AL20<0.05,100,IF(AL20<0.1,75,IF(AL20<0.25,50,0))) -> 75 | AN20: {=XLOOKUP(Q20,'Non Moving'!C:C,'Non Moving'!F:F)/100} -> 0.075 | AO20: =IF(AN20<0.05,100,IF(AN20<0.1,75,IF(AN20<0.25,50,0))) -> 75 | AQ20: =AM20*0.5+AO20*0.5 -> 75 | AS20: =IF(H20="Yes",100,0) -> 0 | AT20: {=iferror(XLOOKUP(I20,Monetization!A:A,Monetization!B:B),25)} -> 25 | AV20: =AS20*0.7+AT20*0.3 -> 7.5 | AX20: =AJ20*1+AQ20*0+AV20*0 -> 67 | AY20: =IF(AX20<25,"0-25",IF(AX20<50,"25-50",IF(AX20<75,"50-75","75-100"))) -> 50-75 | AZ20: =IF(AJ20<25,"0-25",IF(AJ20<50,"25-50",IF(AJ20<75,"50-75","75-100"))) -> 50-75 | BA20: {=iferror(XLOOKUP(B20,Availability!A:A,Availability!E:E),0%)} -> 0.3 | BB20: 1 | BC20: {=XLOOKUP(B20,ROS!C:C,ROS!O:O)} -> 0 | BD20: {=IFERROR(XLOOKUP(B20,ROS!Z:Z,ROS!AA:AA),0)} -> 0 | BE20: {=XLOOKUP(Q20,'Refrence Data'!B:B,'Refrence Data'!T:T)} -> 2.239556 | BF20: =IF(max(BD20,BC20)>max(min(BE20,T20),1),1,0) -> 0 | BG20: =if(BA20>70%, IF(AND(AJ20>$BO$3,BF20=1),"TP",IF(AND(AJ20>$BO$3,BF20=0),"FP",IF(AND(AJ20<$BO$3,BF20=0), "TN", "FN"))),"") | BH20: 25-50 | BI20: =SUMIFS(BB:BB,AZ:AZ,BH20,BA:BA,">30%") -> 44 | BJ20: =SUMIFS(BF:BF,AZ:AZ,BH20,BA:BA,">30%") -> 11 | BK20: =BI20-BJ20 -> 33 | BL20: =BK20 -> 33 | BM20: =BL20/BI20 -> 0.75 | BO20: =if(BA20>70%, IF(AND(AX20>$BO$3,BF20=1),"TP",IF(AND(AX20>$BO$3,BF20=0),"FP",IF(AND(AX20<$BO$3,BF20=0), "TN", "FN"))),"")
A21: DC | B21: Cerelac Grains & Milk Pouch in 5 Cereals 110 g | C21: Baby Essentials | D21: Baby Food | E21: Nestle UAE L.L.C | F21: 0 | G21: 9.242646 | H21: No | J21: 365 | Q21: =D21&"_"&R21 -> Baby Food_5-10 | R21: =IF(G21<5,"0-5",IF(G21<10,"5-10",IF(G21<15,"10-15",IF(G21<20,"15-20",IF(G21<25,"20-25","25+"))))) -> 5-10 | S21: {=XLOOKUP(B21,Availability!K:K,Availability!Q:Q)} -> Depth | T21: =If(OR(A21="DC",A21="Careem DC"),MAX(F21,150)/(60),MAX(F21,80)/(J21*0.5)) -> 2.5 | U21: {=iferror(XLOOKUP(Q21,'Refrence Data'!B:B,'Refrence Data'!W:W),"NA")} -> 6.065433 | V21: =IFERROR(IF(OR(T21=0,U21=0),0,IF(U21/T21>=1,100,IF(U21/T21>=0.75,75,IF(U21/T21>=0.5,50,IF(U21/T21>=0.25,25,0))))), "NA") -> 100 | X21: {=IFERROR(XLOOKUP(Q21,'Refrence Data'!B:B,'Refrence Data'!N:N),"NA")} -> 0.494648 | Y21: =IF(X21>0.8,"HIGH",IF(X21>0.5,"MEDIUM","LOW")) -> LOW | Z21: {=XLOOKUP(Q21,'Refrence Data'!B:B,'Refrence Data'!AG:AG)} -> 14.66427 | AA21: {=IFERROR(XLOOKUP(Q21,'Refrence Data'!B:B,'Refrence Data'!Y:Y),"NA")} -> 6.109142 | AB21: =IF(AA21<Z21*0.5,"Low","High") -> Low | AC21: =S21 -> Depth | AD21: =Y21&AB21&AC21 -> LOWLowDepth | AE21: {=XLOOKUP(AD21,'Category Saturation'!A:A,'Category Saturation'!E:E)} -> 15 | AG21: {=iferror(XLOOKUP(Q21,'New Launch Success Rate'!A:A,'New Launch Success Rate'!F:F),"NA")} -> 0.219 | AH21: =if(OR(AG21="Not Applicable",AG21="NA"),"NA",IF(AG21<10%,0,IF(AG21<25%,25,IF(AG21<50%,50,IF(AG21<80%,75,100))))) -> 25 | AJ21: =if(AH21="NA",(V21*60%+AE21*40%),(V21*60%+AE21*30%+AH21*10%)) -> 67 | AL21: {=XLOOKUP(Q21,'Non Moving'!C:C,'Non Moving'!I:I)/100} -> 0.061 | AM21: =IF(AL21<0.05,100,IF(AL21<0.1,75,IF(AL21<0.25,50,0))) -> 75 | AN21: {=XLOOKUP(Q21,'Non Moving'!C:C,'Non Moving'!F:F)/100} -> 0.075 | AO21: =IF(AN21<0.05,100,IF(AN21<0.1,75,IF(AN21<0.25,50,0))) -> 75 | AQ21: =AM21*0.5+AO21*0.5 -> 75 | AS21: =IF(H21="Yes",100,0) -> 0 | AT21: {=iferror(XLOOKUP(I21,Monetization!A:A,Monetization!B:B),25)} -> 25 | AV21: =AS21*0.7+AT21*0.3 -> 7.5 | AX21: =AJ21*1+AQ21*0+AV21*0 -> 67 | AY21: =IF(AX21<25,"0-25",IF(AX21<50,"25-50",IF(AX21<75,"50-75","75-100"))) -> 50-75 | AZ21: =IF(AJ21<25,"0-25",IF(AJ21<50,"25-50",IF(AJ21<75,"50-75","75-100"))) -> 50-75 | BA21: {=iferror(XLOOKUP(B21,Availability!A:A,Availability!E:E),0%)} -> 0.4 | BB21: 1 | BC21: {=XLOOKUP(B21,ROS!C:C,ROS!O:O)} -> 0 | BD21: {=IFERROR(XLOOKUP(B21,ROS!Z:Z,ROS!AA:AA),0)} -> 0.071428571 | BE21: {=XLOOKUP(Q21,'Refrence Data'!B:B,'Refrence Data'!T:T)} -> 2.239556 | BF21: =IF(max(BD21,BC21)>max(min(BE21,T21),1),1,0) -> 0 | BG21: =if(BA21>70%, IF(AND(AJ21>$BO$3,BF21=1),"TP",IF(AND(AJ21>$BO$3,BF21=0),"FP",IF(AND(AJ21<$BO$3,BF21=0), "TN", "FN"))),"") | BH21: 50-75 | BI21: =SUMIFS(BB:BB,AZ:AZ,BH21,BA:BA,">30%") -> 29 | BJ21: =SUMIFS(BF:BF,AZ:AZ,BH21,BA:BA,">30%") -> 15 | BK21: =BI21-BJ21 -> 14 | BL21: =BJ21 -> 15 | BM21: =BL21/BI21 -> 0.51724138 | BO21: =if(BA21>70%, IF(AND(AX21>$BO$3,BF21=1),"TP",IF(AND(AX21>$BO$3,BF21=0),"FP",IF(AND(AX21<$BO$3,BF21=0), "TN", "FN"))),"")
A22: DC | B22: Cerelac Grains & Milk Pouch in Mango 110 g | C22: Baby Essentials | D22: Baby Food | E22: Nestle UAE L.L.C | F22: 0 | G22: 9.242689 | H22: No | J22: 365 | Q22: =D22&"_"&R22 -> Baby Food_5-10 | R22: =IF(G22<5,"0-5",IF(G22<10,"5-10",IF(G22<15,"10-15",IF(G22<20,"15-20",IF(G22<25,"20-25","25+"))))) -> 5-10 | S22: {=XLOOKUP(B22,Availability!K:K,Availability!Q:Q)} -> Depth | T22: =If(OR(A22="DC",A22="Careem DC"),MAX(F22,150)/(60),MAX(F22,80)/(J22*0.5)) -> 2.5 | U22: {=iferror(XLOOKUP(Q22,'Refrence Data'!B:B,'Refrence Data'!W:W),"NA")} -> 6.065433 | V22: =IFERROR(IF(OR(T22=0,U22=0),0,IF(U22/T22>=1,100,IF(U22/T22>=0.75,75,IF(U22/T22>=0.5,50,IF(U22/T22>=0.25,25,0))))), "NA") -> 100 | X22: {=IFERROR(XLOOKUP(Q22,'Refrence Data'!B:B,'Refrence Data'!N:N),"NA")} -> 0.494648 | Y22: =IF(X22>0.8,"HIGH",IF(X22>0.5,"MEDIUM","LOW")) -> LOW | Z22: {=XLOOKUP(Q22,'Refrence Data'!B:B,'Refrence Data'!AG:AG)} -> 14.66427 | AA22: {=IFERROR(XLOOKUP(Q22,'Refrence Data'!B:B,'Refrence Data'!Y:Y),"NA")} -> 6.109142 | AB22: =IF(AA22<Z22*0.5,"Low","High") -> Low | AC22: =S22 -> Depth | AD22: =Y22&AB22&AC22 -> LOWLowDepth | AE22: {=XLOOKUP(AD22,'Category Saturation'!A:A,'Category Saturation'!E:E)} -> 15 | AG22: {=iferror(XLOOKUP(Q22,'New Launch Success Rate'!A:A,'New Launch Success Rate'!F:F),"NA")} -> 0.219 | AH22: =if(OR(AG22="Not Applicable",AG22="NA"),"NA",IF(AG22<10%,0,IF(AG22<25%,25,IF(AG22<50%,50,IF(AG22<80%,75,100))))) -> 25 | AJ22: =if(AH22="NA",(V22*60%+AE22*40%),(V22*60%+AE22*30%+AH22*10%)) -> 67 | AL22: {=XLOOKUP(Q22,'Non Moving'!C:C,'Non Moving'!I:I)/100} -> 0.061 | AM22: =IF(AL22<0.05,100,IF(AL22<0.1,75,IF(AL22<0.25,50,0))) -> 75 | AN22: {=XLOOKUP(Q22,'Non Moving'!C:C,'Non Moving'!F:F)/100} -> 0.075 | AO22: =IF(AN22<0.05,100,IF(AN22<0.1,75,IF(AN22<0.25,50,0))) -> 75 | AQ22: =AM22*0.5+AO22*0.5 -> 75 | AS22: =IF(H22="Yes",100,0) -> 0 | AT22: {=iferror(XLOOKUP(I22,Monetization!A:A,Monetization!B:B),25)} -> 25 | AV22: =AS22*0.7+AT22*0.3 -> 7.5 | AX22: =AJ22*1+AQ22*0+AV22*0 -> 67 | AY22: =IF(AX22<25,"0-25",IF(AX22<50,"25-50",IF(AX22<75,"50-75","75-100"))) -> 50-75 | AZ22: =IF(AJ22<25,"0-25",IF(AJ22<50,"25-50",IF(AJ22<75,"50-75","75-100"))) -> 50-75 | BA22: {=iferror(XLOOKUP(B22,Availability!A:A,Availability!E:E),0%)} -> 0.35 | BB22: 1 | BC22: {=XLOOKUP(B22,ROS!C:C,ROS!O:O)} -> 0 | BD22: {=IFERROR(XLOOKUP(B22,ROS!Z:Z,ROS!AA:AA),0)} -> 0.11111111 | BE22: {=XLOOKUP(Q22,'Refrence Data'!B:B,'Refrence Data'!T:T)} -> 2.239556 | BF22: =IF(max(BD22,BC22)>max(min(BE22,T22),1),1,0) -> 0 | BG22: =if(BA22>70%, IF(AND(AJ22>$BO$3,BF22=1),"TP",IF(AND(AJ22>$BO$3,BF22=0),"FP",IF(AND(AJ22<$BO$3,BF22=0), "TN", "FN"))),"") | BH22: 75-100 | BI22: =SUMIFS(BB:BB,AZ:AZ,BH22,BA:BA,">30%") -> 102 | BJ22: =SUMIFS(BF:BF,AZ:AZ,BH22,BA:BA,">30%") -> 63 | BK22: =BI22-BJ22 -> 39 | BL22: =BJ22 -> 63 | BM22: =BL22/BI22 -> 0.61764706 | BO22: =if(BA22>70%, IF(AND(AX22>$BO$3,BF22=1),"TP",IF(AND(AX22>$BO$3,BF22=0),"FP",IF(AND(AX22<$BO$3,BF22=0), "TN", "FN"))),"")
A23: DC | B23: Cerelac Fruits Puree Pouch in Banana, Apple, Orange & Biscuit Value Pack 90 g x 4 | C23: Baby Essentials | D23: Baby Food | E23: Nestle UAE L.L.C | F23: 0 | G23: 21.73283 | H23: No | J23: 365 | Q23: =D23&"_"&R23 -> Baby Food_20-25 | R23: =IF(G23<5,"0-5",IF(G23<10,"5-10",IF(G23<15,"10-15",IF(G23<20,"15-20",IF(G23<25,"20-25","25+"))))) -> 20-25 | S23: {=XLOOKUP(B23,Availability!K:K,Availability!Q:Q)} -> Depth | T23: =If(OR(A23="DC",A23="Careem DC"),MAX(F23,150)/(60),MAX(F23,80)/(J23*0.5)) -> 2.5 | U23: {=iferror(XLOOKUP(Q23,'Refrence Data'!B:B,'Refrence Data'!W:W),"NA")} -> 0.862399 | V23: =IFERROR(IF(OR(T23=0,U23=0),0,IF(U23/T23>=1,100,IF(U23/T23>=0.75,75,IF(U23/T23>=0.5,50,IF(U23/T23>=0.25,25,0))))), "NA") -> 25 | X23: {=IFERROR(XLOOKUP(Q23,'Refrence Data'!B:B,'Refrence Data'!N:N),"NA")} -> 0.63384 | Y23: =IF(X23>0.8,"HIGH",IF(X23>0.5,"MEDIUM","LOW")) -> MEDIUM | Z23: {=XLOOKUP(Q23,'Refrence Data'!B:B,'Refrence Data'!AG:AG)} -> 1.233604 | AA23: {=IFERROR(XLOOKUP(Q23,'Refrence Data'!B:B,'Refrence Data'!Y:Y),"NA")} -> 0.687925 | AB23: =IF(AA23<Z23*0.5,"Low","High") -> High | AC23: =S23 -> Depth | AD23: =Y23&AB23&AC23 -> MEDIUMHighDepth | AE23: {=XLOOKUP(AD23,'Category Saturation'!A:A,'Category Saturation'!E:E)} -> 60 | AG23: {=iferror(XLOOKUP(Q23,'New Launch Success Rate'!A:A,'New Launch Success Rate'!F:F),"NA")} -> 0.219 | AH23: =if(OR(AG23="Not Applicable",AG23="NA"),"NA",IF(AG23<10%,0,IF(AG23<25%,25,IF(AG23<50%,50,IF(AG23<80%,75,100))))) -> 25 | AJ23: =if(AH23="NA",(V23*60%+AE23*40%),(V23*60%+AE23*30%+AH23*10%)) -> 35.5 | AL23: {=XLOOKUP(Q23,'Non Moving'!C:C,'Non Moving'!I:I)/100} -> 0.333 | AM23: =IF(AL23<0.05,100,IF(AL23<0.1,75,IF(AL23<0.25,50,0))) -> 0 | AN23: {=XLOOKUP(Q23,'Non Moving'!C:C,'Non Moving'!F:F)/100} -> 0.2 | AO23: =IF(AN23<0.05,100,IF(AN23<0.1,75,IF(AN23<0.25,50,0))) -> 50 | AQ23: =AM23*0.5+AO23*0.5 -> 25 | AS23: =IF(H23="Yes",100,0) -> 0 | AT23: {=iferror(XLOOKUP(I23,Monetization!A:A,Monetization!B:B),25)} -> 25 | AV23: =AS23*0.7+AT23*0.3 -> 7.5 | AX23: =AJ23*1+AQ23*0+AV23*0 -> 35.5 | AY23: =IF(AX23<25,"0-25",IF(AX23<50,"25-50",IF(AX23<75,"50-75","75-100"))) -> 25-50 | AZ23: =IF(AJ23<25,"0-25",IF(AJ23<50,"25-50",IF(AJ23<75,"50-75","75-100"))) -> 25-50 | BA23: {=iferror(XLOOKUP(B23,Availability!A:A,Availability!E:E),0%)} -> 0.56 | BB23: 1 | BC23: {=XLOOKUP(B23,ROS!C:C,ROS!O:O)} -> 0 | BD23: {=IFERROR(XLOOKUP(B23,ROS!Z:Z,ROS!AA:AA),0)} -> 1.0035714 | BE23: {=XLOOKUP(Q23,'Refrence Data'!B:B,'Refrence Data'!T:T)} -> 0.072751 | BF23: =IF(max(BD23,BC23)>max(min(BE23,T23),1),1,0) -> 1 | BG23: =if(BA23>70%, IF(AND(AJ23>$BO$3,BF23=1),"TP",IF(AND(AJ23>$BO$3,BF23=0),"FP",IF(AND(AJ23<$BO$3,BF23=0), "TN", "FN"))),"") | BH23: Total | BI23: =SUM(BI19:BI22) -> 181 | BJ23: =SUM(BJ19:BJ22) -> 91 | BK23: =SUM(BK19:BK22) -> 90 | BL23: =SUM(BL19:BL22) -> 115 | BM23: =BL23/BI23 -> 0.63535912 | BO23: =if(BA23>70%, IF(AND(AX23>$BO$3,BF23=1),"TP",IF(AND(AX23>$BO$3,BF23=0),"FP",IF(AND(AX23<$BO$3,BF23=0), "TN", "FN"))),"")
A24: DC | B24: Gerber Organic Puree Pouch in Mango 90 g x 4 | C24: Baby Essentials | D24: Baby Food | E24: Nestle UAE L.L.C | F24: 0 | G24: 35.97136 | H24: No | J24: 365 | Q24: =D24&"_"&R24 -> Baby Food_25+ | R24: =IF(G24<5,"0-5",IF(G24<10,"5-10",IF(G24<15,"10-15",IF(G24<20,"15-20",IF(G24<25,"20-25","25+"))))) -> 25+ | S24: {=XLOOKUP(B24,Availability!K:K,Availability!Q:Q)} -> Depth | T24: =If(OR(A24="DC",A24="Careem DC"),MAX(F24,150)/(60),MAX(F24,80)/(J24*0.5)) -> 2.5 | U24: {=iferror(XLOOKUP(Q24,'Refrence Data'!B:B,'Refrence Data'!W:W),"NA")} -> 1.252657 | V24: =IFERROR(IF(OR(T24=0,U24=0),0,IF(U24/T24>=1,100,IF(U24/T24>=0.75,75,IF(U24/T24>=0.5,50,IF(U24/T24>=0.25,25,0))))), "NA") -> 50 | X24: {=IFERROR(XLOOKUP(Q24,'Refrence Data'!B:B,'Refrence Data'!N:N),"NA")} -> 0.408729 | Y24: =IF(X24>0.8,"HIGH",IF(X24>0.5,"MEDIUM","LOW")) -> LOW | Z24: {=XLOOKUP(Q24,'Refrence Data'!B:B,'Refrence Data'!AG:AG)} -> 1.427557 | AA24: {=IFERROR(XLOOKUP(Q24,'Refrence Data'!B:B,'Refrence Data'!Y:Y),"NA")} -> 1.16513 | AB24: =IF(AA24<Z24*0.5,"Low","High") -> High | AC24: =S24 -> Depth | AD24: =Y24&AB24&AC24 -> LOWHighDepth | AE24: {=XLOOKUP(AD24,'Category Saturation'!A:A,'Category Saturation'!E:E)} -> 90 | AG24: {=iferror(XLOOKUP(Q24,'New Launch Success Rate'!A:A,'New Launch Success Rate'!F:F),"NA")} -> 0.375 | AH24: =if(OR(AG24="Not Applicable",AG24="NA"),"NA",IF(AG24<10%,0,IF(AG24<25%,25,IF(AG24<50%,50,IF(AG24<80%,75,100))))) -> 50 | AJ24: =if(AH24="NA",(V24*60%+AE24*40%),(V24*60%+AE24*30%+AH24*10%)) -> 62 | AL24: {=XLOOKUP(Q24,'Non Moving'!C:C,'Non Moving'!I:I)/100} -> 0.325 | AM24: =IF(AL24<0.05,100,IF(AL24<0.1,75,IF(AL24<0.25,50,0))) -> 0 | AN24: {=XLOOKUP(Q24,'Non Moving'!C:C,'Non Moving'!F:F)/100} -> 0.296 | AO24: =IF(AN24<0.05,100,IF(AN24<0.1,75,IF(AN24<0.25,50,0))) -> 0 | AQ24: =AM24*0.5+AO24*0.5 -> 0 | AS24: =IF(H24="Yes",100,0) -> 0 | AT24: {=iferror(XLOOKUP(I24,Monetization!A:A,Monetization!B:B),25)} -> 25 | AV24: =AS24*0.7+AT24*0.3 -> 7.5 | AX24: =AJ24*1+AQ24*0+AV24*0 -> 62 | AY24: =IF(AX24<25,"0-25",IF(AX24<50,"25-50",IF(AX24<75,"50-75","75-100"))) -> 50-75 | AZ24: =IF(AJ24<25,"0-25",IF(AJ24<50,"25-50",IF(AJ24<75,"50-75","75-100"))) -> 50-75 | BA24: {=iferror(XLOOKUP(B24,Availability!A:A,Availability!E:E),0%)} -> 0.7 | BB24: 1 | BC24: {=XLOOKUP(B24,ROS!C:C,ROS!O:O)} -> 0 | BD24: {=IFERROR(XLOOKUP(B24,ROS!Z:Z,ROS!AA:AA),0)} -> 0.42857143 | BE24: {=XLOOKUP(Q24,'Refrence Data'!B:B,'Refrence Data'!T:T)} -> 0.44359 | BF24: =IF(max(BD24,BC24)>max(min(BE24,T24),1),1,0) -> 0 | BG24: =if(BA24>70%, IF(AND(AJ24>$BO$3,BF24=1),"TP",IF(AND(AJ24>$BO$3,BF24=0),"FP",IF(AND(AJ24<$BO$3,BF24=0), "TN", "FN"))),"") | BO24: =if(BA24>70%, IF(AND(AX24>$BO$3,BF24=1),"TP",IF(AND(AX24>$BO$3,BF24=0),"FP",IF(AND(AX24<$BO$3,BF24=0), "TN", "FN"))),"")
A25: DC | B25: Cerelac Fruits Puree Pouch in Apple, Carrot & Mango Value Pack 90 g x 4 | C25: Baby Essentials | D25: Baby Food | E25: Nestle UAE L.L.C | F25: 0 | G25: 21.11123 | H25: No | J25: 365 | Q25: =D25&"_"&R25 -> Baby Food_20-25 | R25: =IF(G25<5,"0-5",IF(G25<10,"5-10",IF(G25<15,"10-15",IF(G25<20,"15-20",IF(G25<25,"20-25","25+"))))) -> 20-25 | S25: {=XLOOKUP(B25,Availability!K:K,Availability!Q:Q)} -> Depth | T25: =If(OR(A25="DC",A25="Careem DC"),MAX(F25,150)/(60),MAX(F25,80)/(J25*0.5)) -> 2.5 | U25: {=iferror(XLOOKUP(Q25,'Refrence Data'!B:B,'Refrence Data'!W:W),"NA")} -> 0.862399 | V25: =IFERROR(IF(OR(T25=0,U25=0),0,IF(U25/T25>=1,100,IF(U25/T25>=0.75,75,IF(U25/T25>=0.5,50,IF(U25/T25>=0.25,25,0))))), "NA") -> 25 | X25: {=IFERROR(XLOOKUP(Q25,'Refrence Data'!B:B,'Refrence Data'!N:N),"NA")} -> 0.63384 | Y25: =IF(X25>0.8,"HIGH",IF(X25>0.5,"MEDIUM","LOW")) -> MEDIUM | Z25: {=XLOOKUP(Q25,'Refrence Data'!B:B,'Refrence Data'!AG:AG)} -> 1.233604 | AA25: {=IFERROR(XLOOKUP(Q25,'Refrence Data'!B:B,'Refrence Data'!Y:Y),"NA")} -> 0.687925 | AB25: =IF(AA25<Z25*0.5,"Low","High") -> High | AC25: =S25 -> Depth | AD25: =Y25&AB25&AC25 -> MEDIUMHighDepth | AE25: {=XLOOKUP(AD25,'Category Saturation'!A:A,'Category Saturation'!E:E)} -> 60 | AG25: {=iferror(XLOOKUP(Q25,'New Launch Success Rate'!A:A,'New Launch Success Rate'!F:F),"NA")} -> 0.219 | AH25: =if(OR(AG25="Not Applicable",AG25="NA"),"NA",IF(AG25<10%,0,IF(AG25<25%,25,IF(AG25<50%,50,IF(AG25<80%,75,100))))) -> 25 | AJ25: =if(AH25="NA",(V25*60%+AE25*40%),(V25*60%+AE25*30%+AH25*10%)) -> 35.5 | AL25: {=XLOOKUP(Q25,'Non Moving'!C:C,'Non Moving'!I:I)/100} -> 0.333 | AM25: =IF(AL25<0.05,100,IF(AL25<0.1,75,IF(AL25<0.25,50,0))) -> 0 | AN25: {=XLOOKUP(Q25,'Non Moving'!C:C,'Non Moving'!F:F)/100} -> 0.2 | AO25: =IF(AN25<0.05,100,IF(AN25<0.1,75,IF(AN25<0.25,50,0))) -> 50 | AQ25: =AM25*0.5+AO25*0.5 -> 25 | AS25: =IF(H25="Yes",100,0) -> 0 | AT25: {=iferror(XLOOKUP(I25,Monetization!A:A,Monetization!B:B),25)} -> 25 | AV25: =AS25*0.7+AT25*0.3 -> 7.5 | AX25: =AJ25*1+AQ25*0+AV25*0 -> 35.5 | AY25: =IF(AX25<25,"0-25",IF(AX25<50,"25-50",IF(AX25<75,"50-75","75-100"))) -> 25-50 | AZ25: =IF(AJ25<25,"0-25",IF(AJ25<50,"25-50",IF(AJ25<75,"50-75","75-100"))) -> 25-50 | BA25: {=iferror(XLOOKUP(B25,Availability!A:A,Availability!E:E),0%)} -> 0.72 | BB25: 1 | BC25: {=XLOOKUP(B25,ROS!C:C,ROS!O:O)} -> 0 | BD25: {=IFERROR(XLOOKUP(B25,ROS!Z:Z,ROS!AA:AA),0)} -> 0.48571429 | BE25: {=XLOOKUP(Q25,'Refrence Data'!B:B,'Refrence Data'!T:T)} -> 0.072751 | BF25: =IF(max(BD25,BC25)>max(min(BE25,T25),1),1,0) -> 0 | BG25: =if(BA25>70%, IF(AND(AJ25>$BO$3,BF25=1),"TP",IF(AND(AJ25>$BO$3,BF25=0),"FP",IF(AND(AJ25<$BO$3,BF25=0), "TN", "FN"))),"") -> TN | BO25: =if(BA25>70%, IF(AND(AX25>$BO$3,BF25=1),"TP",IF(AND(AX25>$BO$3,BF25=0),"FP",IF(AND(AX25<$BO$3,BF25=0), "TN", "FN"))),"") -> TN
A26: DC | B26: Frio Natural Zero Cola 250 mL | C26: Beverages | D26: Soft Drinks | E26: Frio Beverages Trading | F26: 0 | G26: 5.127796 | H26: No | J26: 365 | Q26: =D26&"_"&R26 -> Soft Drinks_5-10 | R26: =IF(G26<5,"0-5",IF(G26<10,"5-10",IF(G26<15,"10-15",IF(G26<20,"15-20",IF(G26<25,"20-25","25+"))))) -> 5-10 | S26: {=XLOOKUP(B26,Availability!K:K,Availability!Q:Q)} -> Width | T26: =If(OR(A26="DC",A26="Careem DC"),MAX(F26,150)/(60),MAX(F26,80)/(J26*0.5)) -> 2.5 | U26: {=iferror(XLOOKUP(Q26,'Refrence Data'!B:B,'Refrence Data'!W:W),"NA")} -> 35.39388 | V26: =IFERROR(IF(OR(T26=0,U26=0),0,IF(U26/T26>=1,100,IF(U26/T26>=0.75,75,IF(U26/T26>=0.5,50,IF(U26/T26>=0.25,25,0))))), "NA") -> 100 | X26: {=IFERROR(XLOOKUP(Q26,'Refrence Data'!B:B,'Refrence Data'!N:N),"NA")} -> 0.744914 | Y26: =IF(X26>0.8,"HIGH",IF(X26>0.5,"MEDIUM","LOW")) -> MEDIUM | Z26: {=XLOOKUP(Q26,'Refrence Data'!B:B,'Refrence Data'!AG:AG)} -> 12.4719 | AA26: {=IFERROR(XLOOKUP(Q26,'Refrence Data'!B:B,'Refrence Data'!Y:Y),"NA")} -> 35.92567 | AB26: =IF(AA26<Z26*0.5,"Low","High") -> High | AC26: =S26 -> Width | AD26: =Y26&AB26&AC26 -> MEDIUMHighWidth | AE26: {=XLOOKUP(AD26,'Category Saturation'!A:A,'Category Saturation'!E:E)} -> 25 | AG26: {=iferror(XLOOKUP(Q26,'New Launch Success Rate'!A:A,'New Launch Success Rate'!F:F),"NA")} -> 0.833 | AH26: =if(OR(AG26="Not Applicable",AG26="NA"),"NA",IF(AG26<10%,0,IF(AG26<25%,25,IF(AG26<50%,50,IF(AG26<80%,75,100))))) -> 100 | AJ26: =if(AH26="NA",(V26*60%+AE26*40%),(V26*60%+AE26*30%+AH26*10%)) -> 77.5 | AL26: {=XLOOKUP(Q26,'Non Moving'!C:C,'Non Moving'!I:I)/100} -> 0.017 | AM26: =IF(AL26<0.05,100,IF(AL26<0.1,75,IF(AL26<0.25,50,0))) -> 100 | AN26: {=XLOOKUP(Q26,'Non Moving'!C:C,'Non Moving'!F:F)/100} -> 0.043 | AO26: =IF(AN26<0.05,100,IF(AN26<0.1,75,IF(AN26<0.25,50,0))) -> 100 | AQ26: =AM26*0.5+AO26*0.5 -> 100 | AS26: =IF(H26="Yes",100,0) -> 0 | AT26: {=iferror(XLOOKUP(I26,Monetization!A:A,Monetization!B:B),25)} -> 25 | AV26: =AS26*0.7+AT26*0.3 -> 7.5 | AX26: =AJ26*1+AQ26*0+AV26*0 -> 77.5 | AY26: =IF(AX26<25,"0-25",IF(AX26<50,"25-50",IF(AX26<75,"50-75","75-100"))) -> 75-100 | AZ26: =IF(AJ26<25,"0-25",IF(AJ26<50,"25-50",IF(AJ26<75,"50-75","75-100"))) -> 75-100 | BA26: {=iferror(XLOOKUP(B26,Availability!A:A,Availability!E:E),0%)} -> 0 | BB26: 1 | BC26: {=XLOOKUP(B26,ROS!C:C,ROS!O:O)} -> 0 | BD26: {=IFERROR(XLOOKUP(B26,ROS!Z:Z,ROS!AA:AA),0)} -> 0 | BE26: {=XLOOKUP(Q26,'Refrence Data'!B:B,'Refrence Data'!T:T)} -> 1 | BF26: =IF(max(BD26,BC26)>max(min(BE26,T26),1),1,0) -> 0 | BG26: =if(BA26>70%, IF(AND(AJ26>$BO$3,BF26=1),"TP",IF(AND(AJ26>$BO$3,BF26=0),"FP",IF(AND(AJ26<$BO$3,BF26=0), "TN", "FN"))),"") | BO26: =if(BA26>70%, IF(AND(AX26>$BO$3,BF26=1),"TP",IF(AND(AX26>$BO$3,BF26=0),"FP",IF(AND(AX26<$BO$3,BF26=0), "TN", "FN"))),"")
A27: Careem DC | B27: Peroni Nastro Azzurro 0.0% AR 330 mL | C27: Beverages | D27: Sober Sips & Mixers | E27: Drink Dry Beverages Trading LLC | F27: 0 | G27: 11.58147 | H27: Yes | J27: 365 | Q27: =D27&"_"&R27 -> Sober Sips & Mixers_10-15 | R27: =IF(G27<5,"0-5",IF(G27<10,"5-10",IF(G27<15,"10-15",IF(G27<20,"15-20",IF(G27<25,"20-25","25+"))))) -> 10-15 | S27: {=XLOOKUP(B27,Availability!K:K,Availability!Q:Q)} -> Depth | T27: =If(OR(A27="DC",A27="Careem DC"),MAX(F27,150)/(60),MAX(F27,80)/(J27*0.5)) -> 2.5 | U27: {=iferror(XLOOKUP(Q27,'Refrence Data'!B:B,'Refrence Data'!W:W),"NA")} -> 5.927473 | V27: =IFERROR(IF(OR(T27=0,U27=0),0,IF(U27/T27>=1,100,IF(U27/T27>=0.75,75,IF(U27/T27>=0.5,50,IF(U27/T27>=0.25,25,0))))), "NA") -> 100 | X27: {=IFERROR(XLOOKUP(Q27,'Refrence Data'!B:B,'Refrence Data'!N:N),"NA")} -> 0.831928 | Y27: =IF(X27>0.8,"HIGH",IF(X27>0.5,"MEDIUM","LOW")) -> HIGH | Z27: {=XLOOKUP(Q27,'Refrence Data'!B:B,'Refrence Data'!AG:AG)} -> 13.01381 | AA27: {=IFERROR(XLOOKUP(Q27,'Refrence Data'!B:B,'Refrence Data'!Y:Y),"NA")} -> 14.6846 | AB27: =IF(AA27<Z27*0.5,"Low","High") -> High | AC27: =S27 -> Depth | AD27: =Y27&AB27&AC27 -> HIGHHighDepth | AE27: {=XLOOKUP(AD27,'Category Saturation'!A:A,'Category Saturation'!E:E)} -> 0 | AG27: {=iferror(XLOOKUP(Q27,'New Launch Success Rate'!A:A,'New Launch Success Rate'!F:F),"NA")} -> 0.34125 | AH27: =if(OR(AG27="Not Applicable",AG27="NA"),"NA",IF(AG27<10%,0,IF(AG27<25%,25,IF(AG27<50%,50,IF(AG27<80%,75,100))))) -> 50 | AJ27: =if(AH27="NA",(V27*60%+AE27*40%),(V27*60%+AE27*30%+AH27*10%)) -> 65 | AL27: {=XLOOKUP(Q27,'Non Moving'!C:C,'Non Moving'!I:I)/100} -> 0.15 | AM27: =IF(AL27<0.05,100,IF(AL27<0.1,75,IF(AL27<0.25,50,0))) -> 50 | AN27: {=XLOOKUP(Q27,'Non Moving'!C:C,'Non Moving'!F:F)/100} -> 0.279 | AO27: =IF(AN27<0.05,100,IF(AN27<0.1,75,IF(AN27<0.25,50,0))) -> 0 | AQ27: =AM27*0.5+AO27*0.5 -> 25 | AS27: =IF(H27="Yes",100,0) -> 100 | AT27: {=iferror(XLOOKUP(I27,Monetization!A:A,Monetization!B:B),25)} -> 25 | AV27: =AS27*0.7+AT27*0.3 -> 77.5 | AX27: =AJ27*1+AQ27*0+AV27*0 -> 65 | AY27: =IF(AX27<25,"0-25",IF(AX27<50,"25-50",IF(AX27<75,"50-75","75-100"))) -> 50-75 | AZ27: =IF(AJ27<25,"0-25",IF(AJ27<50,"25-50",IF(AJ27<75,"50-75","75-100"))) -> 50-75 | BA27: {=iferror(XLOOKUP(B27,Availability!A:A,Availability!E:E),0%)} -> 0.67 | BB27: 1 | BC27: {=XLOOKUP(B27,ROS!C:C,ROS!O:O)} -> 12.37091 | BD27: {=IFERROR(XLOOKUP(B27,ROS!Z:Z,ROS!AA:AA),0)} -> 12.021312 | BE27: {=XLOOKUP(Q27,'Refrence Data'!B:B,'Refrence Data'!T:T)} -> 0.929669 | BF27: =IF(max(BD27,BC27)>max(min(BE27,T27),1),1,0) -> 1 | BG27: =if(BA27>70%, IF(AND(AJ27>$BO$3,BF27=1),"TP",IF(AND(AJ27>$BO$3,BF27=0),"FP",IF(AND(AJ27<$BO$3,BF27=0), "TN", "FN"))),"") | BO27: =if(BA27>70%, IF(AND(AX27>$BO$3,BF27=1),"TP",IF(AND(AX27>$BO$3,BF27=0),"FP",IF(AND(AX27<$BO$3,BF27=0), "TN", "FN"))),"")
A28: DC | B28: Gorilla Ultimate Original Energy Drink 500 mL | C28: Beverages | D28: Sports & Energy Drinks | E28: GORILLA GENERAL TRADING L.L.C S.O.C | F28: 0 | G28: 11.04016 | H28: No | J28: 730 | Q28: =D28&"_"&R28 -> Sports & Energy Drinks_10-15 | R28: =IF(G28<5,"0-5",IF(G28<10,"5-10",IF(G28<15,"10-15",IF(G28<20,"15-20",IF(G28<25,"20-25","25+"))))) -> 10-15 | S28: {=XLOOKUP(B28,Availability!K:K,Availability!Q:Q)} -> Width | T28: =If(OR(A28="DC",A28="Careem DC"),MAX(F28,150)/(60),MAX(F28,80)/(J28*0.5)) -> 2.5 | U28: {=iferror(XLOOKUP(Q28,'Refrence Data'!B:B,'Refrence Data'!W:W),"NA")} -> 4.222293 | V28: =IFERROR(IF(OR(T28=0,U28=0),0,IF(U28/T28>=1,100,IF(U28/T28>=0.75,75,IF(U28/T28>=0.5,50,IF(U28/T28>=0.25,25,0))))), "NA") -> 100 | X28: {=IFERROR(XLOOKUP(Q28,'Refrence Data'!B:B,'Refrence Data'!N:N),"NA")} -> 0.750284 | Y28: =IF(X28>0.8,"HIGH",IF(X28>0.5,"MEDIUM","LOW")) -> MEDIUM | Z28: {=XLOOKUP(Q28,'Refrence Data'!B:B,'Refrence Data'!AG:AG)} -> 13.01381 | AA28: {=IFERROR(XLOOKUP(Q28,'Refrence Data'!B:B,'Refrence Data'!Y:Y),"NA")} -> 13.01381 | AB28: =IF(AA28<Z28*0.5,"Low","High") -> High | AC28: =S28 -> Width | AD28: =Y28&AB28&AC28 -> MEDIUMHighWidth | AE28: {=XLOOKUP(AD28,'Category Saturation'!A:A,'Category Saturation'!E:E)} -> 25 | AG28: {=iferror(XLOOKUP(Q28,'New Launch Success Rate'!A:A,'New Launch Success Rate'!F:F),"NA")} -> 0.8 | AH28: =if(OR(AG28="Not Applicable",AG28="NA"),"NA",IF(AG28<10%,0,IF(AG28<25%,25,IF(AG28<50%,50,IF(AG28<80%,75,100))))) -> 100 | AJ28: =if(AH28="NA",(V28*60%+AE28*40%),(V28*60%+AE28*30%+AH28*10%)) -> 77.5 | AL28: {=XLOOKUP(Q28,'Non Moving'!C:C,'Non Moving'!I:I)/100} -> 0.048 | AM28: =IF(AL28<0.05,100,IF(AL28<0.1,75,IF(AL28<0.25,50,0))) -> 100 | AN28: {=XLOOKUP(Q28,'Non Moving'!C:C,'Non Moving'!F:F)/100} -> 0.093 | AO28: =IF(AN28<0.05,100,IF(AN28<0.1,75,IF(AN28<0.25,50,0))) -> 75 | AQ28: =AM28*0.5+AO28*0.5 -> 87.5 | AS28: =IF(H28="Yes",100,0) -> 0 | AT28: {=iferror(XLOOKUP(I28,Monetization!A:A,Monetization!B:B),25)} -> 25 | AV28: =AS28*0.7+AT28*0.3 -> 7.5 | AX28: =AJ28*1+AQ28*0+AV28*0 -> 77.5 | AY28: =IF(AX28<25,"0-25",IF(AX28<50,"25-50",IF(AX28<75,"50-75","75-100"))) -> 75-100 | AZ28: =IF(AJ28<25,"0-25",IF(AJ28<50,"25-50",IF(AJ28<75,"50-75","75-100"))) -> 75-100 | BA28: {=iferror(XLOOKUP(B28,Availability!A:A,Availability!E:E),0%)} -> 0.9 | BB28: 1 | BC28: {=XLOOKUP(B28,ROS!C:C,ROS!O:O)} -> 6.735181 | BD28: {=IFERROR(XLOOKUP(B28,ROS!Z:Z,ROS!AA:AA),0)} -> 7.0398463 | BE28: {=XLOOKUP(Q28,'Refrence Data'!B:B,'Refrence Data'!T:T)} -> 1.72619 | BF28: =IF(max(BD28,BC28)>max(min(BE28,T28),1),1,0) -> 1 | BG28: =if(BA28>70%, IF(AND(AJ28>$BO$3,BF28=1),"TP",IF(AND(AJ28>$BO$3,BF28=0),"FP",IF(AND(AJ28<$BO$3,BF28=0), "TN", "FN"))),"") -> TP | BO28: =if(BA28>70%, IF(AND(AX28>$BO$3,BF28=1),"TP",IF(AND(AX28>$BO$3,BF28=0),"FP",IF(AND(AX28<$BO$3,BF28=0), "TN", "FN"))),"") -> TP
A29: DC | B29: Gorilla Ultimate Mango Coconut Energy Drink 500 mL | C29: Beverages | D29: Sports & Energy Drinks | E29: GORILLA GENERAL TRADING L.L.C S.O.C | F29: 12 | G29: 9.22752 | H29: No | J29: 547 | Q29: =D29&"_"&R29 -> Sports & Energy Drinks_5-10 | R29: =IF(G29<5,"0-5",IF(G29<10,"5-10",IF(G29<15,"10-15",IF(G29<20,"15-20",IF(G29<25,"20-25","25+"))))) -> 5-10 | S29: {=XLOOKUP(B29,Availability!K:K,Availability!Q:Q)} -> Width | T29: =If(OR(A29="DC",A29="Careem DC"),MAX(F29,150)/(60),MAX(F29,80)/(J29*0.5)) -> 2.5 | U29: {=iferror(XLOOKUP(Q29,'Refrence Data'!B:B,'Refrence Data'!W:W),"NA")} -> 30.14317 | V29: =IFERROR(IF(OR(T29=0,U29=0),0,IF(U29/T29>=1,100,IF(U29/T29>=0.75,75,IF(U29/T29>=0.5,50,IF(U29/T29>=0.25,25,0))))), "NA") -> 100 | X29: {=IFERROR(XLOOKUP(Q29,'Refrence Data'!B:B,'Refrence Data'!N:N),"NA")} -> 0.595791 | Y29: =IF(X29>0.8,"HIGH",IF(X29>0.5,"MEDIUM","LOW")) -> MEDIUM | Z29: {=XLOOKUP(Q29,'Refrence Data'!B:B,'Refrence Data'!AG:AG)} -> 12.4719 | AA29: {=IFERROR(XLOOKUP(Q29,'Refrence Data'!B:B,'Refrence Data'!Y:Y),"NA")} -> 42.79915 | AB29: =IF(AA29<Z29*0.5,"Low","High") -> High | AC29: =S29 -> Width | AD29: =Y29&AB29&AC29 -> MEDIUMHighWidth | AE29: {=XLOOKUP(AD29,'Category Saturation'!A:A,'Category Saturation'!E:E)} -> 25 | AG29: {=iferror(XLOOKUP(Q29,'New Launch Success Rate'!A:A,'New Launch Success Rate'!F:F),"NA")} -> 0.35025 | AH29: =if(OR(AG29="Not Applicable",AG29="NA"),"NA",IF(AG29<10%,0,IF(AG29<25%,25,IF(AG29<50%,50,IF(AG29<80%,75,100))))) -> 50 | AJ29: =if(AH29="NA",(V29*60%+AE29*40%),(V29*60%+AE29*30%+AH29*10%)) -> 72.5 | AL29: {=XLOOKUP(Q29,'Non Moving'!C:C,'Non Moving'!I:I)/100} -> 0.006 | AM29: =IF(AL29<0.05,100,IF(AL29<0.1,75,IF(AL29<0.25,50,0))) -> 100 | AN29: {=XLOOKUP(Q29,'Non Moving'!C:C,'Non Moving'!F:F)/100} -> 0.029 | AO29: =IF(AN29<0.05,100,IF(AN29<0.1,75,IF(AN29<0.25,50,0))) -> 100 | AQ29: =AM29*0.5+AO29*0.5 -> 100 | AS29: =IF(H29="Yes",100,0) -> 0 | AT29: {=iferror(XLOOKUP(I29,Monetization!A:A,Monetization!B:B),25)} -> 25 | AV29: =AS29*0.7+AT29*0.3 -> 7.5 | AX29: =AJ29*1+AQ29*0+AV29*0 -> 72.5 | AY29: =IF(AX29<25,"0-25",IF(AX29<50,"25-50",IF(AX29<75,"50-75","75-100"))) -> 50-75 | AZ29: =IF(AJ29<25,"0-25",IF(AJ29<50,"25-50",IF(AJ29<75,"50-75","75-100"))) -> 50-75 | BA29: {=iferror(XLOOKUP(B29,Availability!A:A,Availability!E:E),0%)} -> 0.97 | BB29: 1 | BC29: {=XLOOKUP(B29,ROS!C:C,ROS!O:O)} -> 16.9917 | BD29: {=IFERROR(XLOOKUP(B29,ROS!Z:Z,ROS!AA:AA),0)} -> 12.992524 | BE29: {=XLOOKUP(Q29,'Refrence Data'!B:B,'Refrence Data'!T:T)} -> 4.426873 | BF29: =IF(max(BD29,BC29)>max(min(BE29,T29),1),1,0) -> 1 | BG29: =if(BA29>70%, IF(AND(AJ29>$BO$3,BF29=1),"TP",IF(AND(AJ29>$BO$3,BF29=0),"FP",IF(AND(AJ29<$BO$3,BF29=0), "TN", "FN"))),"") -> TP | BO29: =if(BA29>70%, IF(AND(AX29>$BO$3,BF29=1),"TP",IF(AND(AX29>$BO$3,BF29=0),"FP",IF(AND(AX29<$BO$3,BF29=0), "TN", "FN"))),"") -> TP
